channel_key,device_name,logical_name,online_channel_num,center_frequency,record_count,time_start,time_end,power_mean,power_median,power_min,power_max,power_std,power_range,power_last,power_drift_status,low_power_status,power_status,drift_risk_score,low_power_risk_score,power_risk_score,recommended_check
18|/D1/OA-W/IGR_OCM|4|191400,18,/D1/OA-W/IGR_OCM,4,191400,344,2000-01-01 00:00:00,2000-01-15 07:00:00,6.054651162790698,8.51,2.31,9.22,2.8314695306555415,6.91,3.01,Critical,Normal,Critical,100.0,83.08605341246292,100.0,"OCH power is in the extreme dataset range. Prioritize checking optical channel power, EDFA behavior, connector/patching and channel path."
18|/D1/OA-W/IGR_OCM|4|191800,18,/D1/OA-W/IGR_OCM,4,191800,344,2000-01-01 00:00:00,2000-01-15 07:00:00,6.347674418604651,8.585,2.65,9.49,2.64165485037281,6.84,3.56,Critical,Normal,Critical,99.92581602373886,77.48516320474778,99.93,"OCH power is in the extreme dataset range. Prioritize checking optical channel power, EDFA behavior, connector/patching and channel path."
29|/TO_WEST_OCM|11|193100,29,/TO_WEST_OCM,11,193100,163,2000-01-08 13:00:00,2000-01-15 07:00:00,1.5490184049815952,1.71,-2.149999999,2.83,1.0064398900450444,4.979999999,2.61,Warning,Critical,Critical,94.95548961424333,99.92581602373886,99.93,"OCH power is in the extreme dataset range. Prioritize checking optical channel power, EDFA behavior, connector/patching and channel path."
18|/D1/OA-W/IGR_OCM|4|191600,18,/D1/OA-W/IGR_OCM,4,191600,344,2000-01-01 00:00:00,2000-01-15 07:00:00,5.641017441860465,7.92,2.08,8.7,2.695014479261043,6.619999999999999,2.67,Critical,Normal,Critical,99.85163204747775,86.49851632047478,99.85,"OCH power is in the extreme dataset range. Prioritize checking optical channel power, EDFA behavior, connector/patching and channel path."
33|/TO_WEST_OCM|11|193100,33,/TO_WEST_OCM,11,193100,163,2000-01-08 13:00:00,2000-01-15 07:00:00,1.9290797546441716,1.96,-1.599999999,3.06,0.8428572873824624,4.659999999,3.02,Warning,Critical,Critical,93.99109792284867,99.85163204747775,99.85,"OCH power is in the extreme dataset range. Prioritize checking optical channel power, EDFA behavior, connector/patching and channel path."
14|/TO_EAST_OCM|4|191400,14,/TO_EAST_OCM,4,191400,344,2000-01-01 00:00:00,2000-01-15 07:00:00,7.179554896921511,9.440577504,3.760390299,10.11426726,2.626394603218919,6.353876961,4.340249479,Critical,Normal,Critical,99.77744807121661,44.13946587537092,99.78,"OCH power is in the extreme dataset range. Prioritize checking optical channel power, EDFA behavior, connector/patching and channel path."
43|/TO_WEST_OCM|11|196100,43,/TO_WEST_OCM,11,196100,163,2000-01-08 13:00:00,2000-01-15 07:00:00,-1.005644170779141,-0.979999999,-1.309999999,-0.719999999,0.1259974368238992,0.59,-1.059999999,Normal,Critical,Critical,59.19881305637982,99.77744807121661,99.78,"OCH power is in the extreme dataset range. Prioritize checking optical channel power, EDFA behavior, connector/patching and channel path."
18|/D1/OA-W/IGR_OCM|4|191500,18,/D1/OA-W/IGR_OCM,4,191500,344,2000-01-01 00:00:00,2000-01-15 07:00:00,5.628023255813954,7.955,2.33,8.56,2.6913197342556727,6.23,2.62,Critical,Normal,Critical,99.70326409495549,82.71513353115726,99.7,"OCH power is in the extreme dataset range. Prioritize checking optical channel power, EDFA behavior, connector/patching and channel path."
31|/TO_WEST_OCM|11|193500,31,/TO_WEST_OCM,11,193500,163,2000-01-08 13:00:00,2000-01-15 07:00:00,1.1995538575398772,1.115687754,-1.264331073,2.35890712,0.7220853735574384,3.6232381929999997,2.288108186,Warning,Critical,Critical,91.32047477744807,99.70326409495549,99.7,"OCH power is in the extreme dataset range. Prioritize checking optical channel power, EDFA behavior, connector/patching and channel path."
15|/TO_EAST_OCM|4|191400,15,/TO_EAST_OCM,4,191400,344,2000-01-01 00:00:00,2000-01-15 07:00:00,6.892107687113372,9.052165096,3.51266565,9.735237385,2.523951497252678,6.222571734999999,4.054384488,Critical,Normal,Critical,99.62908011869436,52.596439169139465,99.63,"OCH power is in the extreme dataset range. Prioritize checking optical channel power, EDFA behavior, connector/patching and channel path."
35|/TO_WEST_OCM|11|193500,35,/TO_WEST_OCM,11,193500,163,2000-01-08 13:00:00,2000-01-15 07:00:00,1.2599798365030674,1.196145317,-1.054660294,2.4642917,0.8008049178085366,3.518951994,2.398594295,Warning,Critical,Critical,91.0979228486647,99.62908011869436,99.63,"OCH power is in the extreme dataset range. Prioritize checking optical channel power, EDFA behavior, connector/patching and channel path."
16|/TO_EAST_OCM|4|191400,16,/TO_EAST_OCM,4,191400,344,2000-01-01 00:00:00,2000-01-15 07:00:00,7.487903000177325,9.619358377,4.116542003,10.29199298,2.4831962269417143,6.175450977,4.677360394,Critical,Normal,Critical,99.55489614243324,33.01186943620178,99.55,"OCH power is in the extreme dataset range. Prioritize checking optical channel power, EDFA behavior, connector/patching and channel path."
27|/TO_WEST_OCM|11|193500,27,/TO_WEST_OCM,11,193500,163,2000-01-08 13:00:00,2000-01-15 07:00:00,1.3717650388895706,1.256825655,-1.024548554,2.509235271,0.5557056909394061,3.533783825,2.380650377,Warning,Critical,Critical,91.17210682492582,99.55489614243324,99.55,"OCH power is in the extreme dataset range. Prioritize checking optical channel power, EDFA behavior, connector/patching and channel path."
17|/TO_EAST_OCM|4|191400,17,/TO_EAST_OCM,4,191400,344,2000-01-01 00:00:00,2000-01-15 07:00:00,6.685980357543604,8.820136019500001,3.39825725,9.535356304,2.495633902651273,6.137099054,3.940560296,Critical,Normal,Critical,99.4807121661721,56.602373887240354,99.48,"OCH power is in the extreme dataset range. Prioritize checking optical channel power, EDFA behavior, connector/patching and channel path."
44|/TO_WEST_OCM|11|196100,44,/TO_WEST_OCM,11,196100,163,2000-01-08 13:00:00,2000-01-15 07:00:00,-0.6519631896564417,-0.629999999,-1.019999999,-0.36,0.15101655044363077,0.659999999,-0.61,Normal,Critical,Critical,63.4272997032641,99.4807121661721,99.48,"OCH power is in the extreme dataset range. Prioritize checking optical channel power, EDFA behavior, connector/patching and channel path."
14|/TO_EAST_OCM|4|191800,14,/TO_EAST_OCM,4,191800,344,2000-01-01 00:00:00,2000-01-15 07:00:00,7.6725899636162795,9.771487065999999,4.387211559,10.46758662,2.4417075281862184,6.080375061000001,4.944946322,Critical,Normal,Critical,99.40652818991099,23.367952522255198,99.41,"OCH power is in the extreme dataset range. Prioritize checking optical channel power, EDFA behavior, connector/patching and channel path."
41|/TO_WEST_OCM|11|196100,41,/TO_WEST_OCM,11,196100,163,2000-01-08 13:00:00,2000-01-15 07:00:00,-0.639325152797546,-0.639999999,-0.989999999,-0.35,0.11583901538006977,0.639999999,-0.709999999,Normal,Critical,Critical,62.53709198813057,99.40652818991099,99.41,"OCH power is in the extreme dataset range. Prioritize checking optical channel power, EDFA behavior, connector/patching and channel path."
14|/TO_EAST_OCM|4|191600,14,/TO_EAST_OCM,4,191600,344,2000-01-01 00:00:00,2000-01-15 07:00:00,7.050628542976745,9.1793925465,3.805123292,9.871575774,2.4869866836269705,6.066452482,4.334384488,Critical,Normal,Critical,99.33234421364985,42.655786350148375,99.33,"OCH power is in the extreme dataset range. Prioritize checking optical channel power, EDFA behavior, connector/patching and channel path."
48|/TO_EAST_OCM|11|196100,48,/TO_EAST_OCM,11,196100,163,2000-01-08 13:00:00,2000-01-15 07:00:00,-0.4632515335030675,-0.46,-0.939999999,-0.09,0.1812776444418446,0.849999999,-0.58,Normal,Critical,Critical,69.95548961424333,99.33234421364985,99.33,"OCH power is in the extreme dataset range. Prioritize checking optical channel power, EDFA behavior, connector/patching and channel path."
16|/TO_EAST_OCM|4|191800,16,/TO_EAST_OCM,4,191800,344,2000-01-01 00:00:00,2000-01-15 07:00:00,7.621010762392443,9.5644235405,4.38659545,10.32331223,2.2898215230428547,5.936716780000001,5.202737728,Critical,Normal,Critical,99.25816023738872,23.51632047477745,99.26,"OCH power is in the extreme dataset range. Prioritize checking optical channel power, EDFA behavior, connector/patching and channel path."
37|/TO_WEST_OCM|11|193500,37,/TO_WEST_OCM,11,193500,163,2000-01-08 13:00:00,2000-01-15 07:00:00,1.3227414908588957,1.450067891,-0.845174492,2.751142296,0.977121581837677,3.5963167879999998,2.691723861,Warning,Critical,Critical,91.24629080118694,99.25816023738872,99.26,"OCH power is in the extreme dataset range. Prioritize checking optical channel power, EDFA behavior, connector/patching and channel path."
17|/TO_EAST_OCM|4|191600,17,/TO_EAST_OCM,4,191600,344,2000-01-01 00:00:00,2000-01-15 07:00:00,6.262931538290697,8.248981797999999,3.014764938,8.946689248,2.3435824191628885,5.93192431,3.827388158,Critical,Normal,Critical,99.1839762611276,68.47181008902076,99.18,"OCH power is in the extreme dataset range. Prioritize checking optical channel power, EDFA behavior, connector/patching and channel path."
53|/TO_EAST_OCM|11|196100,53,/TO_EAST_OCM,11,196100,163,2000-01-08 13:00:00,2000-01-15 07:00:00,-0.28748466253374233,-0.28,-0.769999999,0.06,0.17641611698756593,0.829999999,-0.36,Normal,Critical,Critical,69.58456973293768,99.1839762611276,99.18,"OCH power is in the extreme dataset range. Prioritize checking optical channel power, EDFA behavior, connector/patching and channel path."
13|/D1/OA-W/IGR_OCM|4|191400,13,/D1/OA-W/IGR_OCM,4,191400,344,2000-01-01 00:00:00,2000-01-15 07:00:00,6.006046511627907,7.98,2.79,8.72,2.319235210763445,5.930000000000001,3.58,Critical,Normal,Critical,99.10979228486647,74.10979228486647,99.11,"OCH power is in the extreme dataset range. Prioritize checking optical channel power, EDFA behavior, connector/patching and channel path."
24|/TO_WEST_OCM|11|193100,24,/TO_WEST_OCM,11,193100,163,2000-01-08 13:00:00,2000-01-15 07:00:00,2.932883435588957,3.03,-0.659999999,4.03,0.8132185133665114,4.689999999,3.79,Warning,Critical,Critical,94.21364985163204,99.10979228486647,99.11,"OCH power is in the extreme dataset range. Prioritize checking optical channel power, EDFA behavior, connector/patching and channel path."
15|/TO_EAST_OCM|4|191600,15,/TO_EAST_OCM,4,191600,344,2000-01-01 00:00:00,2000-01-15 07:00:00,6.575859764581396,8.615675897,3.342545844,9.270517781,2.382064114922011,5.927971937000001,3.877546772,Critical,Normal,Critical,99.03560830860533,58.382789317507424,99.04,"OCH power is in the extreme dataset range. Prioritize checking optical channel power, EDFA behavior, connector/patching and channel path."
42|/TO_WEST_OCM|11|196100,42,/TO_WEST_OCM,11,196100,163,2000-01-08 13:00:00,2000-01-15 07:00:00,-0.3246012269877301,-0.32,-0.629999999,-0.04,0.11784193952394115,0.589999999,-0.32,Normal,Critical,Critical,58.976261127596445,99.03560830860533,99.04,"OCH power is in the extreme dataset range. Prioritize checking optical channel power, EDFA behavior, connector/patching and channel path."
47|/TO_WEST_OCM|11|196100,47,/TO_WEST_OCM,11,196100,163,2000-01-08 13:00:00,2000-01-15 07:00:00,-0.3175460122638037,-0.32,-0.619999999,-0.07,0.0946735262350147,0.549999999,-0.24,Normal,Critical,Critical,57.49258160237388,98.96142433234422,98.96,"OCH power is in the extreme dataset range. Prioritize checking optical channel power, EDFA behavior, connector/patching and channel path."
43|/TO_WEST_OCM|11|194400,43,/TO_WEST_OCM,11,194400,163,2000-01-08 13:00:00,2000-01-15 07:00:00,1.9948203125582822,1.996145317,1.835952487,2.154959409,0.06106018631645384,0.319006922,1.95992067,Normal,Normal,Normal,37.611275964391695,89.91097922848664,89.91,OCH power behavior is within the normal dataset distribution.
6|/TO_WEST_OCM|4|191600,6,/TO_WEST_OCM,4,191600,344,2000-01-01 00:00:00,2000-01-15 07:00:00,2.919249804854651,2.578427002,1.903037959,4.115340224,0.697463924009668,2.212302265,3.400533094,Normal,Normal,Normal,89.91097922848664,88.94658753709199,89.91,OCH power behavior is within the normal dataset distribution.
11|/TO_WEST_OCM|4|191900,11,/TO_WEST_OCM,4,191900,344,2000-01-01 00:00:00,2000-01-15 07:00:00,4.337219002409884,4.621426308,3.441401891,5.652697987,0.6785707891522414,2.211296096,3.651405122,Normal,Normal,Normal,89.83679525222553,54.45103857566765,89.84,OCH power behavior is within the normal dataset distribution.
22|/TO_WEST_OCM|11|193800,22,/TO_WEST_OCM,11,193800,163,2000-01-08 13:00:00,2000-01-15 07:00:00,3.08614089801227,3.061834909,2.181103621,4.346825655,0.5927638711888568,2.165722034,3.777446074,Normal,Normal,Normal,89.76261127596439,84.6439169139466,89.76,OCH power behavior is within the normal dataset distribution.
52|/TO_EAST_OCM|11|193800,52,/TO_EAST_OCM,11,193800,163,2000-01-08 13:00:00,2000-01-15 07:00:00,2.179475806398773,2.168595405,1.844652924,2.505687754,0.14825375585029152,0.6610348300000002,2.04183491,Normal,Normal,Normal,63.724035608308604,89.76261127596439,89.76,OCH power behavior is within the normal dataset distribution.
38|/TO_WEST_OCM|11|193800,38,/TO_WEST_OCM,11,193800,163,2000-01-08 13:00:00,2000-01-15 07:00:00,2.7884701333312885,2.610650377,1.853735559,3.627570105,0.6575028117825057,1.7738345460000002,3.561424274,Normal,Normal,Normal,84.1246290801187,89.68842729970326,89.69,OCH power behavior is within the normal dataset distribution.
21|/TO_WEST_OCM|11|193500,21,/TO_WEST_OCM,11,193500,163,2000-01-08 13:00:00,2000-01-15 07:00:00,2.719521862337423,2.606125474,1.859666207,3.826939058,0.5029943185022825,1.9672728509999997,3.721142296,Normal,Normal,Normal,88.05637982195846,89.61424332344214,89.61,OCH power behavior is within the normal dataset distribution.
6|/TO_WEST_OCM|4|191800,6,/TO_WEST_OCM,4,191800,344,2000-01-01 00:00:00,2000-01-15 07:00:00,3.2524027887936047,2.9235854175,2.250084637,4.386210067,0.6820321810898514,2.1361254300000003,3.683655215,Normal,Normal,Normal,89.61424332344214,83.75370919881306,89.61,OCH power behavior is within the normal dataset distribution.
19|/D1/OA-W/IGR_OCM|11|196100,19,/D1/OA-W/IGR_OCM,11,196100,163,2000-01-08 13:00:00,2000-01-15 07:00:00,2.335521472392638,2.36,1.86,2.62,0.15561964304522288,0.76,2.39,Normal,Normal,Normal,67.80415430267063,89.54005934718101,89.54,OCH power behavior is within the normal dataset distribution.
24|/TO_WEST_OCM|11|192400,24,/TO_WEST_OCM,11,192400,163,2000-01-08 13:00:00,2000-01-15 07:00:00,3.127361963190184,3.06,2.2,4.29,0.5211251220822672,2.09,4.13,Normal,Normal,Normal,89.46587537091987,84.42136498516321,89.47,OCH power behavior is within the normal dataset distribution.
25|/TO_WEST_OCM|11|193500,25,/TO_WEST_OCM,11,193500,163,2000-01-08 13:00:00,2000-01-15 07:00:00,2.668978271582822,2.505469677,1.867997858,3.746059786,0.49332609372514546,1.878061928,3.674858381,Normal,Normal,Normal,86.12759643916914,89.46587537091987,89.47,OCH power behavior is within the normal dataset distribution.
53|/TO_EAST_OCM|11|193800,53,/TO_EAST_OCM,11,193800,163,2000-01-08 13:00:00,2000-01-15 07:00:00,2.1565607560920244,2.154348625,1.874348625,2.501103621,0.1445577074718579,0.6267549959999998,2.037689791,Normal,Normal,Normal,61.79525222551929,89.39169139465875,89.39,OCH power behavior is within the normal dataset distribution.
5|/TO_WEST_OCM|4|191800,5,/TO_WEST_OCM,4,191800,344,2000-01-01 00:00:00,2000-01-15 07:00:00,3.7870302330813956,3.5442550725,2.865383935,4.945744599,0.5722811087171118,2.080360664,4.164384488,Normal,Normal,Normal,89.39169139465875,72.47774480712165,89.39,OCH power behavior is within the normal dataset distribution.
25|/TO_WEST_OCM|11|196100,25,/TO_WEST_OCM,11,196100,163,2000-01-08 13:00:00,2000-01-15 07:00:00,2.3264417177914107,2.31,1.88,2.8,0.26431294812244654,0.9199999999999999,2.71,Normal,Normal,Normal,73.07121661721068,89.2433234421365,89.24,OCH power behavior is within the normal dataset distribution.
34|/TO_EAST_OCM|11|196100,34,/TO_EAST_OCM,11,196100,163,2000-01-08 13:00:00,2000-01-15 07:00:00,2.326503067484663,2.35,1.88,2.7,0.2098427798960044,0.8200000000000003,2.04,Normal,Normal,Normal,69.43620178041543,89.2433234421365,89.24,OCH power behavior is within the normal dataset distribution.
38|/TO_EAST_OCM|11|193500,38,/TO_EAST_OCM,11,193500,163,2000-01-08 13:00:00,2000-01-15 07:00:00,2.4927484781963187,2.555469677,1.881142296,2.750605422,0.20874810788448722,0.8694631260000001,2.595687754,Normal,Normal,Normal,70.99406528189911,89.09495548961425,89.09,OCH power behavior is within the normal dataset distribution.
49|/TO_EAST_OCM|11|194400,49,/TO_EAST_OCM,11,194400,163,2000-01-08 13:00:00,2000-01-15 07:00:00,2.118250412472393,2.132242244,1.889191341,2.296145317,0.09590053788103753,0.40695397600000005,1.940988238,Normal,Normal,Normal,47.32937685459941,89.02077151335311,89.02,OCH power behavior is within the normal dataset distribution.
5|/TO_WEST_OCM|4|191600,5,/TO_WEST_OCM,4,191600,344,2000-01-01 00:00:00,2000-01-15 07:00:00,3.3702073284040694,3.1003337025,2.486048866,4.49922012,0.5943582211052699,2.0131712540000004,3.825211099,Normal,Normal,Normal,89.02077151335311,79.89614243323442,89.02,OCH power behavior is within the normal dataset distribution.
19|/D2/OA-W/IGR_OCM|11|193500,19,/D2/OA-W/IGR_OCM,11,193500,163,2000-01-08 13:00:00,2000-01-15 07:00:00,2.860368098159509,2.71,2.01,4.02,0.5059606308435908,2.01,4.0,Normal,Normal,Normal,88.94658753709199,87.0919881305638,88.95,OCH power behavior is within the normal dataset distribution.
47|/TO_EAST_OCM|11|193800,47,/TO_EAST_OCM,11,193800,163,2000-01-08 13:00:00,2000-01-15 07:00:00,2.159230288803681,2.126476925,1.912473413,2.403292642,0.12459009051379147,0.49081922899999975,2.112860493,Normal,Normal,Normal,54.154302670623146,88.87240356083086,88.87,OCH power behavior is within the normal dataset distribution.
5|/TO_WEST_OCM|4|191400,5,/TO_WEST_OCM,4,191400,344,2000-01-01 00:00:00,2000-01-15 07:00:00,3.304732464459302,2.8452010789999997,2.464781274,4.468958406,0.6776941460272972,2.0041771319999997,3.965536193,Normal,Normal,Normal,88.87240356083086,80.3412462908012,88.87,OCH power behavior is within the normal dataset distribution.
47|/TO_EAST_OCM|11|193300,47,/TO_EAST_OCM,11,193300,163,2000-01-08 13:00:00,2000-01-15 07:00:00,2.2060562564969324,2.172131515,1.922131515,2.455687754,0.1340474949922988,0.5335562389999999,2.17890712,Normal,Normal,Normal,56.97329376854599,88.79821958456974,88.8,OCH power behavior is within the normal dataset distribution.
26|/TO_WEST_OCM|11|193100,26,/TO_WEST_OCM,11,193100,163,2000-01-08 13:00:00,2000-01-15 07:00:00,2.4373585997546012,2.373253876,1.924085547,3.02537518,0.26791306390309927,1.1012896330000002,2.95638745,Normal,Normal,Normal,78.7833827893175,88.72403560830861,88.72,OCH power behavior is within the normal dataset distribution.
45|/TO_WEST_OCM|11|193300,45,/TO_WEST_OCM,11,193300,163,2000-01-08 13:00:00,2000-01-15 07:00:00,2.0809799440797545,2.083735559,1.926125474,2.183735559,0.05490494135923332,0.25761008500000004,1.981723861,Normal,Normal,Normal,27.44807121661721,88.64985163204749,88.65,OCH power behavior is within the normal dataset distribution.
48|/TO_EAST_OCM|11|193800,48,/TO_EAST_OCM,11,193800,163,2000-01-08 13:00:00,2000-01-15 07:00:00,2.1883818913251534,2.184843416,1.934409025,2.455360942,0.13796221938130973,0.5209519170000001,2.124508091,Normal,Normal,Normal,56.083086053412465,88.57566765578635,88.58,OCH power behavior is within the normal dataset distribution.
48|/TO_EAST_OCM|11|192000,48,/TO_EAST_OCM,11,192000,163,2000-01-08 13:00:00,2000-01-15 07:00:00,2.2299564643435583,2.208108186,1.934508091,2.51137802,0.1502437047484337,0.5768699289999999,2.20137802,Normal,Normal,Normal,58.82789317507419,88.50148367952522,88.5,OCH power behavior is within the normal dataset distribution.
24|/TO_WEST_OCM|11|192300,24,/TO_WEST_OCM,11,192300,163,2000-01-08 13:00:00,2000-01-15 07:00:00,3.6692638036809817,3.58,2.76,4.74,0.5088968440453032,1.9800000000000004,4.61,Normal,Normal,Normal,88.4272997032641,74.85163204747775,88.43,OCH power behavior is within the normal dataset distribution.
53|/TO_EAST_OCM|11|191400,53,/TO_EAST_OCM,11,191400,163,2000-01-08 13:00:00,2000-01-15 07:00:00,2.2156193484294477,2.192350004,1.935687754,2.61992067,0.15815749979410682,0.684232916,2.032131515,Normal,Normal,Normal,64.68842729970326,88.4272997032641,88.43,OCH power behavior is within the normal dataset distribution.
45|/TO_WEST_OCM|11|192600,45,/TO_WEST_OCM,11,192600,163,2000-01-08 13:00:00,2000-01-15 07:00:00,2.084718617177914,2.082350004,1.937446074,2.261723861,0.06023968446138858,0.3242777870000002,2.002860493,Normal,Normal,Normal,38.64985163204748,88.35311572700297,88.35,OCH power behavior is within the normal dataset distribution.
47|/TO_WEST_OCM|11|194400,47,/TO_WEST_OCM,11,194400,163,2000-01-08 13:00:00,2000-01-15 07:00:00,2.072033143766871,2.074052208,1.939966741,2.183217496,0.04249475315644963,0.24325075500000004,2.084114608,Normal,Normal,Normal,25.07418397626113,88.27893175074183,88.28,OCH power behavior is within the normal dataset distribution.
43|/TO_EAST_OCM|11|196100,43,/TO_EAST_OCM,11,196100,163,2000-01-08 13:00:00,2000-01-15 07:00:00,2.101165644171779,2.09,1.95,2.33,0.06175811675586154,0.3800000000000001,2.11,Normal,Normal,Normal,44.80712166172107,88.20474777448071,88.2,OCH power behavior is within the normal dataset distribution.
9|/TO_WEST_OCM|4|191800,9,/TO_WEST_OCM,4,191800,344,2000-01-01 00:00:00,2000-01-15 07:00:00,5.2696682638866275,5.498931701,4.026135684,6.003227937,0.48504983157770254,1.9770922530000004,4.927371947,Normal,Normal,Normal,88.20474777448071,36.05341246290801,88.2,OCH power behavior is within the normal dataset distribution.
5|/TO_WEST_OCM|4|191900,5,/TO_WEST_OCM,4,191900,344,2000-01-01 00:00:00,2000-01-15 07:00:00,2.7031415458488373,2.6717346035,1.951831019,3.671728614,0.3828083241367249,1.7198975950000002,3.231904097,Normal,Normal,Normal,83.67952522255193,88.13056379821958,88.13,OCH power behavior is within the normal dataset distribution.
44|/TO_WEST_OCM|11|192000,44,/TO_WEST_OCM,11,192000,163,2000-01-08 13:00:00,2000-01-15 07:00:00,2.1974431182760736,2.196059786,1.952473413,2.364858381,0.07187442921253785,0.4123849679999998,2.183292642,Normal,Normal,Normal,48.14540059347181,88.05637982195846,88.06,OCH power behavior is within the normal dataset distribution.
41|/TO_WEST_OCM|11|191400,41,/TO_WEST_OCM,11,191400,163,2000-01-08 13:00:00,2000-01-15 07:00:00,2.1784097574907975,2.181640425,1.953071525,2.377479254,0.0823344556820494,0.4244077289999999,2.149944279,Normal,Normal,Normal,49.10979228486647,87.98219584569733,87.98,OCH power behavior is within the normal dataset distribution.
35|/TO_WEST_OCM|11|192300,35,/TO_WEST_OCM,11,192300,163,2000-01-08 13:00:00,2000-01-15 07:00:00,3.042274545386503,2.98112577,2.13638745,4.099239064,0.5218727364204575,1.9628516139999999,3.99112577,Normal,Normal,Normal,87.9080118694362,85.16320474777447,87.91,OCH power behavior is within the normal dataset distribution.
38|/TO_WEST_OCM|11|192300,38,/TO_WEST_OCM,11,192300,163,2000-01-08 13:00:00,2000-01-15 07:00:00,2.804253623932515,2.69806535,1.954454798,3.84537518,0.5285165785851456,1.890920382,3.720136468,Normal,Normal,Normal,86.42433234421365,87.9080118694362,87.91,OCH power behavior is within the normal dataset distribution.
51|/TO_EAST_OCM|11|193800,51,/TO_EAST_OCM,11,193800,163,2000-01-08 13:00:00,2000-01-15 07:00:00,2.3297465705398777,2.336476925,1.957997858,2.646939059,0.1466767375558665,0.6889412010000002,2.166476925,Normal,Normal,Normal,64.76261127596439,87.83382789317507,87.83,OCH power behavior is within the normal dataset distribution.
19|/D1/OA-W/IGR_OCM|11|194400,19,/D1/OA-W/IGR_OCM,11,194400,163,2000-01-08 13:00:00,2000-01-15 07:00:00,2.2369938650306747,2.24,1.96,2.49,0.10902562259342007,0.5300000000000002,2.13,Normal,Normal,Normal,56.82492581602374,87.75964391691394,87.76,OCH power behavior is within the normal dataset distribution.
24|/TO_WEST_OCM|11|193500,24,/TO_WEST_OCM,11,193500,163,2000-01-08 13:00:00,2000-01-15 07:00:00,3.510122699386503,3.37,2.65,4.61,0.49941692883055644,1.9600000000000004,4.45,Normal,Normal,Normal,87.75964391691394,77.48516320474778,87.76,OCH power behavior is within the normal dataset distribution.
20|/TO_WEST_OCM|11|193800,20,/TO_WEST_OCM,11,193800,163,2000-01-08 13:00:00,2000-01-15 07:00:00,2.826435056662577,2.776825655,1.9642917,3.729264091,0.5781123660514574,1.7649723910000001,3.522350004,Normal,Normal,Normal,83.97626112759644,87.68545994065282,87.69,OCH power behavior is within the normal dataset distribution.
27|/TO_WEST_OCM|11|192300,27,/TO_WEST_OCM,11,192300,163,2000-01-08 13:00:00,2000-01-15 07:00:00,2.8800106214723926,2.78165487,1.97537518,3.935311385,0.5089718893336471,1.959936205,3.809319844,Normal,Normal,Normal,87.6112759643917,87.46290801186943,87.61,OCH power behavior is within the normal dataset distribution.
45|/TO_WEST_OCM|11|193500,45,/TO_WEST_OCM,11,193500,163,2000-01-08 13:00:00,2000-01-15 07:00:00,2.1007483619815948,2.098108186,1.967932901,2.232860493,0.0541288399834739,0.26492759200000005,2.036476925,Normal,Normal,Normal,28.931750741839764,87.6112759643917,87.61,OCH power behavior is within the normal dataset distribution.
28|/TO_WEST_OCM|11|192300,28,/TO_WEST_OCM,11,192300,163,2000-01-08 13:00:00,2000-01-15 07:00:00,2.853947524969325,2.74807805,1.968433597,3.92806535,0.510327720811185,1.9596317529999998,3.773379897,Normal,Normal,Normal,87.53709198813057,87.53709198813057,87.54,OCH power behavior is within the normal dataset distribution.
32|/TO_WEST_OCM|11|192300,32,/TO_WEST_OCM,11,192300,163,2000-01-08 13:00:00,2000-01-15 07:00:00,2.819624757889571,2.744454798,1.985869831,3.86537518,0.5206142789765353,1.879505349,3.70112577,Normal,Normal,Normal,86.27596439169139,87.3887240356083,87.39,OCH power behavior is within the normal dataset distribution.
39|/D2/OA-W/EGR_OCM|11|193800,39,/D2/OA-W/EGR_OCM,11,193800,163,2000-01-08 13:00:00,2000-01-15 07:00:00,2.994846625766871,2.8,1.99,3.85,0.6672759769522327,1.86,3.72,Normal,Normal,Normal,85.60830860534125,87.31454005934718,87.31,OCH power behavior is within the normal dataset distribution.
36|/TO_EAST_OCM|11|193300,36,/TO_EAST_OCM,11,193300,163,2000-01-08 13:00:00,2000-01-15 07:00:00,2.5401652182147236,2.594858381,1.991142296,2.890113355,0.1980475315117918,0.898971059,2.63890712,Normal,Normal,Normal,72.25519287833828,87.24035608308606,87.24,OCH power behavior is within the normal dataset distribution.
52|/TO_EAST_OCM|11|192300,52,/TO_EAST_OCM,11,192300,163,2000-01-08 13:00:00,2000-01-15 07:00:00,2.2857095227177915,2.253626343,2.00288985,2.639676277,0.16875332300556597,0.6367864270000001,2.180136468,Normal,Normal,Normal,62.46290801186943,87.16617210682493,87.17,OCH power behavior is within the normal dataset distribution.
33|/TO_WEST_OCM|11|193800,33,/TO_WEST_OCM,11,193800,163,2000-01-08 13:00:00,2000-01-15 07:00:00,3.3093251533742327,3.23,2.31,4.25,0.6713494139402888,1.94,3.96,Normal,Normal,Normal,87.12908011869436,83.08605341246292,87.13,OCH power behavior is within the normal dataset distribution.
34|/TO_WEST_OCM|11|192300,34,/TO_WEST_OCM,11,192300,163,2000-01-08 13:00:00,2000-01-15 07:00:00,2.816648170171779,2.755869831,2.010136468,3.884454798,0.5253678332571629,1.8743183300000004,3.729239064,Normal,Normal,Normal,85.97922848664689,87.01780415430267,87.02,OCH power behavior is within the normal dataset distribution.
47|/TO_EAST_OCM|11|193500,47,/TO_EAST_OCM,11,193500,163,2000-01-08 13:00:00,2000-01-15 07:00:00,2.2915170695276075,2.267446074,2.016059786,2.542860493,0.13379088608700074,0.526800707,2.257446074,Normal,Normal,Normal,56.4540059347181,86.94362017804154,86.94,OCH power behavior is within the normal dataset distribution.
47|/TO_WEST_OCM|11|192600,47,/TO_WEST_OCM,11,192600,163,2000-01-08 13:00:00,2000-01-15 07:00:00,2.184759855067485,2.178108186,2.031103621,2.304843416,0.05372790579886778,0.273739795,2.097932901,Normal,Normal,Normal,31.008902077151333,86.86943620178042,86.87,OCH power behavior is within the normal dataset distribution.
22|/TO_WEST_OCM|11|192300,22,/TO_WEST_OCM,11,192300,163,2000-01-08 13:00:00,2000-01-15 07:00:00,2.91464793197546,2.838433597,2.087491565,4.01112577,0.48283047797454287,1.9236342049999995,3.9749035,Normal,Normal,Normal,86.79525222551929,86.35014836795251,86.8,OCH power behavior is within the normal dataset distribution.
30|/TO_WEST_OCM|11|192300,30,/TO_WEST_OCM,11,192300,163,2000-01-08 13:00:00,2000-01-15 07:00:00,2.823852851625767,2.777491565,2.03537518,3.82112577,0.5025349474714969,1.7857505900000001,3.642781939,Normal,Normal,Normal,84.56973293768546,86.79525222551929,86.8,OCH power behavior is within the normal dataset distribution.
21|/TO_WEST_OCM|11|196100,21,/TO_WEST_OCM,11,196100,163,2000-01-08 13:00:00,2000-01-15 07:00:00,2.467975460122699,2.41,2.05,2.94,0.20244541867433144,0.8900000000000001,2.64,Normal,Normal,Normal,71.88427299703264,86.72106824925817,86.72,OCH power behavior is within the normal dataset distribution.
6|/TO_WEST_OCM|4|191500,6,/TO_WEST_OCM,4,191500,344,2000-01-01 00:00:00,2000-01-15 07:00:00,3.1171507948023254,2.888425565,2.351875148,4.258444821,0.5147912452895366,1.9065696730000004,3.631248657,Normal,Normal,Normal,86.64688427299704,81.973293768546,86.65,OCH power behavior is within the normal dataset distribution.
25|/TO_WEST_OCM|11|192300,25,/TO_WEST_OCM,11,192300,163,2000-01-08 13:00:00,2000-01-15 07:00:00,4.079914132938651,3.960619634,3.203246599,5.109676277,0.49307159021161817,1.9064296780000003,5.08112577,Normal,Normal,Normal,86.5727002967359,62.46290801186943,86.57,OCH power behavior is within the normal dataset distribution.
53|/TO_EAST_OCM|11|192300,53,/TO_EAST_OCM,11,192300,163,2000-01-08 13:00:00,2000-01-15 07:00:00,2.4363320981472394,2.424454798,2.066822363,2.767491565,0.17368679994049563,0.7006692019999998,2.294454798,Normal,Normal,Normal,66.02373887240356,86.5727002967359,86.57,OCH power behavior is within the normal dataset distribution.
19|/D2/OA-W/IGR_OCM|11|192300,19,/D2/OA-W/IGR_OCM,11,192300,163,2000-01-08 13:00:00,2000-01-15 07:00:00,2.9885889570552147,2.91,2.16,4.06,0.4843538107121433,1.8999999999999995,3.97,Normal,Normal,Normal,86.49851632047478,85.01483679525222,86.5,OCH power behavior is within the normal dataset distribution.
38|/TO_EAST_OCM|11|193800,38,/TO_EAST_OCM,11,193800,163,2000-01-08 13:00:00,2000-01-15 07:00:00,2.8051068045030676,2.891217955,2.084409025,3.098108186,0.2356295101777579,1.0136991610000003,2.811105746,Normal,Normal,Normal,76.03857566765578,86.42433234421365,86.42,OCH power behavior is within the normal dataset distribution.
41|/TO_WEST_OCM|11|193300,41,/TO_WEST_OCM,11,193300,163,2000-01-08 13:00:00,2000-01-15 07:00:00,2.28250052401227,2.284858381,2.091723861,2.431424274,0.05941442348081403,0.33970041299999965,2.1142917,Normal,Normal,Normal,41.023738872403555,86.27596439169139,86.28,OCH power behavior is within the normal dataset distribution.
43|/TO_WEST_OCM|11|193800,43,/TO_WEST_OCM,11,193800,163,2000-01-08 13:00:00,2000-01-15 07:00:00,2.2657562143558283,2.267803311,2.094355834,2.434348625,0.06311396583695261,0.33999279100000024,2.281035127,Normal,Normal,Normal,41.09792284866469,86.20178041543028,86.2,OCH power behavior is within the normal dataset distribution.
4|/TO_WEST_OCM|4|191400,4,/TO_WEST_OCM,4,191400,344,2000-01-01 00:00:00,2000-01-15 07:00:00,3.3692921321453486,3.1154399005,2.54956914,4.428397792,0.5510541849736,1.8788286520000002,3.834639942,Normal,Normal,Normal,86.20178041543026,79.15430267062314,86.2,OCH power behavior is within the normal dataset distribution.
52|/TO_EAST_OCM|11|192400,52,/TO_EAST_OCM,11,192400,163,2000-01-08 13:00:00,2000-01-15 07:00:00,2.4580299952269935,2.42031147,2.095947527,2.79031147,0.17195675870441568,0.6943639429999999,2.250714409,Normal,Normal,Normal,65.3560830860534,86.12759643916914,86.13,OCH power behavior is within the normal dataset distribution.
41|/TO_WEST_OCM|11|194400,41,/TO_WEST_OCM,11,194400,163,2000-01-08 13:00:00,2000-01-15 07:00:00,2.2783168045521474,2.283886815,2.097496576,2.434588552,0.06533678345626535,0.33709197599999996,2.25054359,Normal,Normal,Normal,40.72700296735905,86.05341246290801,86.05,OCH power behavior is within the normal dataset distribution.
4|/TO_WEST_OCM|4|191600,4,/TO_WEST_OCM,4,191600,344,2000-01-01 00:00:00,2000-01-15 07:00:00,3.104151899985465,2.926987089,2.321462976,4.197586618,0.4847918288038311,1.876123642,3.511520985,Normal,Normal,Normal,86.05341246290801,82.86350148367953,86.05,OCH power behavior is within the normal dataset distribution.
29|/TO_WEST_OCM|11|193800,29,/TO_WEST_OCM,11,193800,163,2000-01-08 13:00:00,2000-01-15 07:00:00,3.040920245398773,3.0,2.1,3.88,0.631825505110851,1.7799999999999998,3.64,Normal,Normal,Normal,84.38427299703264,85.97922848664689,85.98,OCH power behavior is within the normal dataset distribution.
52|/TO_EAST_OCM|11|192500,52,/TO_EAST_OCM,11,192500,163,2000-01-08 13:00:00,2000-01-15 07:00:00,2.4891282459325152,2.461692872,2.101692872,2.807098603,0.1634025113263669,0.7054057309999999,2.320587774,Normal,Normal,Normal,66.24629080118694,85.90504451038575,85.91,OCH power behavior is within the normal dataset distribution.
51|/TO_EAST_OCM|11|192600,51,/TO_EAST_OCM,11,192600,163,2000-01-08 13:00:00,2000-01-15 07:00:00,2.4433074493128832,2.411103621,2.106939059,2.80183491,0.16179655409851862,0.6948958510000001,2.265687754,Normal,Normal,Normal,65.43026706231454,85.83086053412462,85.83,OCH power behavior is within the normal dataset distribution.
45|/TO_WEST_OCM|11|193800,45,/TO_WEST_OCM,11,193800,163,2000-01-08 13:00:00,2000-01-15 07:00:00,2.2992338867055215,2.303769749,2.109264091,2.446059786,0.0633412439434653,0.3367956950000002,2.343292642,Normal,Normal,Normal,40.652818991097924,85.7566765578635,85.76,OCH power behavior is within the normal dataset distribution.
19|/D1/OA-W/IGR_OCM|11|192400,19,/D1/OA-W/IGR_OCM,11,192400,163,2000-01-08 13:00:00,2000-01-15 07:00:00,2.50159509202454,2.48,2.11,2.78,0.16769654538417864,0.6699999999999999,2.35,Normal,Normal,Normal,64.1320474777448,85.68249258160238,85.68,OCH power behavior is within the normal dataset distribution.
4|/TO_WEST_OCM|4|191800,4,/TO_WEST_OCM,4,191800,344,2000-01-01 00:00:00,2000-01-15 07:00:00,3.3763716314418604,3.2419207915,2.601595913,4.465744599,0.45059900489359134,1.8641486859999996,3.966689248,Normal,Normal,Normal,85.68249258160238,78.26409495548961,85.68,OCH power behavior is within the normal dataset distribution.
20|/TO_WEST_OCM|11|192300,20,/TO_WEST_OCM,11,192300,163,2000-01-08 13:00:00,2000-01-15 07:00:00,2.879527617809816,2.743246599,2.11638745,3.914644626,0.47449970877983133,1.798257176,3.74537518,Normal,Normal,Normal,84.86646884272997,85.60830860534125,85.61,OCH power behavior is within the normal dataset distribution.
43|/TO_WEST_OCM|11|192000,43,/TO_WEST_OCM,11,192000,163,2000-01-08 13:00:00,2000-01-15 07:00:00,2.3944752509202454,2.398710885,2.120067891,2.588184639,0.07471981437703734,0.4681167479999999,2.34159273,Normal,Normal,Normal,52.596439169139465,85.53412462908013,85.53,OCH power behavior is within the normal dataset distribution.
31|/TO_WEST_OCM|11|193100,31,/TO_WEST_OCM,11,193100,163,2000-01-08 13:00:00,2000-01-15 07:00:00,2.653063864570552,2.568699958,2.120674515,3.218824837,0.274005796412724,1.098150322,3.102781939,Normal,Normal,Normal,78.41246290801188,85.45994065281899,85.46,OCH power behavior is within the normal dataset distribution.
36|/TO_WEST_OCM|11|192300,36,/TO_WEST_OCM,11,192300,163,2000-01-08 13:00:00,2000-01-15 07:00:00,2.9430567054785275,2.868433597,2.12537518,3.965869831,0.5200837744333094,1.8404946510000002,3.965869831,Normal,Normal,Normal,85.45994065281899,85.3486646884273,85.46,OCH power behavior is within the normal dataset distribution.
23|/TO_WEST_OCM|11|192300,23,/TO_WEST_OCM,11,192300,163,2000-01-08 13:00:00,2000-01-15 07:00:00,3.7784022639509205,3.671354496,2.959239065,4.797491565,0.4873051032475644,1.8382524999999998,4.773379897,Normal,Normal,Normal,85.38575667655786,69.6587537091988,85.39,OCH power behavior is within the normal dataset distribution.
31|/TO_WEST_OCM|11|192300,31,/TO_WEST_OCM,11,192300,163,2000-01-08 13:00:00,2000-01-15 07:00:00,2.9306218758895706,2.885869831,2.12537518,3.940619634,0.5115098876582701,1.8152444540000001,3.812206928,Normal,Normal,Normal,85.08902077151336,85.3486646884273,85.35,OCH power behavior is within the normal dataset distribution.
21|/TO_WEST_OCM|11|192300,21,/TO_WEST_OCM,11,192300,163,2000-01-08 13:00:00,2000-01-15 07:00:00,3.9349459274723926,3.796001064,3.122781939,4.96065336,0.4772720136628418,1.8378714210000004,4.880136468,Normal,Normal,Normal,85.31157270029674,64.98516320474778,85.31,OCH power behavior is within the normal dataset distribution.
41|/TO_WEST_OCM|11|193500,41,/TO_WEST_OCM,11,193500,163,2000-01-08 13:00:00,2000-01-15 07:00:00,2.3061564309570555,2.306476925,2.129264091,2.476059786,0.06232593459414297,0.34679569499999996,2.255079459,Normal,Normal,Normal,42.13649851632047,85.23738872403561,85.24,OCH power behavior is within the normal dataset distribution.
8|/TO_WEST_OCM|4|191900,8,/TO_WEST_OCM,4,191900,344,2000-01-01 00:00:00,2000-01-15 07:00:00,4.204621796444767,4.276012366,3.091008635,4.911027384,0.3516882682072553,1.8200187489999995,3.91099251,Normal,Normal,Normal,85.23738872403561,66.32047477744807,85.24,OCH power behavior is within the normal dataset distribution.
7|/TO_WEST_OCM|4|191500,7,/TO_WEST_OCM,4,191500,344,2000-01-01 00:00:00,2000-01-15 07:00:00,3.025261627906977,2.745,2.17,3.99,0.5898420415460259,1.8200000000000003,3.55,Normal,Normal,Normal,85.16320474777447,84.90356083086054,85.16,OCH power behavior is within the normal dataset distribution.
45|/TO_WEST_OCM|11|194400,45,/TO_WEST_OCM,11,194400,163,2000-01-08 13:00:00,2000-01-15 07:00:00,2.333141017601227,2.337423343,2.150988238,2.454959409,0.05583954691066265,0.30397117100000015,2.408949957,Normal,Normal,Normal,35.75667655786351,85.08902077151335,85.09,OCH power behavior is within the normal dataset distribution.
2|/D1/OA-W/IGR_OCM|11|192100,2,/D1/OA-W/IGR_OCM,11,192100,344,2000-01-01 00:00:00,2000-01-15 07:00:00,4.575581395348837,4.6,3.9,5.7,0.3514853269290817,1.8000000000000003,5.4,Normal,Normal,Normal,85.01483679525222,39.910979228486646,85.01,OCH power behavior is within the normal dataset distribution.
19|/D2/OA-W/IGR_OCM|11|193800,19,/D2/OA-W/IGR_OCM,11,193800,163,2000-01-08 13:00:00,2000-01-15 07:00:00,3.987975460122699,3.89,3.04,4.84,0.5839247367251272,1.7999999999999998,4.79,Normal,Normal,Normal,84.9406528189911,67.76706231454006,84.94,OCH power behavior is within the normal dataset distribution.
19|/D1/OA-W/IGR_OCM|11|192300,19,/D1/OA-W/IGR_OCM,11,192300,163,2000-01-08 13:00:00,2000-01-15 07:00:00,2.527239263803681,2.52,2.17,2.88,0.16588813850971926,0.71,2.44,Normal,Normal,Normal,66.3946587537092,84.90356083086054,84.9,OCH power behavior is within the normal dataset distribution.
39|/D2/OA-W/IGR_OCM|11|193100,39,/D2/OA-W/IGR_OCM,11,193100,163,2000-01-08 13:00:00,2000-01-15 07:00:00,2.8582208588957054,2.92,2.18,3.17,0.2213703679563601,0.9899999999999998,2.88,Normal,Normal,Normal,74.96290801186943,84.75519287833828,84.76,OCH power behavior is within the normal dataset distribution.
7|/TO_WEST_OCM|4|191900,7,/TO_WEST_OCM,4,191900,344,2000-01-01 00:00:00,2000-01-15 07:00:00,2.974970930232558,2.83,2.18,3.96,0.493047285739048,1.7799999999999998,3.34,Normal,Normal,Normal,84.38427299703264,84.75519287833828,84.76,OCH power behavior is within the normal dataset distribution.
10|/D1/OA-W/EGR_OCM|4|191800,10,/D1/OA-W/EGR_OCM,4,191800,344,2000-01-01 00:00:00,2000-01-15 07:00:00,4.16453488372093,4.37,3.06,4.85,0.47144936744915417,1.7899999999999996,3.99,Normal,Normal,Normal,84.6439169139466,67.24777448071217,84.64,OCH power behavior is within the normal dataset distribution.
42|/TO_WEST_OCM|11|191400,42,/TO_WEST_OCM,11,191400,163,2000-01-08 13:00:00,2000-01-15 07:00:00,2.3677952771104294,2.372498871,2.187991376,2.518424441,0.07287537732083306,0.33043306500000025,2.29159273,Normal,Normal,Normal,40.0593471810089,84.56973293768546,84.57,OCH power behavior is within the normal dataset distribution.
49|/TO_EAST_OCM|11|193300,49,/TO_EAST_OCM,11,193300,163,2000-01-08 13:00:00,2000-01-15 07:00:00,2.469052463398773,2.435360942,2.198595405,2.709264091,0.14181852756940824,0.5106686860000003,2.448329057,Normal,Normal,Normal,55.26706231454006,84.49554896142433,84.5,OCH power behavior is within the normal dataset distribution.
39|/D2/OA-W/IGR_OCM|11|193300,39,/D2/OA-W/IGR_OCM,11,193300,163,2000-01-08 13:00:00,2000-01-15 07:00:00,2.8295092024539876,2.9,2.21,3.09,0.20704506481780546,0.8799999999999999,2.91,Normal,Normal,Normal,71.43916913946587,84.34718100890208,84.35,OCH power behavior is within the normal dataset distribution.
47|/TO_EAST_OCM|11|192000,47,/TO_EAST_OCM,11,192000,163,2000-01-08 13:00:00,2000-01-15 07:00:00,2.5023345534171777,2.491103621,2.211035127,2.801105746,0.130006254555671,0.590070619,2.40137802,Normal,Normal,Normal,59.34718100890207,84.27299703264094,84.27,OCH power behavior is within the normal dataset distribution.
8|/TO_WEST_OCM|4|191800,8,/TO_WEST_OCM,4,191800,344,2000-01-01 00:00:00,2000-01-15 07:00:00,5.246615984418605,5.44281967,4.198703416,5.977895183,0.4193276190564619,1.7791917670000004,4.854384488,Normal,Normal,Normal,84.27299703264094,30.489614243323437,84.27,OCH power behavior is within the normal dataset distribution.
36|/TO_EAST_OCM|11|194400,36,/TO_EAST_OCM,11,194400,163,2000-01-08 13:00:00,2000-01-15 07:00:00,2.8768156467116563,2.95400993,2.21400993,3.124494739,0.23118877181260464,0.9104848090000002,2.855952486,Normal,Normal,Normal,72.77448071216617,84.19881305637982,84.2,OCH power behavior is within the normal dataset distribution.
34|/TO_EAST_OCM|11|193300,34,/TO_EAST_OCM,11,193300,163,2000-01-08 13:00:00,2000-01-15 07:00:00,2.4105713888711655,2.411424274,2.221723861,2.564858381,0.07083841943203027,0.34313452,2.302473413,Normal,Normal,Normal,41.91394658753709,84.1246290801187,84.12,OCH power behavior is within the normal dataset distribution.
21|/TO_WEST_OCM|11|193800,21,/TO_WEST_OCM,11,193800,163,2000-01-08 13:00:00,2000-01-15 07:00:00,3.649992440429448,3.5842917,2.743769749,4.513735559,0.5698875448947485,1.7699658099999995,4.351424274,Normal,Normal,Normal,84.05044510385757,75.5192878338279,84.05,OCH power behavior is within the normal dataset distribution.
27|/TO_WEST_OCM|11|193100,27,/TO_WEST_OCM,11,193100,163,2000-01-08 13:00:00,2000-01-15 07:00:00,2.69837784596319,2.6272872,2.229971234,3.309676277,0.26578320262708116,1.0797050429999997,3.22537518,Normal,Normal,Normal,77.59643916913946,84.05044510385757,84.05,OCH power behavior is within the normal dataset distribution.
52|/TO_EAST_OCM|11|192200,52,/TO_EAST_OCM,11,192200,163,2000-01-08 13:00:00,2000-01-15 07:00:00,2.566224247993865,2.525325861,2.231232437,2.931232437,0.17175414973743236,0.6999999999999997,2.485440989,Normal,Normal,Normal,65.68991097922849,83.97626112759644,83.98,OCH power behavior is within the normal dataset distribution.
48|/TO_WEST_OCM|11|192600,48,/TO_WEST_OCM,11,192600,163,2000-01-08 13:00:00,2000-01-15 07:00:00,2.3978571174294476,2.397932901,2.247803311,2.52137802,0.05530462717260097,0.273574709,2.351035127,Normal,Normal,Normal,30.93471810089021,83.9020771513353,83.9,OCH power behavior is within the normal dataset distribution.
24|/TO_WEST_OCM|11|193800,24,/TO_WEST_OCM,11,193800,163,2000-01-08 13:00:00,2000-01-15 07:00:00,4.372085889570552,4.36,3.48,5.2,0.5820424383022715,1.7200000000000002,5.0,Normal,Normal,Normal,83.82789317507418,53.44955489614242,83.83,OCH power behavior is within the normal dataset distribution.
39|/D2/OA-W/IGR_OCM|11|193500,39,/D2/OA-W/IGR_OCM,11,193500,163,2000-01-08 13:00:00,2000-01-15 07:00:00,2.890674846625767,2.95,2.25,3.17,0.2018437509448857,0.9199999999999999,3.0,Normal,Normal,Normal,73.07121661721068,83.82789317507418,83.83,OCH power behavior is within the normal dataset distribution.
3|/D1/OA-W/EGR_OCM|4|191800,3,/D1/OA-W/EGR_OCM,4,191800,344,2000-01-01 00:00:00,2000-01-15 07:00:00,4.611220930232558,4.61,3.66,5.38,0.2183484737839869,1.7199999999999998,4.61,Normal,Normal,Normal,83.75370919881306,47.55192878338279,83.75,OCH power behavior is within the normal dataset distribution.
53|/TO_EAST_OCM|11|192400,53,/TO_EAST_OCM,11,192400,163,2000-01-08 13:00:00,2000-01-15 07:00:00,2.606474775368098,2.57031147,2.255648214,2.960403572,0.17761541700714462,0.7047553580000003,2.486338916,Normal,Normal,Normal,66.17210682492582,83.67952522255193,83.68,OCH power behavior is within the normal dataset distribution.
2|/D1/OA-W/IGR_OCM|11|192000,2,/D1/OA-W/IGR_OCM,11,192000,344,2000-01-01 00:00:00,2000-01-15 07:00:00,4.351453488372093,4.3,3.6,5.3,0.4060736883817505,1.6999999999999997,5.3,Normal,Normal,Normal,83.6053412462908,49.36943620178042,83.61,OCH power behavior is within the normal dataset distribution.
37|/TO_EAST_OCM|11|192600,37,/TO_EAST_OCM,11,192600,163,2000-01-08 13:00:00,2000-01-15 07:00:00,2.931496006337423,3.014494739,2.264959409,3.177971399,0.23141740028689398,0.9130119900000002,3.070605422,Normal,Normal,Normal,72.8486646884273,83.6053412462908,83.61,OCH power behavior is within the normal dataset distribution.
16|/TO_WEST_OCM|4|191900,16,/TO_WEST_OCM,4,191900,344,2000-01-01 00:00:00,2000-01-15 07:00:00,4.061513234107559,3.516865176,3.251899719,4.917376196,0.6833390367029306,1.6654764770000003,4.743469771,Normal,Normal,Normal,83.53115727002968,61.20178041543027,83.53,OCH power behavior is within the normal dataset distribution.
42|/TO_WEST_OCM|11|194400,42,/TO_WEST_OCM,11,194400,163,2000-01-08 13:00:00,2000-01-15 07:00:00,2.4446155614969327,2.446832088,2.281108962,2.574052208,0.05973673435269693,0.2929432460000001,2.445404631,Normal,Normal,Normal,33.82789317507419,83.53115727002968,83.53,OCH power behavior is within the normal dataset distribution.
49|/TO_EAST_OCM|11|192000,49,/TO_EAST_OCM,11,192000,163,2000-01-08 13:00:00,2000-01-15 07:00:00,2.6143932974417177,2.574843416,2.295079459,3.008329057,0.16401924850764496,0.713249598,2.469666207,Normal,Normal,Normal,66.46884272997032,83.45697329376854,83.46,OCH power behavior is within the normal dataset distribution.
10|/D1/OA-W/EGR_OCM|4|191900,10,/D1/OA-W/EGR_OCM,4,191900,344,2000-01-01 00:00:00,2000-01-15 07:00:00,4.17718023255814,4.34,3.17,4.8,0.40004870266764747,1.63,3.78,Normal,Normal,Normal,83.38278931750742,63.79821958456973,83.38,OCH power behavior is within the normal dataset distribution.
53|/TO_EAST_OCM|11|192500,53,/TO_EAST_OCM,11,192500,163,2000-01-08 13:00:00,2000-01-15 07:00:00,2.6025967561226993,2.580484161,2.301232437,2.895440989,0.16318345964879935,0.594208552,2.386338916,Normal,Normal,Normal,59.64391691394659,83.38278931750742,83.38,OCH power behavior is within the normal dataset distribution.
23|/TO_WEST_OCM|11|193800,23,/TO_WEST_OCM,11,193800,163,2000-01-08 13:00:00,2000-01-15 07:00:00,3.5559977839079755,3.540113355,2.683769749,4.308358706,0.573715450248226,1.6245889569999998,4.220605422,Normal,Normal,Normal,83.30860534124629,76.26112759643917,83.31,OCH power behavior is within the normal dataset distribution.
36|/TO_EAST_OCM|11|192600,36,/TO_EAST_OCM,11,192600,163,2000-01-08 13:00:00,2000-01-15 07:00:00,3.061103041226994,3.143292642,2.306476925,3.333292642,0.24823823902426848,1.0268157169999999,3.152131515,Normal,Normal,Normal,76.33531157270029,83.30860534124629,83.31,OCH power behavior is within the normal dataset distribution.
49|/TO_EAST_OCM|11|193500,49,/TO_EAST_OCM,11,193500,163,2000-01-08 13:00:00,2000-01-15 07:00:00,2.586158994588957,2.561103621,2.308329057,2.851834909,0.1481945227432253,0.543505852,2.491103621,Normal,Normal,Normal,57.344213649851625,83.23442136498517,83.23,OCH power behavior is within the normal dataset distribution.
2|/D1/OA-W/IGR_OCM|11|192500,2,/D1/OA-W/IGR_OCM,11,192500,344,2000-01-01 00:00:00,2000-01-15 07:00:00,5.059011627906977,5.1,4.2,5.8,0.22582575362749005,1.5999999999999996,5.1,Normal,Normal,Normal,83.16023738872403,30.08160237388724,83.16,OCH power behavior is within the normal dataset distribution.
39|/D2/OA-W/IGR_OCM|11|193200,39,/D2/OA-W/IGR_OCM,11,193200,163,2000-01-08 13:00:00,2000-01-15 07:00:00,3.0647239263803683,3.12,2.31,3.37,0.21181844334833808,1.06,3.24,Normal,Normal,Normal,77.18842729970326,83.08605341246292,83.09,OCH power behavior is within the normal dataset distribution.
3|/D1/OA-W/EGR_OCM|4|191400,3,/D1/OA-W/EGR_OCM,4,191400,344,2000-01-01 00:00:00,2000-01-15 07:00:00,4.614941860465116,4.62,3.72,5.31,0.20023163581262995,1.5899999999999994,4.62,Normal,Normal,Normal,83.08605341246292,45.73442136498517,83.09,OCH power behavior is within the normal dataset distribution.
3|/D1/OA-W/EGR_OCM|4|191600,3,/D1/OA-W/EGR_OCM,4,191600,344,2000-01-01 00:00:00,2000-01-15 07:00:00,4.607267441860466,4.61,3.74,5.27,0.18787930648605655,1.5299999999999994,4.62,Normal,Normal,Normal,83.01186943620178,45.14094955489614,83.01,OCH power behavior is within the normal dataset distribution.
34|/TO_WEST_OCM|11|193100,34,/TO_WEST_OCM,11,193100,163,2000-01-08 13:00:00,2000-01-15 07:00:00,2.8243575932699385,2.776304882,2.312330904,3.405869831,0.29350411759167516,1.093538927,3.345869831,Normal,Normal,Normal,78.33827893175074,82.93768545994065,82.94,OCH power behavior is within the normal dataset distribution.
36|/TO_EAST_OCM|11|191500,36,/TO_EAST_OCM,11,191500,163,2000-01-08 13:00:00,2000-01-15 07:00:00,5.180919259374233,5.113385902,4.253837518,5.781640425,0.31798653163817564,1.5278029069999999,5.028919061,Normal,Normal,Normal,82.93768545994065,28.04154302670623,82.94,OCH power behavior is within the normal dataset distribution.
11|/TO_WEST_OCM|4|191800,11,/TO_WEST_OCM,4,191800,344,2000-01-01 00:00:00,2000-01-15 07:00:00,5.362932467206395,5.685543694,4.630907675,6.119220119,0.530487006035726,1.4883124440000008,4.891287949,Normal,Normal,Normal,82.86350148367953,13.724035608308604,82.86,OCH power behavior is within the normal dataset distribution.
16|/TO_WEST_OCM|4|191400,16,/TO_WEST_OCM,4,191400,344,2000-01-01 00:00:00,2000-01-15 07:00:00,4.505155626534884,4.0550565325,3.807462064,5.280042842,0.5822265095426257,1.4725807780000002,5.091084804,Normal,Normal,Normal,82.7893175074184,42.50741839762612,82.79,OCH power behavior is within the normal dataset distribution.
20|/TO_EAST_OCM|11|191500,20,/TO_EAST_OCM,11,191500,163,2000-01-08 13:00:00,2000-01-15 07:00:00,2.648634526355828,2.62032509,2.327991376,2.992150081,0.21053791873614197,0.6641587050000002,2.36159273,Normal,Normal,Normal,63.87240356083086,82.7893175074184,82.79,OCH power behavior is within the normal dataset distribution.
13|/D1/OA-W/EGR_OCM|4|191700,13,/D1/OA-W/EGR_OCM,4,191700,344,2000-01-01 00:00:00,2000-01-15 07:00:00,3.4942732558139533,3.17,2.81,4.26,0.5079514057987488,1.4499999999999997,4.19,Normal,Normal,Normal,82.64094955489614,73.59050445103857,82.64,OCH power behavior is within the normal dataset distribution.
48|/TO_WEST_OCM|11|194400,48,/TO_WEST_OCM,11,194400,163,2000-01-08 13:00:00,2000-01-15 07:00:00,2.4723963346073616,2.46970071,2.332574046,2.581108962,0.04337641344793849,0.2485349160000001,2.525452099,Normal,Normal,Normal,25.816023738872403,82.64094955489614,82.64,OCH power behavior is within the normal dataset distribution.
12|/TO_WEST_OCM|4|191700,12,/TO_WEST_OCM,4,191700,344,2000-01-01 00:00:00,2000-01-15 07:00:00,3.906289007212209,3.59774943,3.181575774,4.624987226,0.4831354549337987,1.4434114519999999,4.35675698,Normal,Normal,Normal,82.56676557863501,63.35311572700297,82.57,OCH power behavior is within the normal dataset distribution.
36|/TO_EAST_OCM|11|193500,36,/TO_EAST_OCM,11,193500,163,2000-01-08 13:00:00,2000-01-15 07:00:00,2.950364560006135,2.990605422,2.337446074,3.683298159,0.22788527952270177,1.3458520850000002,2.966476925,Normal,Normal,Normal,81.82492581602374,82.56676557863501,82.57,OCH power behavior is within the normal dataset distribution.
13|/D1/OA-W/EGR_OCM|4|191400,13,/D1/OA-W/EGR_OCM,4,191400,344,2000-01-01 00:00:00,2000-01-15 07:00:00,3.8441569767441863,3.49,3.16,4.59,0.5239999652906976,1.4299999999999997,4.43,Normal,Normal,Normal,82.49258160237389,63.94658753709199,82.49,OCH power behavior is within the normal dataset distribution.
20|/TO_EAST_OCM|11|192000,20,/TO_EAST_OCM,11,192000,163,2000-01-08 13:00:00,2000-01-15 07:00:00,2.418718624533742,2.42159273,2.338184639,2.51159273,0.034813710346743194,0.17340809099999976,2.35595888,Normal,Normal,Normal,14.094955489614245,82.49258160237389,82.49,OCH power behavior is within the normal dataset distribution.
49|/TO_EAST_OCM|11|193800,49,/TO_EAST_OCM,11,193800,163,2000-01-08 13:00:00,2000-01-15 07:00:00,2.6166468638466256,2.584472576,2.347744056,2.907744056,0.1364269250620365,0.56,2.547991376,Normal,Normal,Normal,58.08605341246291,82.41839762611276,82.42,OCH power behavior is within the normal dataset distribution.
9|/TO_WEST_OCM|4|191500,9,/TO_WEST_OCM,4,191500,344,2000-01-01 00:00:00,2000-01-15 07:00:00,4.839175965784884,4.8941887325,3.907388158,5.335237385,0.2578239221302066,1.4278492270000003,4.709640799,Normal,Normal,Normal,82.41839762611276,39.61424332344213,82.42,OCH power behavior is within the normal dataset distribution.
15|/TO_WEST_OCM|4|191400,15,/TO_WEST_OCM,4,191400,344,2000-01-01 00:00:00,2000-01-15 07:00:00,4.79819883015407,4.37859914,4.119698053,5.545740025,0.5686694212295489,1.4260419720000002,5.430949424,Normal,Normal,Normal,82.34421364985162,32.93768545994066,82.34,OCH power behavior is within the normal dataset distribution.
38|/TO_EAST_OCM|11|191500,38,/TO_EAST_OCM,11,191500,163,2000-01-08 13:00:00,2000-01-15 07:00:00,5.014907702730061,4.984594275,4.160560127,5.574426028,0.32373412294034576,1.4138659010000003,4.898141864,Normal,Normal,Normal,82.2700296735905,31.676557863501486,82.27,OCH power behavior is within the normal dataset distribution.
19|/D1/OA-W/IGR_OCM|11|192500,19,/D1/OA-W/IGR_OCM,11,192500,163,2000-01-08 13:00:00,2000-01-15 07:00:00,2.685521472392638,2.65,2.35,3.0,0.17319493539708755,0.6499999999999999,2.57,Normal,Normal,Normal,63.13056379821958,82.23293768545994,82.23,OCH power behavior is within the normal dataset distribution.
19|/D1/OA-W/IGR_OCM|11|193200,19,/D1/OA-W/IGR_OCM,11,193200,163,2000-01-08 13:00:00,2000-01-15 07:00:00,2.6650920245398773,2.65,2.35,2.99,0.14059559420137957,0.6400000000000001,2.46,Normal,Normal,Normal,62.68545994065282,82.23293768545994,82.23,OCH power behavior is within the normal dataset distribution.
32|/TO_EAST_OCM|11|196100,32,/TO_EAST_OCM,11,196100,163,2000-01-08 13:00:00,2000-01-15 07:00:00,2.753006134969325,2.76,2.35,3.16,0.1696151597919998,0.81,2.61,Normal,Normal,Normal,69.13946587537092,82.23293768545994,82.23,OCH power behavior is within the normal dataset distribution.
39|/D2/OA-W/IGR_OCM|11|193000,39,/D2/OA-W/IGR_OCM,11,193000,163,2000-01-08 13:00:00,2000-01-15 07:00:00,3.041472392638037,3.11,2.35,3.32,0.23245398623084623,0.9699999999999998,3.27,Normal,Normal,Normal,74.55489614243324,82.23293768545994,82.23,OCH power behavior is within the normal dataset distribution.
37|/TO_EAST_OCM|11|191500,37,/TO_EAST_OCM,11,191500,163,2000-01-08 13:00:00,2000-01-15 07:00:00,5.266447123055214,5.229409417,4.389829193,5.802200874,0.31249459983918115,1.4123716810000007,5.228671515,Normal,Normal,Normal,82.19584569732937,23.219584569732945,82.2,OCH power behavior is within the normal dataset distribution.
2|/D1/OA-W/IGR_OCM|11|192400,2,/D1/OA-W/IGR_OCM,11,192400,344,2000-01-01 00:00:00,2000-01-15 07:00:00,4.957848837209302,5.0,4.2,5.6,0.21146999138913133,1.3999999999999995,5.1,Normal,Normal,Normal,82.12166172106825,30.08160237388724,82.12,OCH power behavior is within the normal dataset distribution.
36|/TO_EAST_OCM|11|193800,36,/TO_EAST_OCM,11,193800,163,2000-01-08 13:00:00,2000-01-15 07:00:00,3.0597872476625767,3.144409025,2.351383966,3.394348625,0.23976107468211505,1.042964659,3.151383966,Normal,Normal,Normal,76.78041543026706,82.04747774480711,82.05,OCH power behavior is within the normal dataset distribution.
4|/TO_WEST_OCM|4|191500,4,/TO_WEST_OCM,4,191500,344,2000-01-01 00:00:00,2000-01-15 07:00:00,3.175937573002907,3.14142819,2.55248613,3.931248657,0.31010992004922927,1.3787625269999997,3.257264108,Normal,Normal,Normal,82.04747774480711,79.00593471810089,82.05,OCH power behavior is within the normal dataset distribution.
27|/TO_WEST_OCM|11|192400,27,/TO_WEST_OCM,11,192400,163,2000-01-08 13:00:00,2000-01-15 07:00:00,3.2675881193312883,3.189792992,2.681948887,4.030403572,0.3293492964903206,1.348454685,3.871957607,Normal,Normal,Normal,81.89910979228486,76.40949554896143,81.9,OCH power behavior is within the normal dataset distribution.
31|/TO_EAST_OCM|11|196100,31,/TO_EAST_OCM,11,196100,163,2000-01-08 13:00:00,2000-01-15 07:00:00,2.7450920245398773,2.75,2.36,3.1,0.18139163039670456,0.7400000000000002,2.52,Normal,Normal,Normal,67.24777448071217,81.89910979228486,81.9,OCH power behavior is within the normal dataset distribution.
48|/TO_EAST_OCM|11|191400,48,/TO_EAST_OCM,11,191400,163,2000-01-08 13:00:00,2000-01-15 07:00:00,2.6417864869018404,2.624858381,2.370650377,2.970067891,0.14744660983034566,0.5994175139999998,2.558594295,Normal,Normal,Normal,59.940652818991104,81.82492581602374,81.82,OCH power behavior is within the normal dataset distribution.
26|/TO_WEST_OCM|11|192400,26,/TO_WEST_OCM,11,192400,163,2000-01-08 13:00:00,2000-01-15 07:00:00,2.9388954024355827,2.86122437,2.37299943,3.66578636,0.32981982662479636,1.2927869299999997,3.536131713,Normal,Normal,Normal,81.00890207715133,81.75074183976261,81.75,OCH power behavior is within the normal dataset distribution.
39|/D2/OA-W/IGR_OCM|11|191500,39,/D2/OA-W/IGR_OCM,11,191500,163,2000-01-08 13:00:00,2000-01-15 07:00:00,5.298711656441718,5.25,4.54,5.88,0.3156027884041499,1.3399999999999999,5.18,Normal,Normal,Normal,81.75074183976261,16.468842729970323,81.75,OCH power behavior is within the normal dataset distribution.
15|/TO_WEST_OCM|4|191500,15,/TO_WEST_OCM,4,191500,344,2000-01-01 00:00:00,2000-01-15 07:00:00,4.275210156790697,3.8740111615,3.633760449,4.963489518,0.521819115764513,1.3297290690000003,4.823312227,Normal,Normal,Normal,81.67655786350149,47.997032640949556,81.68,OCH power behavior is within the normal dataset distribution.
39|/D2/OA-W/IGR_OCM|11|194400,39,/D2/OA-W/IGR_OCM,11,194400,163,2000-01-08 13:00:00,2000-01-15 07:00:00,3.0216564417177914,3.09,2.38,3.24,0.21054386893302118,0.8600000000000003,3.01,Normal,Normal,Normal,70.58605341246292,81.67655786350149,81.68,OCH power behavior is within the normal dataset distribution.
28|/TO_WEST_OCM|11|192400,28,/TO_WEST_OCM,11,192400,163,2000-01-08 13:00:00,2000-01-15 07:00:00,3.2633769721226997,3.187787631,2.696304882,4.006338915,0.3360426036476103,1.3100340329999995,3.8877201,Normal,Normal,Normal,81.60237388724035,76.03857566765578,81.6,OCH power behavior is within the normal dataset distribution.
42|/TO_WEST_OCM|11|193300,42,/TO_WEST_OCM,11,193300,163,2000-01-08 13:00:00,2000-01-15 07:00:00,2.537937018570552,2.535687754,2.384652924,2.696476925,0.061353579149667124,0.31182400099999974,2.467932901,Normal,Normal,Normal,36.94362017804154,81.60237388724035,81.6,OCH power behavior is within the normal dataset distribution.
10|/D1/OA-W/EGR_OCM|4|191600,10,/D1/OA-W/EGR_OCM,4,191600,344,2000-01-01 00:00:00,2000-01-15 07:00:00,4.047209302325581,4.08,3.24,4.55,0.2359542435397389,1.3099999999999996,3.93,Normal,Normal,Normal,81.52818991097924,61.64688427299703,81.53,OCH power behavior is within the normal dataset distribution.
45|/TO_WEST_OCM|11|192000,45,/TO_WEST_OCM,11,192000,163,2000-01-08 13:00:00,2000-01-15 07:00:00,2.5603550255398773,2.549666207,2.385469677,2.750650377,0.06726457715564728,0.3651806999999998,2.5442917,Normal,Normal,Normal,43.397626112759646,81.52818991097924,81.53,OCH power behavior is within the normal dataset distribution.
25|/TO_WEST_OCM|11|192400,25,/TO_WEST_OCM,11,192400,163,2000-01-08 13:00:00,2000-01-15 07:00:00,4.517277216693252,4.45165487,3.971948887,5.280714409,0.3196825554341627,1.3087655219999998,5.041036742,Normal,Normal,Normal,81.4540059347181,37.61127596439169,81.45,OCH power behavior is within the normal dataset distribution.
38|/TO_EAST_OCM|11|192600,38,/TO_EAST_OCM,11,192600,163,2000-01-08 13:00:00,2000-01-15 07:00:00,3.154801122754601,3.240358363,2.392146255,3.411567617,0.2453689206769168,1.019421362,3.196989041,Normal,Normal,Normal,76.11275964391692,81.4540059347181,81.45,OCH power behavior is within the normal dataset distribution.
35|/TO_WEST_OCM|11|192400,35,/TO_WEST_OCM,11,192400,163,2000-01-08 13:00:00,2000-01-15 07:00:00,3.6266949489079754,3.542342686,3.023319615,4.328824836,0.33883708958540926,1.3055052209999998,4.2077201,Normal,Normal,Normal,81.37982195845697,67.95252225519289,81.38,OCH power behavior is within the normal dataset distribution.
42|/TO_WEST_OCM|11|193500,42,/TO_WEST_OCM,11,193500,163,2000-01-08 13:00:00,2000-01-15 07:00:00,2.580286542785276,2.581012579,2.397932901,2.735360942,0.06905292232717394,0.3374280409999999,2.564409025,Normal,Normal,Normal,40.80118694362017,81.37982195845697,81.38,OCH power behavior is within the normal dataset distribution.
16|/TO_WEST_OCM|4|191500,16,/TO_WEST_OCM,4,191500,344,2000-01-01 00:00:00,2000-01-15 07:00:00,4.274782814125,3.8742068365,3.668397792,4.968397792,0.5247237354838206,1.3000000000000003,4.884704826,Normal,Normal,Normal,81.26854599406528,47.25519287833828,81.27,OCH power behavior is within the normal dataset distribution.
1|/D1/OA-W/EGR_OCM|11|192500,1,/D1/OA-W/EGR_OCM,11,192500,344,2000-01-01 00:00:00,2000-01-15 07:00:00,3.7311046511627906,4.0,3.1,4.4,0.3895769561455651,1.3000000000000003,3.4,Normal,Normal,Normal,81.26854599406528,65.76409495548961,81.27,OCH power behavior is within the normal dataset distribution.
52|/TO_EAST_OCM|11|193100,52,/TO_EAST_OCM,11,193100,163,2000-01-08 13:00:00,2000-01-15 07:00:00,2.754543569226994,2.744454798,2.408824837,3.033246599,0.1413323201611166,0.6244217619999999,2.667098603,Normal,Normal,Normal,61.646884272997035,81.23145400593472,81.23,OCH power behavior is within the normal dataset distribution.
1|/D1/OA-W/IGR_OCM|11|192900,1,/D1/OA-W/IGR_OCM,11,192900,344,2000-01-01 00:00:00,2000-01-15 07:00:00,5.202325581395349,5.2,4.5,5.8,0.27039620824106725,1.2999999999999998,5.1,Normal,Normal,Normal,81.15727002967358,18.212166172106826,81.16,OCH power behavior is within the normal dataset distribution.
47|/TO_WEST_OCM|11|193300,47,/TO_WEST_OCM,11,193300,163,2000-01-08 13:00:00,2000-01-15 07:00:00,2.562044134779141,2.560605422,2.419666207,2.676939059,0.04583975199578375,0.25727285199999983,2.520113355,Normal,Normal,Normal,27.299703264094955,81.15727002967358,81.16,OCH power behavior is within the normal dataset distribution.
12|/TO_WEST_OCM|4|191400,12,/TO_WEST_OCM,4,191400,344,2000-01-01 00:00:00,2000-01-15 07:00:00,4.067033577406977,3.667879093,3.43825725,4.737941674,0.49986361725169165,1.299684424,4.534987226,Normal,Normal,Normal,81.08308605341247,54.8219584569733,81.08,OCH power behavior is within the normal dataset distribution.
19|/D1/OA-W/IGR_OCM|11|192200,19,/D1/OA-W/IGR_OCM,11,192200,163,2000-01-08 13:00:00,2000-01-15 07:00:00,2.829877300613497,2.8,2.42,3.2,0.18536246683508123,0.7800000000000002,2.66,Normal,Normal,Normal,68.32344213649851,81.08308605341246,81.08,OCH power behavior is within the normal dataset distribution.
34|/TO_EAST_OCM|11|194400,34,/TO_EAST_OCM,11,194400,163,2000-01-08 13:00:00,2000-01-15 07:00:00,2.5949578822883437,2.596832088,2.431567617,2.732819739,0.05940608292194854,0.3012521220000002,2.526883296,Normal,Normal,Normal,35.459940652818986,81.00890207715133,81.01,OCH power behavior is within the normal dataset distribution.
12|/TO_WEST_OCM|4|191900,12,/TO_WEST_OCM,4,191900,344,2000-01-01 00:00:00,2000-01-15 07:00:00,3.2397306508982555,3.2318458425000003,2.871856485,4.151663785,0.18993198081824794,1.2798073000000003,3.341839469,Normal,Normal,Normal,80.93471810089021,72.40356083086054,80.93,OCH power behavior is within the normal dataset distribution.
47|/TO_WEST_OCM|11|192000,47,/TO_WEST_OCM,11,192000,163,2000-01-08 13:00:00,2000-01-15 07:00:00,2.5792143305521473,2.579666207,2.43183491,2.692860493,0.04775401116631211,0.2610255829999999,2.516939059,Normal,Normal,Normal,28.486646884272997,80.93471810089021,80.93,OCH power behavior is within the normal dataset distribution.
28|/TO_WEST_OCM|11|193100,28,/TO_WEST_OCM,11,193100,163,2000-01-08 13:00:00,2000-01-15 07:00:00,2.9304503718711654,2.88122437,2.433021556,3.5449035,0.2665981955634595,1.1118819440000003,3.49739785,Normal,Normal,Normal,78.85756676557864,80.86053412462908,80.86,OCH power behavior is within the normal dataset distribution.
30|/TO_WEST_OCM|11|192400,30,/TO_WEST_OCM,11,192400,163,2000-01-08 13:00:00,2000-01-15 07:00:00,3.293085753785276,3.227884042,2.696015273,3.96806535,0.328956885183608,1.2720500769999998,3.884454798,Normal,Normal,Normal,80.86053412462908,76.11275964391692,80.86,OCH power behavior is within the normal dataset distribution.
16|/TO_WEST_OCM|4|191600,16,/TO_WEST_OCM,4,191600,344,2000-01-01 00:00:00,2000-01-15 07:00:00,4.330015394418605,3.961542227,3.719945807,4.990848614,0.4894396188169905,1.2709028069999997,4.798444821,Normal,Normal,Normal,80.78635014836796,45.845697329376854,80.79,OCH power behavior is within the normal dataset distribution.
26|/TO_WEST_OCM|11|194400,26,/TO_WEST_OCM,11,194400,163,2000-01-08 13:00:00,2000-01-15 07:00:00,2.658603629006135,2.662819739,2.438334874,2.885452099,0.08197628863239051,0.44711722499999995,2.652559503,Normal,Normal,Normal,50.89020771513353,80.78635014836794,80.79,OCH power behavior is within the normal dataset distribution.
36|/TO_WEST_OCM|11|192400,36,/TO_WEST_OCM,11,192400,163,2000-01-08 13:00:00,2000-01-15 07:00:00,3.542695457588957,3.482550954,3.011777766,4.276131713,0.34128158599156144,1.264353947,4.148433597,Normal,Normal,Normal,80.71216617210682,68.62017804154303,80.71,OCH power behavior is within the normal dataset distribution.
53|/TO_EAST_OCM|11|192200,53,/TO_EAST_OCM,11,192200,163,2000-01-08 13:00:00,2000-01-15 07:00:00,2.7979428079263804,2.770346008,2.44288985,3.145648214,0.1740954668363221,0.7027583640000001,2.636822363,Normal,Normal,Normal,66.0979228486647,80.71216617210682,80.71,OCH power behavior is within the normal dataset distribution.
38|/TO_WEST_OCM|11|192400,38,/TO_WEST_OCM,11,192400,163,2000-01-08 13:00:00,2000-01-15 07:00:00,3.405870831325154,3.329624505,2.856015273,4.111957607,0.3509967278453224,1.2559423339999998,4.092245351,Normal,Normal,Normal,80.6379821958457,72.62611275964392,80.64,OCH power behavior is within the normal dataset distribution.
32|/TO_WEST_OCM|11|193100,32,/TO_WEST_OCM,11,193100,163,2000-01-08 13:00:00,2000-01-15 07:00:00,2.9541377037730063,2.893253875,2.457201003,3.510619634,0.26443134432859056,1.053418631,3.33537518,Normal,Normal,Normal,76.92878338278932,80.60089020771514,80.6,OCH power behavior is within the normal dataset distribution.
35|/TO_WEST_OCM|11|193100,35,/TO_WEST_OCM,11,193100,163,2000-01-08 13:00:00,2000-01-15 07:00:00,2.9427120365889574,2.905763817,2.457201003,3.517491565,0.27856433291443616,1.0602905619999996,3.336928029,Normal,Normal,Normal,77.29970326409496,80.60089020771514,80.6,OCH power behavior is within the normal dataset distribution.
15|/TO_WEST_OCM|4|191600,15,/TO_WEST_OCM,4,191600,344,2000-01-01 00:00:00,2000-01-15 07:00:00,4.367027424697675,4.0282353265,3.773227937,5.025237385,0.4842604639159791,1.2520094479999995,4.813312227,Normal,Normal,Normal,80.56379821958457,43.47181008902077,80.56,OCH power behavior is within the normal dataset distribution.
19|/D1/OA-W/IGR_OCM|11|191400,19,/D1/OA-W/IGR_OCM,11,191400,163,2000-01-08 13:00:00,2000-01-15 07:00:00,2.7837423312883436,2.75,2.46,3.22,0.1606241141189786,0.7600000000000002,2.62,Normal,Normal,Normal,67.87833827893175,80.48961424332344,80.49,OCH power behavior is within the normal dataset distribution.
37|/TO_WEST_OCM|11|192400,37,/TO_WEST_OCM,11,192400,163,2000-01-08 13:00:00,2000-01-15 07:00:00,3.181345233245399,3.119091115,2.643892934,3.891957607,0.33601650177042414,1.248064673,3.778433597,Normal,Normal,Normal,80.48961424332344,77.59643916913946,80.49,OCH power behavior is within the normal dataset distribution.
45|/TO_WEST_OCM|11|191400,45,/TO_WEST_OCM,11,191400,163,2000-01-08 13:00:00,2000-01-15 07:00:00,2.651327407650307,2.64784455,2.464387504,2.907803311,0.08221607378288795,0.44341580700000005,2.584387503,Normal,Normal,Normal,50.81602373887241,80.41543026706232,80.42,OCH power behavior is within the normal dataset distribution.
8|/TO_WEST_OCM|4|191600,8,/TO_WEST_OCM,4,191600,344,2000-01-01 00:00:00,2000-01-15 07:00:00,4.769103811872093,4.7774848245,3.947935285,5.1928364,0.20947661676695484,1.2449011150000002,4.729264964,Normal,Normal,Normal,80.41543026706232,38.50148367952523,80.42,OCH power behavior is within the normal dataset distribution.
23|/TO_WEST_OCM|11|192400,23,/TO_WEST_OCM,11,192400,163,2000-01-08 13:00:00,2000-01-15 07:00:00,4.169454686435582,4.097884042,3.624883934,4.8649035,0.2936670450289536,1.2400195659999995,4.622206928,Normal,Normal,Normal,80.34124629080118,48.29376854599406,80.34,OCH power behavior is within the normal dataset distribution.
21|/TO_WEST_OCM|11|192400,21,/TO_WEST_OCM,11,192400,163,2000-01-08 13:00:00,2000-01-15 07:00:00,4.342592243269939,4.282342686,3.834085547,5.062556099,0.29511596204802065,1.228470552,5.062556099,Normal,Normal,Normal,80.26706231454006,41.91394658753709,80.27,OCH power behavior is within the normal dataset distribution.
53|/TO_EAST_OCM|11|193200,53,/TO_EAST_OCM,11,193200,163,2000-01-08 13:00:00,2000-01-15 07:00:00,2.7659196839202456,2.73578636,2.465440989,3.030299957,0.13497574207056937,0.5648589679999998,2.620346008,Normal,Normal,Normal,58.382789317507424,80.26706231454006,80.27,OCH power behavior is within the normal dataset distribution.
34|/TO_WEST_OCM|11|192400,34,/TO_WEST_OCM,11,192400,163,2000-01-08 13:00:00,2000-01-15 07:00:00,3.435443645797546,3.394615892,2.919711551,4.14288985,0.3361465729398888,1.2231782990000006,4.12288985,Normal,Normal,Normal,80.19287833827893,70.91988130563797,80.19,OCH power behavior is within the normal dataset distribution.
53|/TO_EAST_OCM|11|193100,53,/TO_EAST_OCM,11,193100,163,2000-01-08 13:00:00,2000-01-15 07:00:00,2.740470209858896,2.7277201,2.47739785,3.049676277,0.1398707751594067,0.5722784270000001,2.649239065,Normal,Normal,Normal,58.753709198813056,80.19287833827893,80.19,OCH power behavior is within the normal dataset distribution.
20|/TO_WEST_OCM|11|194400,20,/TO_WEST_OCM,11,194400,163,2000-01-08 13:00:00,2000-01-15 07:00:00,2.70136411796319,2.701108962,2.478404041,2.905404631,0.0757192694716212,0.42700059,2.789719059,Normal,Normal,Normal,49.1839762611276,80.1186943620178,80.12,OCH power behavior is within the normal dataset distribution.
31|/TO_WEST_OCM|11|192400,31,/TO_WEST_OCM,11,192400,163,2000-01-08 13:00:00,2000-01-15 07:00:00,3.4600372527300616,3.45057718,2.896470707,4.118433597,0.33410062961967185,1.22196289,4.022245351,Normal,Normal,Normal,80.1186943620178,71.88427299703264,80.12,OCH power behavior is within the normal dataset distribution.
11|/TO_WEST_OCM|4|191600,11,/TO_WEST_OCM,4,191600,344,2000-01-01 00:00:00,2000-01-15 07:00:00,5.0125587654941866,5.288252524500001,4.401698741,5.620352742,0.4283562073907957,1.218654001,4.651222184,Normal,Normal,Normal,80.04451038575667,22.47774480712166,80.04,OCH power behavior is within the normal dataset distribution.
19|/D1/OA-W/IGR_OCM|11|193100,19,/D1/OA-W/IGR_OCM,11,193100,163,2000-01-08 13:00:00,2000-01-15 07:00:00,2.88239263803681,2.85,2.48,3.29,0.16045011668885387,0.81,2.84,Normal,Normal,Normal,69.13946587537092,80.04451038575667,80.04,OCH power behavior is within the normal dataset distribution.
52|/TO_EAST_OCM|11|193200,52,/TO_EAST_OCM,11,193200,163,2000-01-08 13:00:00,2000-01-15 07:00:00,2.7501064595276077,2.730346008,2.481036742,3.035648214,0.13467109446640108,0.5546114719999999,2.656338916,Normal,Normal,Normal,57.71513353115727,79.97032640949556,79.97,OCH power behavior is within the normal dataset distribution.
1|/D1/OA-W/EGR_OCM|11|192100,1,/D1/OA-W/EGR_OCM,11,192100,344,2000-01-01 00:00:00,2000-01-15 07:00:00,3.4186046511627906,3.4,2.9,4.1,0.24051045225923598,1.1999999999999997,3.8,Normal,Normal,Normal,79.93323442136499,71.58753709198812,79.93,OCH power behavior is within the normal dataset distribution.
1|/D1/OA-W/EGR_OCM|11|192400,1,/D1/OA-W/EGR_OCM,11,192400,344,2000-01-01 00:00:00,2000-01-15 07:00:00,3.6598837209302326,3.8,3.1,4.3,0.31067684667164214,1.1999999999999997,3.4,Normal,Normal,Normal,79.93323442136499,65.76409495548961,79.93,OCH power behavior is within the normal dataset distribution.
1|/D1/OA-W/IGR_OCM|11|193500,1,/D1/OA-W/IGR_OCM,11,193500,344,2000-01-01 00:00:00,2000-01-15 07:00:00,5.521220930232558,5.5,4.9,6.1,0.31528175750595017,1.1999999999999993,5.4,Normal,Normal,Normal,79.82195845697329,7.678041543026703,79.82,OCH power behavior is within the normal dataset distribution.
34|/TO_EAST_OCM|11|193800,34,/TO_EAST_OCM,11,193800,163,2000-01-08 13:00:00,2000-01-15 07:00:00,2.727667151791411,2.73768165,2.491583708,2.904843416,0.0760888780273303,0.413259708,2.67183491,Normal,Normal,Normal,48.29376854599406,79.82195845697329,79.82,OCH power behavior is within the normal dataset distribution.
30|/TO_WEST_OCM|11|193300,30,/TO_WEST_OCM,11,193300,163,2000-01-08 13:00:00,2000-01-15 07:00:00,2.6669109318834354,2.665079459,2.494843416,2.864652924,0.08195742448040454,0.3698095079999999,2.578329057,Normal,Normal,Normal,43.62017804154303,79.74777448071217,79.75,OCH power behavior is within the normal dataset distribution.
9|/TO_WEST_OCM|4|191600,9,/TO_WEST_OCM,4,191600,344,2000-01-01 00:00:00,2000-01-15 07:00:00,5.060440460372093,5.100411316000001,4.323037959,5.51530855,0.23624716851206234,1.1922705910000007,4.768298279,Normal,Normal,Normal,79.74777448071217,26.112759643916917,79.75,OCH power behavior is within the normal dataset distribution.
11|/TO_WEST_OCM|4|191500,11,/TO_WEST_OCM,4,191500,344,2000-01-01 00:00:00,2000-01-15 07:00:00,5.202456463206396,5.478622444,4.591432792,5.765825423,0.41533195052896765,1.174392631,4.722104644,Normal,Normal,Normal,79.5994065281899,14.83679525222552,79.6,OCH power behavior is within the normal dataset distribution.
19|/D1/OA-W/IGR_OCM|11|192000,19,/D1/OA-W/IGR_OCM,11,192000,163,2000-01-08 13:00:00,2000-01-15 07:00:00,2.8328220858895707,2.81,2.51,3.2,0.16352788565179266,0.6900000000000004,2.7,Normal,Normal,Normal,65.09643916913946,79.5994065281899,79.6,OCH power behavior is within the normal dataset distribution.
20|/TO_EAST_OCM|11|193300,20,/TO_EAST_OCM,11,193300,163,2000-01-08 13:00:00,2000-01-15 07:00:00,2.6291760503435584,2.634858381,2.527446074,2.703735559,0.032205725547137944,0.17628948499999986,2.527446074,Normal,Normal,Normal,14.836795252225517,79.52522255192879,79.53,OCH power behavior is within the normal dataset distribution.
32|/TO_WEST_OCM|11|192400,32,/TO_WEST_OCM,11,192400,163,2000-01-08 13:00:00,2000-01-15 07:00:00,3.4633127031042945,3.389406845,2.959971234,4.125869831,0.31804127133699633,1.165898597,3.992781939,Normal,Normal,Normal,79.52522255192879,69.58456973293768,79.53,OCH power behavior is within the normal dataset distribution.
15|/TO_WEST_OCM|4|191700,15,/TO_WEST_OCM,4,191700,344,2000-01-01 00:00:00,2000-01-15 07:00:00,4.160465327691861,3.8640581139999997,3.563808077,4.729560169,0.43464810567827644,1.165752092,4.637691047,Normal,Normal,Normal,79.45103857566765,50.51928783382789,79.45,OCH power behavior is within the normal dataset distribution.
42|/TO_WEST_OCM|11|192600,42,/TO_WEST_OCM,11,192600,163,2000-01-08 13:00:00,2000-01-15 07:00:00,2.7132679088711655,2.714409025,2.531105746,2.861103621,0.06183803714412847,0.32999787499999966,2.628108186,Normal,Normal,Normal,39.39169139465875,79.45103857566765,79.45,OCH power behavior is within the normal dataset distribution.
34|/TO_WEST_OCM|11|191500,34,/TO_WEST_OCM,11,191500,163,2000-01-08 13:00:00,2000-01-15 07:00:00,2.7581492524601225,2.764781719,2.534603946,2.941383966,0.0729498969513178,0.40678002000000024,2.878184639,Normal,Normal,Normal,47.25519287833828,79.37685459940653,79.38,OCH power behavior is within the normal dataset distribution.
9|/TO_WEST_OCM|4|191400,9,/TO_WEST_OCM,4,191400,344,2000-01-01 00:00:00,2000-01-15 07:00:00,5.513379080113372,5.5541542575000005,4.740249479,5.900949424,0.21403604952518648,1.1606999450000002,5.293869609,Normal,Normal,Normal,79.37685459940653,11.201780415430262,79.38,OCH power behavior is within the normal dataset distribution.
10|/D1/OA-W/EGR_OCM|4|191500,10,/D1/OA-W/EGR_OCM,4,191500,344,2000-01-01 00:00:00,2000-01-15 07:00:00,3.9146220930232563,3.94,3.21,4.36,0.2160589952374397,1.1500000000000004,3.87,Normal,Normal,Normal,79.3026706231454,62.31454005934718,79.3,OCH power behavior is within the normal dataset distribution.
19|/D1/OA-W/IGR_OCM|11|193000,19,/D1/OA-W/IGR_OCM,11,193000,163,2000-01-08 13:00:00,2000-01-15 07:00:00,2.8569938650306748,2.83,2.54,3.17,0.157793954449767,0.6299999999999999,2.57,Normal,Normal,Normal,61.980712166172104,79.3026706231454,79.3,OCH power behavior is within the normal dataset distribution.
20|/TO_WEST_OCM|11|193100,20,/TO_WEST_OCM,11,193100,163,2000-01-08 13:00:00,2000-01-15 07:00:00,3.3057588055950924,3.238207545,2.779098966,3.919239064,0.2590486772290401,1.1401400980000003,3.846928029,Normal,Normal,Normal,79.22848664688428,74.25816023738872,79.23,OCH power behavior is within the normal dataset distribution.
52|/TO_EAST_OCM|11|193000,52,/TO_EAST_OCM,11,193000,163,2000-01-08 13:00:00,2000-01-15 07:00:00,2.838714482815951,2.800587774,2.5425561,3.151036742,0.15201433184159593,0.608480642,2.740714409,Normal,Normal,Normal,60.7566765578635,79.22848664688426,79.23,OCH power behavior is within the normal dataset distribution.
20|/TO_WEST_OCM|11|192400,20,/TO_WEST_OCM,11,192400,163,2000-01-08 13:00:00,2000-01-15 07:00:00,3.2603100917607364,3.188914856,2.790674515,3.921957607,0.2927443987118758,1.1312830919999999,3.8749035,Normal,Normal,Normal,79.15430267062314,74.03560830860533,79.15,OCH power behavior is within the normal dataset distribution.
23|/TO_WEST_OCM|11|193100,23,/TO_WEST_OCM,11,193100,163,2000-01-08 13:00:00,2000-01-15 07:00:00,4.202088624134969,4.152550954,3.641033651,4.76537518,0.25007877089768493,1.1243415290000005,4.76537518,Normal,Normal,Normal,79.08011869436203,47.8486646884273,79.08,OCH power behavior is within the normal dataset distribution.
41|/TO_WEST_OCM|11|192600,41,/TO_WEST_OCM,11,192600,163,2000-01-08 13:00:00,2000-01-15 07:00:00,2.724442166177914,2.731221672,2.551105746,2.877803311,0.06467067730939813,0.3266975649999999,2.644472576,Normal,Normal,Normal,38.87240356083086,79.08011869436203,79.08,OCH power behavior is within the normal dataset distribution.
15|/TO_WEST_OCM|4|191800,15,/TO_WEST_OCM,4,191800,344,2000-01-01 00:00:00,2000-01-15 07:00:00,4.767741218354651,4.4895690775,4.191520985,5.313760449,0.40479244238969403,1.1222394639999997,5.177895183,Normal,Normal,Normal,79.00593471810089,30.63798219584569,79.01,OCH power behavior is within the normal dataset distribution.
16|/TO_WEST_OCM|4|191700,16,/TO_WEST_OCM,4,191700,344,2000-01-01 00:00:00,2000-01-15 07:00:00,4.109685239686047,3.813960169,3.563308923,4.68396329,0.4375296023209398,1.1206543670000002,4.595188565,Normal,Normal,Normal,78.93175074183976,50.59347181008902,78.93,OCH power behavior is within the normal dataset distribution.
19|/D1/OA-W/IGR_OCM|11|193500,19,/D1/OA-W/IGR_OCM,11,193500,163,2000-01-08 13:00:00,2000-01-15 07:00:00,2.876503067484663,2.86,2.56,3.15,0.14823460610573586,0.5899999999999999,2.76,Normal,Normal,Normal,59.08753709198813,78.93175074183975,78.93,OCH power behavior is within the normal dataset distribution.
51|/TO_EAST_OCM|11|192300,51,/TO_EAST_OCM,11,192300,163,2000-01-08 13:00:00,2000-01-15 07:00:00,2.9013090054662576,2.873626343,2.568824837,3.218433597,0.1667083406688427,0.64960876,2.742781939,Normal,Normal,Normal,62.98219584569733,78.85756676557864,78.86,OCH power behavior is within the normal dataset distribution.
36|/TO_WEST_OCM|11|193100,36,/TO_WEST_OCM,11,193100,163,2000-01-08 13:00:00,2000-01-15 07:00:00,3.0684803367668714,3.036771908,2.568888615,3.655869831,0.28644261313897246,1.0869812159999999,3.642206928,Normal,Normal,Normal,77.96735905044511,78.78338278931751,78.78,OCH power behavior is within the normal dataset distribution.
38|/TO_WEST_OCM|11|193100,38,/TO_WEST_OCM,11,193100,163,2000-01-08 13:00:00,2000-01-15 07:00:00,3.4473646888404907,3.389018911,2.943042013,4.044029077,0.2970109468479798,1.1009870640000003,3.959239064,Normal,Normal,Normal,78.70919881305637,69.95548961424332,78.71,OCH power behavior is within the normal dataset distribution.
40|/D2/OA-W/IGR_OCM|11|196100,40,/D2/OA-W/IGR_OCM,11,196100,163,2000-01-08 13:00:00,2000-01-15 07:00:00,2.8296932515337425,2.83,2.57,2.99,0.08967997500635233,0.4200000000000004,2.99,Normal,Normal,Normal,48.738872403560826,78.70919881305637,78.71,OCH power behavior is within the normal dataset distribution.
27|/TO_EAST_OCM|11|192200,27,/TO_EAST_OCM,11,192200,163,2000-01-08 13:00:00,2000-01-15 07:00:00,5.442926366846626,5.236338915,4.745203652,5.846015273,0.29457731808798027,1.100811621,5.688699958,Normal,Normal,Normal,78.63501483679525,11.053412462908007,78.64,OCH power behavior is within the normal dataset distribution.
48|/TO_WEST_OCM|11|193300,48,/TO_WEST_OCM,11,193300,163,2000-01-08 13:00:00,2000-01-15 07:00:00,2.690431644809816,2.690113355,2.577446074,2.796125474,0.042119489644672846,0.21867940000000008,2.671142296,Normal,Normal,Normal,20.77151335311573,78.63501483679525,78.64,OCH power behavior is within the normal dataset distribution.
30|/TO_WEST_OCM|11|194400,30,/TO_WEST_OCM,11,194400,163,2000-01-08 13:00:00,2000-01-15 07:00:00,2.745659966822086,2.749386865,2.578782051,2.908405109,0.06898453384304502,0.3296230579999997,2.839386865,Normal,Normal,Normal,39.317507418397625,78.56083086053413,78.56,OCH power behavior is within the normal dataset distribution.
2|/D1/OA-W/EGR_OCM|11|192900,2,/D1/OA-W/EGR_OCM,11,192900,344,2000-01-01 00:00:00,2000-01-15 07:00:00,3.3171511627906973,3.4,2.8,3.9,0.2833000456383706,1.1,3.0,Normal,Normal,Normal,78.52373887240356,73.81305637982196,78.52,OCH power behavior is within the normal dataset distribution.
2|/D1/OA-W/EGR_OCM|11|193500,2,/D1/OA-W/EGR_OCM,11,193500,344,2000-01-01 00:00:00,2000-01-15 07:00:00,3.3351744186046512,3.4,2.8,3.9,0.32082432790054893,1.1,3.1,Normal,Normal,Normal,78.52373887240356,73.81305637982196,78.52,OCH power behavior is within the normal dataset distribution.
20|/TO_EAST_OCM|11|192600,20,/TO_EAST_OCM,11,192600,163,2000-01-08 13:00:00,2000-01-15 07:00:00,2.66444124303681,2.666476925,2.583769749,2.756939059,0.03226337080869174,0.17316931000000002,2.619666207,Normal,Normal,Normal,13.94658753709199,78.486646884273,78.49,OCH power behavior is within the normal dataset distribution.
48|/TO_EAST_OCM|11|192600,48,/TO_EAST_OCM,11,192600,163,2000-01-08 13:00:00,2000-01-15 07:00:00,2.8537549186871165,2.813020608,2.590650377,3.154494739,0.14603846333873033,0.5638443620000002,2.816145317,Normal,Normal,Normal,58.30860534124629,78.41246290801188,78.41,OCH power behavior is within the normal dataset distribution.
53|/TO_EAST_OCM|11|193000,53,/TO_EAST_OCM,11,193000,163,2000-01-08 13:00:00,2000-01-15 07:00:00,2.86493638996319,2.830864066,2.594029077,3.184029077,0.16492213297121108,0.5899999999999999,2.830864066,Normal,Normal,Normal,59.08753709198813,78.33827893175074,78.34,OCH power behavior is within the normal dataset distribution.
22|/TO_WEST_OCM|11|193100,22,/TO_WEST_OCM,11,193100,163,2000-01-08 13:00:00,2000-01-15 07:00:00,3.720172939588957,3.668699958,3.261033651,4.352781939,0.2460978484979685,1.0917482879999998,4.12807805,Normal,Normal,Normal,78.26409495548961,60.83086053412463,78.26,OCH power behavior is within the normal dataset distribution.
34|/TO_EAST_OCM|11|193500,34,/TO_EAST_OCM,11,193500,163,2000-01-08 13:00:00,2000-01-15 07:00:00,2.753702667533742,2.744858381,2.60183491,3.393963416,0.0798585159315497,0.7921285060000001,2.661142296,Normal,Normal,Normal,68.62017804154303,78.18991097922849,78.19,OCH power behavior is within the normal dataset distribution.
39|/D2/OA-W/IGR_OCM|11|192600,39,/D2/OA-W/IGR_OCM,11,192600,163,2000-01-08 13:00:00,2000-01-15 07:00:00,3.925521472392638,4.02,3.11,4.2,0.23477110831940667,1.0900000000000003,4.05,Normal,Normal,Normal,78.18991097922849,65.20771513353117,78.19,OCH power behavior is within the normal dataset distribution.
22|/TO_WEST_OCM|11|192400,22,/TO_WEST_OCM,11,192400,163,2000-01-08 13:00:00,2000-01-15 07:00:00,3.52766857901227,3.475862497,3.066056514,4.154000795,0.26704250553573883,1.087944281,3.99537518,Normal,Normal,Normal,78.11572700296736,66.91394658753708,78.12,OCH power behavior is within the normal dataset distribution.
48|/TO_WEST_OCM|11|192000,48,/TO_WEST_OCM,11,192000,163,2000-01-08 13:00:00,2000-01-15 07:00:00,2.7485164518834355,2.75137802,2.605360942,2.877803311,0.05142475577747464,0.2724423690000002,2.72137802,Normal,Normal,Normal,30.712166172106826,78.11572700296736,78.12,OCH power behavior is within the normal dataset distribution.
19|/D1/OA-W/IGR_OCM|11|193300,19,/D1/OA-W/IGR_OCM,11,193300,163,2000-01-08 13:00:00,2000-01-15 07:00:00,2.954969325153374,2.93,2.61,3.31,0.1691422596263784,0.7000000000000002,2.9,Normal,Normal,Normal,65.8753709198813,78.04154302670622,78.04,OCH power behavior is within the normal dataset distribution.
51|/TO_EAST_OCM|11|191400,51,/TO_EAST_OCM,11,191400,163,2000-01-08 13:00:00,2000-01-15 07:00:00,2.897369176233129,2.869666207,2.611103621,3.20890712,0.14367047626995752,0.5978034990000003,2.844409025,Normal,Normal,Normal,59.86646884272997,77.96735905044511,77.97,OCH power behavior is within the normal dataset distribution.
25|/TO_WEST_OCM|11|193100,25,/TO_WEST_OCM,11,193100,163,2000-01-08 13:00:00,2000-01-15 07:00:00,3.946351845392638,3.880620029,3.462330904,4.54638745,0.2514488105142625,1.0840565460000002,4.50739785,Normal,Normal,Normal,77.89317507418397,53.783382789317514,77.89,OCH power behavior is within the normal dataset distribution.
29|/TO_WEST_OCM|11|196100,29,/TO_WEST_OCM,11,196100,163,2000-01-08 13:00:00,2000-01-15 07:00:00,3.09319018404908,3.14,2.62,3.62,0.24870704051517736,1.0,3.33,Normal,Normal,Normal,75.4080118694362,77.89317507418397,77.89,OCH power behavior is within the normal dataset distribution.
21|/TO_WEST_OCM|11|193100,21,/TO_WEST_OCM,11,193100,163,2000-01-08 13:00:00,2000-01-15 07:00:00,4.3089487992331295,4.244615892,3.841327012,4.924029077,0.24881662101692423,1.0827020650000003,4.790136468,Normal,Normal,Normal,77.81899109792285,41.69139465875371,77.82,OCH power behavior is within the normal dataset distribution.
39|/D2/OA-W/IGR_OCM|11|193800,39,/D2/OA-W/IGR_OCM,11,193800,163,2000-01-08 13:00:00,2000-01-15 07:00:00,3.3145398773006134,3.4,2.63,3.56,0.22375086027557234,0.9300000000000002,3.42,Normal,Normal,Normal,73.44213649851632,77.81899109792285,77.82,OCH power behavior is within the normal dataset distribution.
37|/TO_EAST_OCM|11|193100,37,/TO_EAST_OCM,11,193100,163,2000-01-08 13:00:00,2000-01-15 07:00:00,3.229615268546012,3.2877201,2.631036742,3.492245351,0.21488880435230803,0.8612086090000002,3.36806535,Normal,Normal,Normal,70.77151335311572,77.74480712166172,77.74,OCH power behavior is within the normal dataset distribution.
50|/TO_EAST_OCM|11|196100,50,/TO_EAST_OCM,11,196100,163,2000-01-08 13:00:00,2000-01-15 07:00:00,3.0077914110429447,3.01,2.64,3.37,0.14678036224437263,0.73,2.92,Normal,Normal,Normal,66.91394658753708,77.6706231454006,77.67,OCH power behavior is within the normal dataset distribution.
37|/TO_WEST_OCM|11|193100,37,/TO_WEST_OCM,11,193100,163,2000-01-08 13:00:00,2000-01-15 07:00:00,3.1324687160122697,3.066955471,2.654085547,3.71807805,0.28222518608373104,1.0639925029999997,3.70807805,Normal,Normal,Normal,77.52225519287835,77.37388724035608,77.52,OCH power behavior is within the normal dataset distribution.
12|/TO_WEST_OCM|4|191600,12,/TO_WEST_OCM,4,191600,344,2000-01-01 00:00:00,2000-01-15 07:00:00,3.980483878395349,3.8505536425,3.48396329,4.546540454,0.2965766872163931,1.0625771639999995,4.266540454,Normal,Normal,Normal,77.44807121661721,53.338278931750736,77.45,OCH power behavior is within the normal dataset distribution.
34|/TO_EAST_OCM|11|191500,34,/TO_EAST_OCM,11,191500,163,2000-01-08 13:00:00,2000-01-15 07:00:00,4.6830040618711655,4.62553577,4.173448635,5.23553577,0.2474228553404398,1.0620871350000005,4.352855824,Normal,Normal,Normal,77.37388724035608,31.08308605341247,77.37,OCH power behavior is within the normal dataset distribution.
44|/TO_WEST_OCM|11|193200,44,/TO_WEST_OCM,11,193200,163,2000-01-08 13:00:00,2000-01-15 07:00:00,2.790906196423313,2.795869831,2.658824837,2.93806535,0.048674717755785094,0.27924051299999997,2.724029077,Normal,Normal,Normal,31.454005934718097,77.29970326409496,77.3,OCH power behavior is within the normal dataset distribution.
43|/TO_WEST_OCM|11|193200,43,/TO_WEST_OCM,11,193200,163,2000-01-08 13:00:00,2000-01-15 07:00:00,2.816944666453988,2.81537518,2.66288985,2.924454798,0.048118327526342326,0.2615649480000002,2.7325561,Normal,Normal,Normal,28.560830860534125,77.22551928783383,77.23,OCH power behavior is within the normal dataset distribution.
39|/D2/OA-W/IGR_OCM|11|196100,39,/D2/OA-W/IGR_OCM,11,196100,163,2000-01-08 13:00:00,2000-01-15 07:00:00,3.677546012269939,3.7,3.06,4.12,0.22111695141516316,1.06,3.66,Normal,Normal,Normal,77.18842729970326,67.24777448071217,77.19,OCH power behavior is within the normal dataset distribution.
44|/TO_WEST_OCM|11|193100,44,/TO_WEST_OCM,11,193100,163,2000-01-08 13:00:00,2000-01-15 07:00:00,2.828964344226994,2.82638745,2.66638745,2.939319844,0.04733452245529787,0.2729323939999997,2.7849035,Normal,Normal,Normal,30.78635014836795,77.1513353115727,77.15,OCH power behavior is within the normal dataset distribution.
10|/D1/OA-W/EGR_OCM|4|191400,10,/D1/OA-W/EGR_OCM,4,191400,344,2000-01-01 00:00:00,2000-01-15 07:00:00,4.183488372093023,4.21,3.49,4.55,0.17871107970735992,1.0599999999999996,4.12,Normal,Normal,Normal,77.07715133531158,53.15281899109792,77.08,OCH power behavior is within the normal dataset distribution.
34|/TO_EAST_OCM|11|192600,34,/TO_EAST_OCM,11,192600,163,2000-01-08 13:00:00,2000-01-15 07:00:00,2.855241512392638,2.852473413,2.666939059,3.076825655,0.07659904066748245,0.40988659599999977,2.882350004,Normal,Normal,Normal,47.62611275964392,77.07715133531157,77.08,OCH power behavior is within the normal dataset distribution.
13|/D2/OA-W/IGR_OCM|4|191700,13,/D2/OA-W/IGR_OCM,4,191700,344,2000-01-01 00:00:00,2000-01-15 07:00:00,3.0595348837209304,3.03,2.67,3.45,0.19833068346594276,0.7800000000000002,3.3,Normal,Normal,Normal,68.32344213649851,77.00296735905044,77.0,OCH power behavior is within the normal dataset distribution.
8|/TO_WEST_OCM|4|191500,8,/TO_WEST_OCM,4,191500,344,2000-01-01 00:00:00,2000-01-15 07:00:00,4.491796912555232,4.5457176585,3.76417926,4.822104644,0.21200335473524026,1.0579253840000002,4.29396329,Normal,Normal,Normal,77.00296735905044,43.99109792284867,77.0,OCH power behavior is within the normal dataset distribution.
51|/TO_EAST_OCM|11|192400,51,/TO_EAST_OCM,11,192400,163,2000-01-08 13:00:00,2000-01-15 07:00:00,3.0209780877116565,2.985302835,2.675648214,3.330346008,0.1636832576692989,0.6546977939999996,2.931232437,Normal,Normal,Normal,63.353115727002965,76.92878338278932,76.93,OCH power behavior is within the normal dataset distribution.
37|/TO_WEST_OCM|11|192000,37,/TO_WEST_OCM,11,192000,163,2000-01-08 13:00:00,2000-01-15 07:00:00,2.9207059236932515,2.981103621,2.677803311,3.127689791,0.13413925777039445,0.44988648,3.001012579,Normal,Normal,Normal,51.038575667655785,76.8545994065282,76.85,OCH power behavior is within the normal dataset distribution.
26|/TO_WEST_OCM|11|191500,26,/TO_WEST_OCM,11,191500,163,2000-01-08 13:00:00,2000-01-15 07:00:00,2.9969558263374236,2.985763817,2.679123405,3.363238287,0.1180292498925228,0.6841148820000003,3.041904548,Normal,Normal,Normal,64.61424332344214,76.78041543026706,76.78,OCH power behavior is within the normal dataset distribution.
16|/TO_WEST_OCM|4|191800,16,/TO_WEST_OCM,4,191800,344,2000-01-01 00:00:00,2000-01-15 07:00:00,4.703215515764535,4.4353476745,4.199640799,5.241287949,0.398956720324226,1.0416471500000002,5.105237385,Normal,Normal,Normal,76.70623145400593,30.415430267062316,76.71,OCH power behavior is within the normal dataset distribution.
20|/TO_EAST_OCM|11|194400,20,/TO_EAST_OCM,11,194400,163,2000-01-08 13:00:00,2000-01-15 07:00:00,2.7506754284417174,2.752242244,2.679191341,2.82703648,0.024542837847074173,0.14784513899999974,2.679191341,Normal,Normal,Normal,9.940652818991099,76.70623145400593,76.71,OCH power behavior is within the normal dataset distribution.
39|/D2/OA-W/IGR_OCM|11|192500,39,/D2/OA-W/IGR_OCM,11,192500,163,2000-01-08 13:00:00,2000-01-15 07:00:00,4.2098159509202455,4.29,3.44,4.48,0.22194836567983134,1.0400000000000005,4.25,Normal,Normal,Normal,76.6320474777448,54.59940652818991,76.63,OCH power behavior is within the normal dataset distribution.
13|/D2/OA-W/IGR_OCM|4|191500,13,/D2/OA-W/IGR_OCM,4,191500,344,2000-01-01 00:00:00,2000-01-15 07:00:00,3.0965406976744188,2.975,2.68,3.52,0.27530732062160934,0.8399999999999999,3.46,Normal,Normal,Normal,69.65875370919882,76.55786350148368,76.56,OCH power behavior is within the normal dataset distribution.
13|/D2/OA-W/IGR_OCM|4|191600,13,/D2/OA-W/IGR_OCM,4,191600,344,2000-01-01 00:00:00,2000-01-15 07:00:00,3.0774418604651164,2.97,2.68,3.53,0.25285857740403195,0.8499999999999996,3.33,Normal,Normal,Normal,70.02967359050444,76.55786350148368,76.56,OCH power behavior is within the normal dataset distribution.
15|/TO_WEST_OCM|4|191900,15,/TO_WEST_OCM,4,191900,344,2000-01-01 00:00:00,2000-01-15 07:00:00,4.407710775930233,4.194148267,3.88194383,4.918961313,0.36626574646759363,1.0370174829999996,4.883155454,Normal,Normal,Normal,76.55786350148368,40.43026706231454,76.56,OCH power behavior is within the normal dataset distribution.
17|/TO_WEST_OCM|4|191900,17,/TO_WEST_OCM,4,191900,344,2000-01-01 00:00:00,2000-01-15 07:00:00,4.719770015511628,4.786006723,3.931744605,4.964826515,0.15596127465607457,1.0330819100000004,4.557795411,Normal,Normal,Normal,76.48367952522254,38.87240356083086,76.48,OCH power behavior is within the normal dataset distribution.
8|/TO_WEST_OCM|4|191400,8,/TO_WEST_OCM,4,191400,344,2000-01-01 00:00:00,2000-01-15 07:00:00,4.859157164950581,4.912653612,4.131992982,5.164987226,0.19173469964958847,1.0329942440000002,4.665740025,Normal,Normal,Normal,76.40949554896143,32.64094955489614,76.41,OCH power behavior is within the normal dataset distribution.
47|/TO_EAST_OCM|11|192600,47,/TO_EAST_OCM,11,192600,163,2000-01-08 13:00:00,2000-01-15 07:00:00,2.972172096226994,2.929264091,2.682860493,3.298329057,0.13839068124433898,0.6154685639999999,2.909264091,Normal,Normal,Normal,61.201780415430264,76.33531157270029,76.34,OCH power behavior is within the normal dataset distribution.
46|/TO_EAST_OCM|11|196100,46,/TO_EAST_OCM,11,196100,163,2000-01-08 13:00:00,2000-01-15 07:00:00,3.832331288343558,3.79,3.31,4.33,0.2998756337940639,1.02,3.59,Normal,Normal,Normal,76.22403560830861,59.19881305637982,76.22,OCH power behavior is within the normal dataset distribution.
45|/TO_EAST_OCM|11|193300,45,/TO_EAST_OCM,11,193300,163,2000-01-08 13:00:00,2000-01-15 07:00:00,2.84778359402454,2.859235271,2.695469677,2.936125474,0.05594704596142632,0.24065579699999962,2.849235271,Normal,Normal,Normal,24.851632047477747,76.18694362017804,76.19,OCH power behavior is within the normal dataset distribution.
13|/D1/OA-W/EGR_OCM|4|191500,13,/D1/OA-W/EGR_OCM,4,191500,344,2000-01-01 00:00:00,2000-01-15 07:00:00,3.7780232558139537,3.66,3.3,4.31,0.2859369327084983,1.0099999999999998,4.16,Normal,Normal,Normal,75.96439169139467,59.718100890207715,75.96,OCH power behavior is within the normal dataset distribution.
35|/TO_EAST_OCM|11|191500,35,/TO_EAST_OCM,11,191500,163,2000-01-08 13:00:00,2000-01-15 07:00:00,6.051183848312883,5.983651504,5.597479254,6.606699684,0.24386975835636013,1.00922043,5.795679101,Normal,Normal,Normal,75.89020771513353,0.5192878338278972,75.89,OCH power behavior is within the normal dataset distribution.
51|/TO_EAST_OCM|11|193200,51,/TO_EAST_OCM,11,193200,163,2000-01-08 13:00:00,2000-01-15 07:00:00,3.007681877791411,2.970484161,2.710864066,3.311451148,0.13998243505368838,0.6005870820000001,2.890864066,Normal,Normal,Normal,60.38575667655787,75.89020771513353,75.89,OCH power behavior is within the normal dataset distribution.
47|/TO_WEST_OCM|11|193500,47,/TO_WEST_OCM,11,193500,163,2000-01-08 13:00:00,2000-01-15 07:00:00,2.8545087716871165,2.857997857,2.718595405,2.949666207,0.04289778724700352,0.23107080200000008,2.838595405,Normal,Normal,Normal,23.14540059347181,75.8160237388724,75.82,OCH power behavior is within the normal dataset distribution.
8|/TO_WEST_OCM|4|191700,8,/TO_WEST_OCM,4,191700,344,2000-01-01 00:00:00,2000-01-15 07:00:00,4.705027708799419,4.723498231500001,4.169239514,5.173507094,0.1584827759408163,1.0042675799999996,4.777473189,Normal,Normal,Normal,75.8160237388724,31.379821958456976,75.82,OCH power behavior is within the normal dataset distribution.
51|/TO_EAST_OCM|11|192500,51,/TO_EAST_OCM,11,192500,163,2000-01-08 13:00:00,2000-01-15 07:00:00,3.011551268527607,2.976338916,2.723626343,3.344454798,0.156260206612589,0.6208284550000003,2.906131713,Normal,Normal,Normal,61.42433234421365,75.74183976261128,75.74,OCH power behavior is within the normal dataset distribution.
37|/TO_WEST_OCM|11|191500,37,/TO_WEST_OCM,11,191500,163,2000-01-08 13:00:00,2000-01-15 07:00:00,2.8367309075337426,2.834018506,2.741334321,2.947108211,0.038143241904069994,0.20577389000000013,2.831334321,Normal,Normal,Normal,18.916913946587538,75.59347181008901,75.59,OCH power behavior is within the normal dataset distribution.
48|/TO_EAST_OCM|11|192300,48,/TO_EAST_OCM,11,192300,163,2000-01-08 13:00:00,2000-01-15 07:00:00,3.033810634325153,3.00807805,2.7449035,3.315869831,0.15528332614367385,0.5709663310000002,2.95537518,Normal,Normal,Normal,58.67952522255193,75.44510385756676,75.45,OCH power behavior is within the normal dataset distribution.
1|/D1/OA-W/EGR_OCM|11|192000,1,/D1/OA-W/EGR_OCM,11,192000,344,2000-01-01 00:00:00,2000-01-15 07:00:00,3.1851744186046513,3.2,2.8,3.8,0.21982228135170842,1.0,3.7,Normal,Normal,Normal,75.4080118694362,73.81305637982196,75.41,OCH power behavior is within the normal dataset distribution.
1|/D1/OA-W/IGR_OCM|11|192700,1,/D1/OA-W/IGR_OCM,11,192700,344,2000-01-01 00:00:00,2000-01-15 07:00:00,5.179360465116279,5.2,4.7,5.7,0.21815192035971986,1.0,5.1,Normal,Normal,Normal,75.4080118694362,12.277448071216613,75.41,OCH power behavior is within the normal dataset distribution.
2|/D1/OA-W/IGR_OCM|11|191400,2,/D1/OA-W/IGR_OCM,11,191400,344,2000-01-01 00:00:00,2000-01-15 07:00:00,4.713662790697675,4.5,4.2,5.2,0.32435531431346015,1.0,5.1,Normal,Normal,Normal,75.4080118694362,30.08160237388724,75.41,OCH power behavior is within the normal dataset distribution.
2|/D1/OA-W/IGR_OCM|11|191600,2,/D1/OA-W/IGR_OCM,11,191600,344,2000-01-01 00:00:00,2000-01-15 07:00:00,4.546802325581396,4.4,4.0,5.0,0.3351014056439432,1.0,4.9,Normal,Normal,Normal,75.4080118694362,36.72106824925816,75.41,OCH power behavior is within the normal dataset distribution.
2|/D1/OA-W/IGR_OCM|11|191800,2,/D1/OA-W/IGR_OCM,11,191800,344,2000-01-01 00:00:00,2000-01-15 07:00:00,4.55203488372093,4.4,4.1,5.1,0.3457302053232728,1.0,5.0,Normal,Normal,Normal,75.4080118694362,33.56824925816023,75.41,OCH power behavior is within the normal dataset distribution.
2|/D1/OA-W/IGR_OCM|11|192700,2,/D1/OA-W/IGR_OCM,11,192700,344,2000-01-01 00:00:00,2000-01-15 07:00:00,4.562790697674418,4.4,4.1,5.1,0.35226762673592293,1.0,5.0,Normal,Normal,Normal,75.4080118694362,33.56824925816023,75.41,OCH power behavior is within the normal dataset distribution.
2|/D1/OA-W/IGR_OCM|11|192900,2,/D1/OA-W/IGR_OCM,11,192900,344,2000-01-01 00:00:00,2000-01-15 07:00:00,4.706976744186047,4.5,4.2,5.2,0.3411661352172946,1.0,5.1,Normal,Normal,Normal,75.4080118694362,30.08160237388724,75.41,OCH power behavior is within the normal dataset distribution.
2|/D1/OA-W/IGR_OCM|11|193100,2,/D1/OA-W/IGR_OCM,11,193100,344,2000-01-01 00:00:00,2000-01-15 07:00:00,4.765988372093023,4.6,4.2,5.2,0.3366446680365794,1.0,5.2,Normal,Normal,Normal,75.4080118694362,30.08160237388724,75.41,OCH power behavior is within the normal dataset distribution.
51|/TO_WEST_OCM|11|191400,51,/TO_WEST_OCM,11,191400,163,2000-01-08 13:00:00,2000-01-15 07:00:00,2.8982089707177914,2.895822334,2.744968518,3.081414638,0.0685069368613632,0.3364461200000002,2.899133862,Normal,Normal,Normal,40.50445103857567,75.37091988130564,75.37,OCH power behavior is within the normal dataset distribution.
53|/TO_WEST_OCM|11|192600,53,/TO_WEST_OCM,11,192600,163,2000-01-08 13:00:00,2000-01-15 07:00:00,2.7916245930981596,2.791424274,2.746825655,2.837570105,0.020510085014071283,0.09074445000000031,2.776825655,Normal,Normal,Normal,2.0029673590504453,75.29673590504451,75.3,OCH power behavior is within the normal dataset distribution.
26|/TO_WEST_OCM|11|192600,26,/TO_WEST_OCM,11,192600,163,2000-01-08 13:00:00,2000-01-15 07:00:00,2.944796278361963,2.927744056,2.74784455,3.211105746,0.09324806274180036,0.46326119599999993,2.87768165,Normal,Normal,Normal,52.44807121661721,75.22255192878337,75.22,OCH power behavior is within the normal dataset distribution.
45|/TO_EAST_OCM|11|193500,45,/TO_EAST_OCM,11,193500,163,2000-01-08 13:00:00,2000-01-15 07:00:00,2.9398055620245396,2.955298031,2.75400993,3.02703648,0.05979148388934475,0.27302655,2.92703648,Normal,Normal,Normal,30.86053412462908,75.14836795252225,75.15,OCH power behavior is within the normal dataset distribution.
43|/TO_WEST_OCM|11|193100,43,/TO_WEST_OCM,11,193100,163,2000-01-08 13:00:00,2000-01-15 07:00:00,2.908690931263804,2.908988828,2.755869831,3.06065336,0.05121641710723097,0.30478352899999983,2.85165487,Normal,Normal,Normal,35.97922848664689,75.07418397626114,75.07,OCH power behavior is within the normal dataset distribution.
22|/TO_WEST_OCM|11|192600,22,/TO_WEST_OCM,11,192600,163,2000-01-08 13:00:00,2000-01-15 07:00:00,2.9721278571042946,2.964905298,2.756634545,3.275586952,0.11012567816041763,0.518952407,3.01970071,Normal,Normal,Normal,55.56379821958457,75.0,75.0,OCH power behavior is within the normal dataset distribution.
44|/TO_EAST_OCM|11|193500,44,/TO_EAST_OCM,11,193500,163,2000-01-08 13:00:00,2000-01-15 07:00:00,2.814203168607362,2.812473413,2.758595405,2.906476925,0.02648385683266163,0.14788152000000032,2.789666207,Normal,Normal,Normal,10.014836795252226,74.92581602373886,74.93,OCH power behavior is within the normal dataset distribution.
36|/TO_EAST_OCM|11|192000,36,/TO_EAST_OCM,11,192000,163,2000-01-08 13:00:00,2000-01-15 07:00:00,4.310569594042945,4.377991376,3.645276881,4.624387503,0.21536361424170633,0.9791106220000003,4.391848068,Normal,Normal,Normal,74.77744807121661,47.77448071216617,74.78,OCH power behavior is within the normal dataset distribution.
41|/TO_WEST_OCM|11|193800,41,/TO_WEST_OCM,11,193800,163,2000-01-08 13:00:00,2000-01-15 07:00:00,2.9405892694294478,2.946125474,2.761424274,3.096125474,0.07276168676229601,0.33470120000000003,2.81992067,Normal,Normal,Normal,40.43026706231454,74.77744807121663,74.78,OCH power behavior is within the normal dataset distribution.
20|/TO_WEST_OCM|11|192600,20,/TO_WEST_OCM,11,192600,163,2000-01-08 13:00:00,2000-01-15 07:00:00,2.99705460304908,2.99768165,2.76183491,3.291012579,0.11759119793816387,0.5291776690000001,2.994652924,Normal,Normal,Normal,56.602373887240354,74.70326409495549,74.7,OCH power behavior is within the normal dataset distribution.
36|/TO_EAST_OCM|11|193100,36,/TO_EAST_OCM,11,193100,163,2000-01-08 13:00:00,2000-01-15 07:00:00,3.587444371079754,3.651692872,2.898824837,3.87578636,0.21752626282059107,0.9769615230000004,3.78739785,Normal,Normal,Normal,74.70326409495549,71.8100890207715,74.7,OCH power behavior is within the normal dataset distribution.
13|/D1/OA-W/EGR_OCM|4|191600,13,/D1/OA-W/EGR_OCM,4,191600,344,2000-01-01 00:00:00,2000-01-15 07:00:00,3.6457558139534885,3.53,3.18,4.15,0.2613923443638834,0.9700000000000002,3.83,Normal,Normal,Normal,74.62908011869436,63.501483679525215,74.63,OCH power behavior is within the normal dataset distribution.
48|/TO_EAST_OCM|11|193100,48,/TO_EAST_OCM,11,193100,163,2000-01-08 13:00:00,2000-01-15 07:00:00,3.0243543299079754,2.98806535,2.766822363,3.2725561,0.13781150256842176,0.5057337369999999,2.936131713,Normal,Normal,Normal,54.97032640949555,74.62908011869436,74.63,OCH power behavior is within the normal dataset distribution.
20|/TO_EAST_OCM|11|193500,20,/TO_EAST_OCM,11,193500,163,2000-01-08 13:00:00,2000-01-15 07:00:00,2.8463032409386506,2.847997857,2.766939059,2.909235271,0.028260402885527728,0.1422962120000002,2.773292642,Normal,Normal,Normal,8.827893175074184,74.55489614243324,74.55,OCH power behavior is within the normal dataset distribution.
35|/TO_EAST_OCM|11|193300,35,/TO_EAST_OCM,11,193300,163,2000-01-08 13:00:00,2000-01-15 07:00:00,2.9363293769325156,2.943020608,2.770605422,3.0942917,0.07495844886519108,0.3236862779999998,2.907446074,Normal,Normal,Normal,38.57566765578635,74.48071216617211,74.48,OCH power behavior is within the normal dataset distribution.
9|/TO_WEST_OCM|4|191700,9,/TO_WEST_OCM,4,191700,344,2000-01-01 00:00:00,2000-01-15 07:00:00,4.871897163354651,4.8806794875,4.295188565,5.24853009,0.1515278487435905,0.9533415249999999,4.80396329,Normal,Normal,Normal,74.4807121661721,26.632047477744802,74.48,OCH power behavior is within the normal dataset distribution.
37|/TO_EAST_OCM|11|193200,37,/TO_EAST_OCM,11,193200,163,2000-01-08 13:00:00,2000-01-15 07:00:00,3.319985304018405,3.38807805,2.773379897,3.56537518,0.20703377997233385,0.7919952830000003,3.391232437,Normal,Normal,Normal,68.5459940652819,74.40652818991099,74.41,OCH power behavior is within the normal dataset distribution.
38|/TO_EAST_OCM|11|192000,38,/TO_EAST_OCM,11,192000,163,2000-01-08 13:00:00,2000-01-15 07:00:00,4.607281612337424,4.682473413,3.904843416,4.855687754,0.22366949936617883,0.950844338,4.654508091,Normal,Normal,Normal,74.40652818991099,39.76261127596439,74.41,OCH power behavior is within the normal dataset distribution.
47|/TO_WEST_OCM|11|191400,47,/TO_WEST_OCM,11,191400,163,2000-01-08 13:00:00,2000-01-15 07:00:00,2.9012608009079752,2.900846245,2.77698501,3.099828691,0.05976526164587989,0.3228436809999997,2.85858114,Normal,Normal,Normal,38.4272997032641,74.33234421364985,74.33,OCH power behavior is within the normal dataset distribution.
38|/TO_EAST_OCM|11|192500,38,/TO_EAST_OCM,11,192500,163,2000-01-08 13:00:00,2000-01-15 07:00:00,4.642389941386503,4.722556099,3.958824836,4.908433597,0.235569363302641,0.9496087610000004,4.752245351,Normal,Normal,Normal,74.1839762611276,38.13056379821958,74.18,OCH power behavior is within the normal dataset distribution.
44|/TO_EAST_OCM|11|193300,44,/TO_EAST_OCM,11,193300,163,2000-01-08 13:00:00,2000-01-15 07:00:00,2.8507032089263804,2.849666207,2.78890712,2.916476925,0.0268435554645352,0.12756980499999981,2.836059786,Normal,Normal,Normal,5.637982195845697,74.18397626112761,74.18,OCH power behavior is within the normal dataset distribution.
38|/TO_EAST_OCM|11|193000,38,/TO_EAST_OCM,11,193000,163,2000-01-08 13:00:00,2000-01-15 07:00:00,3.7395361674539873,3.806001064,3.07807805,4.024000795,0.22870732527381546,0.9459227450000003,3.86165487,Normal,Normal,Normal,74.03560830860533,66.69139465875371,74.04,OCH power behavior is within the normal dataset distribution.
36|/TO_EAST_OCM|11|192500,36,/TO_EAST_OCM,11,192500,163,2000-01-08 13:00:00,2000-01-15 07:00:00,4.307069873613497,4.38165487,3.633246599,4.576569133,0.2319252649778984,0.9433225339999995,4.422206928,Normal,Normal,Normal,73.96142433234422,48.07121661721068,73.96,OCH power behavior is within the normal dataset distribution.
47|/TO_WEST_OCM|11|193800,47,/TO_WEST_OCM,11,193800,163,2000-01-08 13:00:00,2000-01-15 07:00:00,2.9490830978895706,2.951952263,2.794494739,3.061424274,0.04713457467578385,0.26692953500000005,2.939235271,Normal,Normal,Normal,29.3026706231454,73.96142433234421,73.96,OCH power behavior is within the normal dataset distribution.
38|/TO_EAST_OCM|11|192300,38,/TO_EAST_OCM,11,192300,163,2000-01-08 13:00:00,2000-01-15 07:00:00,4.911271231822086,4.99112577,4.22997514,5.165311385,0.2271600039452955,0.9353362450000002,5.026042122,Normal,Normal,Normal,73.88724035608308,29.00593471810089,73.89,OCH power behavior is within the normal dataset distribution.
37|/TO_EAST_OCM|11|193000,37,/TO_EAST_OCM,11,193000,163,2000-01-08 13:00:00,2000-01-15 07:00:00,3.4595789904846628,3.53207854,2.824644626,3.758687478,0.22958392885519277,0.9340428520000001,3.616713655,Normal,Normal,Normal,73.81305637982196,73.29376854599407,73.81,OCH power behavior is within the normal dataset distribution.
37|/TO_EAST_OCM|11|192000,37,/TO_EAST_OCM,11,192000,163,2000-01-08 13:00:00,2000-01-15 07:00:00,4.5048695266073615,4.571583708,3.925360941,4.857719525,0.20902696555400693,0.9323585840000002,4.628184639,Normal,Normal,Normal,73.73887240356083,38.94658753709199,73.74,OCH power behavior is within the normal dataset distribution.
27|/TO_WEST_OCM|11|194400,27,/TO_WEST_OCM,11,194400,163,2000-01-08 13:00:00,2000-01-15 07:00:00,3.052240147791411,3.061108962,2.80970071,3.222774521,0.07706559180153677,0.41307381099999985,3.062559503,Normal,Normal,Normal,48.21958456973294,73.6646884272997,73.66,OCH power behavior is within the normal dataset distribution.
36|/TO_EAST_OCM|11|193200,36,/TO_EAST_OCM,11,193200,163,2000-01-08 13:00:00,2000-01-15 07:00:00,3.718879395478527,3.780136468,3.06806535,3.998433597,0.217139968542905,0.9303682470000001,3.76739785,Normal,Normal,Normal,73.66468842729971,66.83976261127597,73.66,OCH power behavior is within the normal dataset distribution.
39|/D2/OA-W/IGR_OCM|11|192000,39,/D2/OA-W/IGR_OCM,11,192000,163,2000-01-08 13:00:00,2000-01-15 07:00:00,5.280184049079755,5.35,4.6,5.53,0.21476795514883576,0.9300000000000006,5.29,Normal,Normal,Normal,73.59050445103857,14.502967359050444,73.59,OCH power behavior is within the normal dataset distribution.
50|/TO_EAST_OCM|11|192400,50,/TO_EAST_OCM,11,192400,163,2000-01-08 13:00:00,2000-01-15 07:00:00,3.1298159509202454,3.1,2.82,3.46,0.17266063335890633,0.6400000000000001,2.96,Normal,Normal,Normal,62.68545994065282,73.51632047477746,73.52,OCH power behavior is within the normal dataset distribution.
13|/D2/OA-W/IGR_OCM|4|191400,13,/D2/OA-W/IGR_OCM,4,191400,344,2000-01-01 00:00:00,2000-01-15 07:00:00,3.6304360465116274,3.39,3.19,4.12,0.32862659072458505,0.9300000000000002,4.04,Normal,Normal,Normal,73.44213649851632,63.20474777448071,73.44,OCH power behavior is within the normal dataset distribution.
26|/TO_WEST_OCM|11|193300,26,/TO_WEST_OCM,11,193300,163,2000-01-08 13:00:00,2000-01-15 07:00:00,3.071568468411043,3.067719525,2.821036083,3.297803311,0.10135697222830739,0.47676722799999993,3.01784455,Normal,Normal,Normal,52.967359050445104,73.44213649851632,73.44,OCH power behavior is within the normal dataset distribution.
39|/D2/OA-W/IGR_OCM|11|192400,39,/D2/OA-W/IGR_OCM,11,192400,163,2000-01-08 13:00:00,2000-01-15 07:00:00,4.338036809815951,4.42,3.68,4.61,0.21410121898300133,0.9300000000000002,4.35,Normal,Normal,Normal,73.44213649851632,46.624629080118694,73.44,OCH power behavior is within the normal dataset distribution.
35|/TO_EAST_OCM|11|194400,35,/TO_EAST_OCM,11,194400,163,2000-01-08 13:00:00,2000-01-15 07:00:00,2.9813819967239263,2.97919134,2.821424274,3.151037506,0.0612712051579671,0.32961323200000026,2.936989041,Normal,Normal,Normal,39.24332344213649,73.36795252225518,73.37,OCH power behavior is within the normal dataset distribution.
31|/TO_WEST_OCM|11|194400,31,/TO_WEST_OCM,11,194400,163,2000-01-08 13:00:00,2000-01-15 07:00:00,3.0082939794969326,3.004905298,2.825586953,3.205671123,0.07004773872639636,0.38008416999999994,3.083217496,Normal,Normal,Normal,44.95548961424332,73.21958456973294,73.22,OCH power behavior is within the normal dataset distribution.
36|/TO_EAST_OCM|11|193000,36,/TO_EAST_OCM,11,193000,163,2000-01-08 13:00:00,2000-01-15 07:00:00,3.6668136768650306,3.738207545,3.018687479,3.946001064,0.2246078460835275,0.9273135849999998,3.703379897,Normal,Normal,Normal,73.21958456973294,68.32344213649853,73.22,OCH power behavior is within the normal dataset distribution.
42|/TO_WEST_OCM|11|193800,42,/TO_WEST_OCM,11,193800,163,2000-01-08 13:00:00,2000-01-15 07:00:00,2.9979277146687116,2.99890712,2.83137802,3.154843416,0.07393272795817245,0.323465396,2.979666207,Normal,Normal,Normal,38.50148367952522,73.1454005934718,73.15,OCH power behavior is within the normal dataset distribution.
48|/TO_EAST_OCM|11|192400,48,/TO_EAST_OCM,11,192400,163,2000-01-08 13:00:00,2000-01-15 07:00:00,3.0974019605521472,3.060346008,2.835325861,3.375302835,0.14725590875738284,0.539976974,3.005325861,Normal,Normal,Normal,57.04747774480712,73.07121661721068,73.07,OCH power behavior is within the normal dataset distribution.
51|/TO_EAST_OCM|11|193100,51,/TO_EAST_OCM,11,193100,163,2000-01-08 13:00:00,2000-01-15 07:00:00,3.0747426890000003,3.037491565,2.83806535,3.40739785,0.1428633546518448,0.5693325000000002,2.993246599,Normal,Normal,Normal,58.531157270029674,72.99703264094956,73.0,OCH power behavior is within the normal dataset distribution.
35|/TO_WEST_OCM|11|193300,35,/TO_WEST_OCM,11,193300,163,2000-01-08 13:00:00,2000-01-15 07:00:00,2.973282535638037,2.979235271,2.841142296,3.091424274,0.05138670898337172,0.25028197799999985,2.873735559,Normal,Normal,Normal,26.26112759643917,72.92284866468843,72.92,OCH power behavior is within the normal dataset distribution.
37|/TO_EAST_OCM|11|192500,37,/TO_EAST_OCM,11,192500,163,2000-01-08 13:00:00,2000-01-15 07:00:00,4.37723555397546,4.468433597,3.699239064,4.614454798,0.22534222564195866,0.9152157339999998,4.41112577,Normal,Normal,Normal,72.92284866468842,46.2166172106825,72.92,OCH power behavior is within the normal dataset distribution.
34|/TO_WEST_OCM|11|193300,34,/TO_WEST_OCM,11,193300,163,2000-01-08 13:00:00,2000-01-15 07:00:00,3.0065688681104294,3.0042917,2.846059786,3.168594295,0.05702953847901477,0.322534509,3.001142296,Normal,Normal,Normal,38.353115727002965,72.8486646884273,72.85,OCH power behavior is within the normal dataset distribution.
49|/TO_WEST_OCM|11|192600,49,/TO_WEST_OCM,11,192600,163,2000-01-08 13:00:00,2000-01-15 07:00:00,2.975085538650307,2.974508091,2.847932901,3.127803311,0.05509154857766817,0.27987041,2.881217955,Normal,Normal,Normal,31.602373887240354,72.77448071216617,72.77,OCH power behavior is within the normal dataset distribution.
36|/TO_EAST_OCM|11|192300,36,/TO_EAST_OCM,11,192300,163,2000-01-08 13:00:00,2000-01-15 07:00:00,4.523874856190185,4.60207854,3.851354496,4.758988828,0.219001809807274,0.9076343319999998,4.566713655,Normal,Normal,Normal,72.70029673590504,41.468842729970326,72.7,OCH power behavior is within the normal dataset distribution.
50|/TO_EAST_OCM|11|193200,50,/TO_EAST_OCM,11,193200,163,2000-01-08 13:00:00,2000-01-15 07:00:00,3.1170552147239263,3.09,2.85,3.39,0.1436384887522625,0.54,3.06,Normal,Normal,Normal,57.195845697329375,72.70029673590504,72.7,OCH power behavior is within the normal dataset distribution.
38|/TO_EAST_OCM|11|193100,38,/TO_EAST_OCM,11,193100,163,2000-01-08 13:00:00,2000-01-15 07:00:00,3.5657081030613496,3.633246599,2.911232437,3.818824837,0.22276979186034632,0.9075924000000004,3.71578636,Normal,Normal,Normal,72.62611275964392,71.06824925816025,72.63,OCH power behavior is within the normal dataset distribution.
12|/TO_WEST_OCM|4|191500,12,/TO_WEST_OCM,4,191500,344,2000-01-01 00:00:00,2000-01-15 07:00:00,4.0564220110145355,3.8724234995,3.617439468,4.521432792,0.28487553331346505,0.9039933239999995,4.302742355,Normal,Normal,Normal,72.55192878338279,48.738872403560826,72.55,OCH power behavior is within the normal dataset distribution.
49|/TO_EAST_OCM|11|191400,49,/TO_EAST_OCM,11,191400,163,2000-01-08 13:00:00,2000-01-15 07:00:00,3.157710574865031,3.148949957,2.863735559,3.484959409,0.138980001090508,0.6212238499999998,2.973104169,Normal,Normal,Normal,61.5727002967359,72.55192878338279,72.55,OCH power behavior is within the normal dataset distribution.
2|/D1/OA-W/IGR_OCM|11|193500,2,/D1/OA-W/IGR_OCM,11,193500,344,2000-01-01 00:00:00,2000-01-15 07:00:00,4.972093023255814,4.8,4.5,5.4,0.3355170633160926,0.9000000000000004,5.4,Normal,Normal,Normal,72.47774480712165,18.212166172106826,72.48,OCH power behavior is within the normal dataset distribution.
2|/D1/OA-W/EGR_OCM|11|192700,2,/D1/OA-W/EGR_OCM,11,192700,344,2000-01-01 00:00:00,2000-01-15 07:00:00,3.3523255813953488,3.4,2.9,3.8,0.21891689075530502,0.8999999999999999,3.1,Normal,Normal,Normal,72.40356083086054,71.58753709198812,72.4,OCH power behavior is within the normal dataset distribution.
2|/D1/OA-W/IGR_OCM|11|192600,2,/D1/OA-W/IGR_OCM,11,192600,344,2000-01-01 00:00:00,2000-01-15 07:00:00,4.837209302325581,4.6,4.4,5.3,0.35309428092956724,0.8999999999999995,5.3,Normal,Normal,Normal,72.3293768545994,22.589020771513358,72.33,OCH power behavior is within the normal dataset distribution.
48|/TO_EAST_OCM|11|193000,48,/TO_EAST_OCM,11,193000,163,2000-01-08 13:00:00,2000-01-15 07:00:00,3.1837369753190186,3.1249035,2.879239065,3.435869831,0.14539636853707413,0.556630766,3.129676277,Normal,Normal,Normal,57.86350148367953,72.32937685459942,72.33,OCH power behavior is within the normal dataset distribution.
50|/TO_EAST_OCM|11|194400,50,/TO_EAST_OCM,11,194400,163,2000-01-08 13:00:00,2000-01-15 07:00:00,3.180245398773006,3.2,2.88,3.36,0.09713139198500638,0.48,3.04,Normal,Normal,Normal,53.338278931750736,72.25519287833828,72.26,OCH power behavior is within the normal dataset distribution.
47|/TO_EAST_OCM|11|191400,47,/TO_EAST_OCM,11,191400,163,2000-01-08 13:00:00,2000-01-15 07:00:00,3.1194927691165644,3.094652924,2.881583708,3.444348625,0.11731693607280723,0.562764917,2.965005996,Normal,Normal,Normal,58.23442136498517,72.18100890207715,72.18,OCH power behavior is within the normal dataset distribution.
30|/TO_EAST_OCM|11|191500,30,/TO_EAST_OCM,11,191500,163,2000-01-08 13:00:00,2000-01-15 07:00:00,5.709670144245399,5.65686462,5.289123405,6.182855823,0.23003364060343048,0.8937324179999999,5.394898811,Normal,Normal,Normal,72.10682492581603,2.8931750741839735,72.11,OCH power behavior is within the normal dataset distribution.
51|/TO_EAST_OCM|11|193000,51,/TO_EAST_OCM,11,193000,163,2000-01-08 13:00:00,2000-01-15 07:00:00,3.232948599503067,3.191232437,2.887098603,3.49806535,0.15208704856455968,0.610966747,3.181232437,Normal,Normal,Normal,60.97922848664689,72.10682492581601,72.11,OCH power behavior is within the normal dataset distribution.
37|/TO_EAST_OCM|11|192300,37,/TO_EAST_OCM,11,192300,163,2000-01-08 13:00:00,2000-01-15 07:00:00,4.753477952650306,4.82997514,4.112781939,5.006001064,0.21252779879440833,0.8932191249999999,4.785311385,Normal,Normal,Normal,72.03264094955489,33.160237388724035,72.03,OCH power behavior is within the normal dataset distribution.
48|/TO_EAST_OCM|11|193200,48,/TO_EAST_OCM,11,193200,163,2000-01-08 13:00:00,2000-01-15 07:00:00,3.128079528435583,3.091036742,2.891692872,3.361451148,0.13119919019794213,0.46975827599999986,3.086131713,Normal,Normal,Normal,52.6706231454006,72.03264094955489,72.03,OCH power behavior is within the normal dataset distribution.
47|/TO_EAST_OCM|11|193100,47,/TO_EAST_OCM,11,193100,163,2000-01-08 13:00:00,2000-01-15 07:00:00,3.119049634153374,3.086338916,2.892245351,3.37288985,0.12606008508578428,0.48064449899999984,3.108433597,Normal,Normal,Normal,53.63501483679525,71.95845697329378,71.96,OCH power behavior is within the normal dataset distribution.
27|/TO_EAST_OCM|11|192000,27,/TO_EAST_OCM,11,192000,163,2000-01-08 13:00:00,2000-01-15 07:00:00,4.7478509200429455,4.730632699,4.613410149,5.501723861,0.1268952962189834,0.8883137120000004,4.629409417,Normal,Normal,Normal,71.73590504451039,14.094955489614247,71.74,OCH power behavior is within the normal dataset distribution.
32|/TO_EAST_OCM|11|191500,32,/TO_EAST_OCM,11,191500,163,2000-01-08 13:00:00,2000-01-15 07:00:00,5.32163636511043,5.268671515,4.919829193,5.805672637,0.2359557329668441,0.8858434439999998,5.13698501,Normal,Normal,Normal,71.66172106824926,7.195845697329373,71.66,OCH power behavior is within the normal dataset distribution.
2|/D1/OA-W/EGR_OCM|11|192100,2,/D1/OA-W/EGR_OCM,11,192100,344,2000-01-01 00:00:00,2000-01-15 07:00:00,3.1412790697674424,3.1500000000000004,2.9,3.3,0.07469739164566391,0.3999999999999999,3.2,Normal,Normal,Normal,46.36498516320475,71.58753709198812,71.59,OCH power behavior is within the normal dataset distribution.
36|/TO_EAST_OCM|11|192200,36,/TO_EAST_OCM,11,192200,163,2000-01-08 13:00:00,2000-01-15 07:00:00,5.106305986392638,5.185440989,4.470484161,5.355533089,0.20042116703023793,0.8850489279999998,5.115533089,Normal,Normal,Normal,71.58753709198812,19.43620178041543,71.59,OCH power behavior is within the normal dataset distribution.
50|/TO_EAST_OCM|11|193100,50,/TO_EAST_OCM,11,193100,163,2000-01-08 13:00:00,2000-01-15 07:00:00,3.2072392638036806,3.19,2.9,3.5,0.1477748050810371,0.6000000000000001,3.11,Normal,Normal,Normal,60.23738872403561,71.58753709198812,71.59,OCH power behavior is within the normal dataset distribution.
37|/TO_EAST_OCM|11|192400,37,/TO_EAST_OCM,11,192400,163,2000-01-08 13:00:00,2000-01-15 07:00:00,4.657671009858896,4.740587774,4.005947527,4.88578636,0.22447194105650095,0.879838833,4.720714409,Normal,Normal,Normal,71.36498516320475,36.5727002967359,71.36,OCH power behavior is within the normal dataset distribution.
51|/TO_WEST_OCM|11|194400,51,/TO_WEST_OCM,11,194400,163,2000-01-08 13:00:00,2000-01-15 07:00:00,3.0150103879079757,3.005586953,2.902774521,3.152774521,0.052958202551912886,0.25,2.989966741,Normal,Normal,Normal,26.03857566765579,71.36498516320475,71.36,OCH power behavior is within the normal dataset distribution.
38|/TO_EAST_OCM|11|192400,38,/TO_EAST_OCM,11,192400,163,2000-01-08 13:00:00,2000-01-15 07:00:00,4.884877605214724,4.970346008,4.23031147,5.10578636,0.22651285492207923,0.8754748899999996,4.900299957,Normal,Normal,Normal,71.29080118694363,28.783382789317503,71.29,OCH power behavior is within the normal dataset distribution.
31|/TO_WEST_OCM|11|193300,31,/TO_WEST_OCM,11,193300,163,2000-01-08 13:00:00,2000-01-15 07:00:00,3.0934971259325152,3.090605422,2.902860493,3.306476925,0.07130268575055136,0.4036164320000002,2.996059786,Normal,Normal,Normal,46.958456973293764,71.25370919881307,71.25,OCH power behavior is within the normal dataset distribution.
48|/TO_WEST_OCM|11|193500,48,/TO_WEST_OCM,11,193500,163,2000-01-08 13:00:00,2000-01-15 07:00:00,2.9915861539570554,2.992860493,2.902860493,3.082860493,0.03791272380663745,0.18000000000000016,2.961142296,Normal,Normal,Normal,15.43026706231454,71.25370919881307,71.25,OCH power behavior is within the normal dataset distribution.
26|/TO_WEST_OCM|11|192000,26,/TO_WEST_OCM,11,192000,163,2000-01-08 13:00:00,2000-01-15 07:00:00,3.239640469656442,3.270325089,2.902894538,3.506370194,0.15220469561954414,0.6034756560000001,3.352894538,Normal,Normal,Normal,60.459940652818986,71.14243323442136,71.14,OCH power behavior is within the normal dataset distribution.
38|/TO_EAST_OCM|11|193200,38,/TO_EAST_OCM,11,193200,163,2000-01-08 13:00:00,2000-01-15 07:00:00,3.552616430404908,3.624029077,2.94165487,3.814644626,0.21449072717210127,0.8729897560000004,3.609676277,Normal,Normal,Normal,71.14243323442136,70.10385756676558,71.14,OCH power behavior is within the normal dataset distribution.
33|/TO_EAST_OCM|11|196100,33,/TO_EAST_OCM,11,196100,163,2000-01-08 13:00:00,2000-01-15 07:00:00,4.530122699386503,4.52,4.09,4.96,0.22980127681811574,0.8700000000000001,4.35,Normal,Normal,Normal,71.06824925816024,33.86498516320475,71.07,OCH power behavior is within the normal dataset distribution.
47|/TO_EAST_OCM|11|192400,47,/TO_EAST_OCM,11,192400,163,2000-01-08 13:00:00,2000-01-15 07:00:00,3.1611309388159508,3.13031147,2.915440989,3.425533089,0.13549732372777282,0.5100921,3.090346008,Normal,Normal,Normal,55.19287833827893,70.99406528189911,70.99,OCH power behavior is within the normal dataset distribution.
32|/TO_EAST_OCM|11|193500,32,/TO_EAST_OCM,11,193500,163,2000-01-08 13:00:00,2000-01-15 07:00:00,3.5462941385030677,3.542242244,3.4242917,4.292574046,0.07494296623704898,0.8682823460000004,3.51529803,Normal,Normal,Normal,70.91988130563797,55.712166172106826,70.92,OCH power behavior is within the normal dataset distribution.
38|/TO_EAST_OCM|11|192200,38,/TO_EAST_OCM,11,192200,163,2000-01-08 13:00:00,2000-01-15 07:00:00,5.4277689852453985,5.506131713,4.806338915,5.671232437,0.21532587313403836,0.8648935219999991,5.420403572,Normal,Normal,Normal,70.84569732937686,9.56973293768546,70.85,OCH power behavior is within the normal dataset distribution.
19|/D1/OA-W/IGR_OCM|11|193800,19,/D1/OA-W/IGR_OCM,11,193800,163,2000-01-08 13:00:00,2000-01-15 07:00:00,3.2864417177914116,3.27,2.92,3.62,0.1509953845325001,0.7000000000000002,3.09,Normal,Normal,Normal,65.8753709198813,70.80860534124629,70.81,OCH power behavior is within the normal dataset distribution.
50|/TO_EAST_OCM|11|193500,50,/TO_EAST_OCM,11,193500,163,2000-01-08 13:00:00,2000-01-15 07:00:00,3.1971779141104295,3.18,2.92,3.46,0.14643714870738347,0.54,3.2,Normal,Normal,Normal,57.195845697329375,70.80860534124629,70.81,OCH power behavior is within the normal dataset distribution.
47|/TO_EAST_OCM|11|192300,47,/TO_EAST_OCM,11,192300,163,2000-01-08 13:00:00,2000-01-15 07:00:00,3.2023227294294476,3.186928029,2.926001064,3.44997514,0.12963109123279737,0.523974076,3.09997514,Normal,Normal,Normal,56.30563798219585,70.6973293768546,70.7,OCH power behavior is within the normal dataset distribution.
27|/TO_WEST_OCM|11|193300,27,/TO_WEST_OCM,11,193300,163,2000-01-08 13:00:00,2000-01-15 07:00:00,3.170807679030675,3.159235271,2.928594295,3.450650377,0.1025132088842226,0.5220560820000002,3.159235271,Normal,Normal,Normal,56.15727002967359,70.62314540059347,70.62,OCH power behavior is within the normal dataset distribution.
39|/D2/OA-W/IGR_OCM|11|192200,39,/D2/OA-W/IGR_OCM,11,192200,163,2000-01-08 13:00:00,2000-01-15 07:00:00,4.9179141104294475,4.99,4.29,5.15,0.20528947940706088,0.8600000000000003,4.97,Normal,Normal,Normal,70.58605341246292,26.96587537091988,70.59,OCH power behavior is within the normal dataset distribution.
27|/TO_WEST_OCM|11|192600,27,/TO_WEST_OCM,11,192600,163,2000-01-08 13:00:00,2000-01-15 07:00:00,3.119088915411043,3.109666207,2.928595405,3.389264091,0.09317629934932992,0.460668686,3.015360942,Normal,Normal,Normal,52.37388724035609,70.54896142433235,70.55,OCH power behavior is within the normal dataset distribution.
20|/TO_EAST_OCM|11|193800,20,/TO_EAST_OCM,11,193800,163,2000-01-08 13:00:00,2000-01-15 07:00:00,3.0122801988773005,3.012473413,2.929264091,3.069666207,0.02553287009233498,0.1404021160000002,2.966059786,Normal,Normal,Normal,8.531157270029674,70.47477744807122,70.47,OCH power behavior is within the normal dataset distribution.
10|/D1/OA-W/EGR_OCM|4|191700,10,/D1/OA-W/EGR_OCM,4,191700,344,2000-01-01 00:00:00,2000-01-15 07:00:00,3.8559302325581397,3.8449999999999998,3.43,4.29,0.1618452480956461,0.8599999999999999,3.8,Normal,Normal,Normal,70.4005934718101,55.341246290801195,70.4,OCH power behavior is within the normal dataset distribution.
14|/TO_WEST_OCM|4|191400,14,/TO_WEST_OCM,4,191400,344,2000-01-01 00:00:00,2000-01-15 07:00:00,3.831831026947674,3.670308245,3.411888223,4.265740025,0.2718115373110986,0.8538518020000003,4.066188627,Normal,Normal,Normal,70.32640949554896,56.15727002967359,70.33,OCH power behavior is within the normal dataset distribution.
36|/TO_EAST_OCM|11|192400,36,/TO_EAST_OCM,11,192400,163,2000-01-08 13:00:00,2000-01-15 07:00:00,4.541939059484663,4.620587774,3.920346008,4.770714409,0.2159212195997659,0.8503684009999999,4.505533089,Normal,Normal,Normal,70.25222551928783,39.39169139465876,70.25,OCH power behavior is within the normal dataset distribution.
49|/TO_EAST_OCM|11|192600,49,/TO_EAST_OCM,11,192600,163,2000-01-08 13:00:00,2000-01-15 07:00:00,3.252890610220859,3.200650377,2.935469677,3.583020608,0.16005259864300567,0.647550931,3.116125474,Normal,Normal,Normal,62.908011869436194,70.25222551928783,70.25,OCH power behavior is within the normal dataset distribution.
39|/D2/OA-W/IGR_OCM|11|192300,39,/D2/OA-W/IGR_OCM,11,192300,163,2000-01-08 13:00:00,2000-01-15 07:00:00,4.690613496932515,4.76,4.06,4.91,0.20977263780053676,0.8500000000000005,4.71,Normal,Normal,Normal,70.17804154302671,35.16320474777448,70.18,OCH power behavior is within the normal dataset distribution.
48|/TO_EAST_OCM|11|192200,48,/TO_EAST_OCM,11,192200,163,2000-01-08 13:00:00,2000-01-15 07:00:00,3.2164703584355827,3.176338916,2.940864066,3.495648214,0.15616739535798624,0.554784148,3.100587774,Normal,Normal,Normal,57.7893175074184,70.17804154302671,70.18,OCH power behavior is within the normal dataset distribution.
44|/TO_WEST_OCM|11|192500,44,/TO_WEST_OCM,11,192500,163,2000-01-08 13:00:00,2000-01-15 07:00:00,3.1132364075582823,3.120136468,2.942245351,3.2425561,0.05650273816269156,0.3003107489999999,3.108433597,Normal,Normal,Normal,35.237388724035604,70.02967359050444,70.03,OCH power behavior is within the normal dataset distribution.
11|/TO_WEST_OCM|4|191700,11,/TO_WEST_OCM,4,191700,344,2000-01-01 00:00:00,2000-01-15 07:00:00,4.869274496267442,4.9363003915,4.437360394,5.28417926,0.22547972068924912,0.8468188660000004,4.591025707,Normal,Normal,Normal,69.8813056379822,21.364985163204754,69.88,OCH power behavior is within the normal dataset distribution.
51|/TO_WEST_OCM|11|192600,51,/TO_WEST_OCM,11,192600,163,2000-01-08 13:00:00,2000-01-15 07:00:00,3.037440060828221,3.037803311,2.944652924,3.148108186,0.033928969765024145,0.20345526199999986,3.034355834,Normal,Normal,Normal,18.397626112759642,69.8813056379822,69.88,OCH power behavior is within the normal dataset distribution.
23|/TO_EAST_OCM|11|191500,23,/TO_EAST_OCM,11,191500,163,2000-01-08 13:00:00,2000-01-15 07:00:00,3.2749220356748463,3.23698501,2.945822334,3.612199078,0.21260775184687672,0.6663767440000004,3.011361207,Normal,Normal,Normal,63.94658753709199,69.80712166172107,69.81,OCH power behavior is within the normal dataset distribution.
31|/TO_EAST_OCM|11|191500,31,/TO_EAST_OCM,11,191500,163,2000-01-08 13:00:00,2000-01-15 07:00:00,5.482943889067485,5.401312445,5.162844698,6.003071525,0.23556061720137084,0.8402268270000004,5.275672637,Normal,Normal,Normal,69.80712166172107,4.154302670623144,69.81,OCH power behavior is within the normal dataset distribution.
44|/TO_WEST_OCM|11|193000,44,/TO_WEST_OCM,11,193000,163,2000-01-08 13:00:00,2000-01-15 07:00:00,3.1004685081226993,3.09807805,2.952781939,3.216001064,0.05458796196734428,0.263219125,2.98207854,Normal,Normal,Normal,28.635014836795254,69.73293768545994,69.73,OCH power behavior is within the normal dataset distribution.
27|/TO_EAST_OCM|11|196100,27,/TO_EAST_OCM,11,196100,163,2000-01-08 13:00:00,2000-01-15 07:00:00,3.15920245398773,3.16,2.96,3.32,0.07126703041077553,0.3599999999999999,3.05,Normal,Normal,Normal,43.137982195845694,69.51038575667656,69.51,OCH power behavior is within the normal dataset distribution.
37|/TO_EAST_OCM|11|192200,37,/TO_EAST_OCM,11,192200,163,2000-01-08 13:00:00,2000-01-15 07:00:00,5.273805783558283,5.345947527,4.698824836,5.520587774,0.20228933222685405,0.821762938,5.280484161,Normal,Normal,Normal,69.51038575667656,12.537091988130566,69.51,OCH power behavior is within the normal dataset distribution.
51|/TO_EAST_OCM|11|192200,51,/TO_EAST_OCM,11,192200,163,2000-01-08 13:00:00,2000-01-15 07:00:00,3.3016317384601224,3.251036742,2.970346008,3.643246599,0.17239511580523673,0.6729005909999999,3.212245351,Normal,Normal,Normal,64.2433234421365,69.43620178041543,69.44,OCH power behavior is within the normal dataset distribution.
35|/TO_WEST_OCM|11|191500,35,/TO_WEST_OCM,11,191500,163,2000-01-08 13:00:00,2000-01-15 07:00:00,3.2559528055889566,3.266828518,2.977886586,3.418486525,0.08387523575480618,0.44059993900000016,3.294363789,Normal,Normal,Normal,50.59347181008902,69.36201780415429,69.36,OCH power behavior is within the normal dataset distribution.
21|/TO_WEST_OCM|11|191500,21,/TO_WEST_OCM,11,191500,163,2000-01-08 13:00:00,2000-01-15 07:00:00,5.667747411447853,5.662325132,5.276886213,6.087449151,0.1595057222565415,0.8105629380000003,5.936001064,Normal,Normal,Normal,69.28783382789318,3.0415430267062282,69.29,OCH power behavior is within the normal dataset distribution.
50|/TO_EAST_OCM|11|193000,50,/TO_EAST_OCM,11,193000,163,2000-01-08 13:00:00,2000-01-15 07:00:00,3.245030674846626,3.19,2.98,3.53,0.15017838871143044,0.5499999999999998,3.16,Normal,Normal,Normal,57.566765578635014,69.28783382789318,69.29,OCH power behavior is within the normal dataset distribution.
53|/TO_WEST_OCM|11|194400,53,/TO_WEST_OCM,11,194400,163,2000-01-08 13:00:00,2000-01-15 07:00:00,3.0282102090797545,3.027011577,2.981567617,3.071222375,0.020689190661912618,0.089654758,3.0286469,Normal,Normal,Normal,1.6320474777448073,69.21364985163206,69.21,OCH power behavior is within the normal dataset distribution.
50|/TO_EAST_OCM|11|192500,50,/TO_EAST_OCM,11,192500,163,2000-01-08 13:00:00,2000-01-15 07:00:00,3.308282208588957,3.27,2.99,3.64,0.16942019896492333,0.6499999999999999,3.12,Normal,Normal,Normal,63.13056379821958,69.13946587537092,69.14,OCH power behavior is within the normal dataset distribution.
38|/TO_WEST_OCM|11|192000,38,/TO_WEST_OCM,11,192000,163,2000-01-08 13:00:00,2000-01-15 07:00:00,3.1897852948895706,3.245276881,2.998424441,3.375594476,0.11665373419821636,0.3771700349999998,3.268710885,Normal,Normal,Normal,44.43620178041543,69.06528189910979,69.07,OCH power behavior is within the normal dataset distribution.
24|/TO_WEST_OCM|11|196100,24,/TO_WEST_OCM,11,196100,163,2000-01-08 13:00:00,2000-01-15 07:00:00,4.457668711656442,4.46,4.08,4.89,0.22074109339063624,0.8099999999999996,4.81,Normal,Normal,Normal,68.99109792284867,34.27299703264095,68.99,OCH power behavior is within the normal dataset distribution.
28|/TO_WEST_OCM|11|194400,28,/TO_WEST_OCM,11,194400,163,2000-01-08 13:00:00,2000-01-15 07:00:00,3.179785799288344,3.179966741,2.998782051,3.401571268,0.0688325098931449,0.40278921700000003,3.241571268,Normal,Normal,Normal,46.88427299703264,68.99109792284867,68.99,OCH power behavior is within the normal dataset distribution.
20|/TO_WEST_OCM|11|192000,20,/TO_WEST_OCM,11,192000,163,2000-01-08 13:00:00,2000-01-15 07:00:00,3.783716412760736,3.825005996,3.334387503,4.137689791,0.19874380829743898,0.8033022879999998,3.937689791,Normal,Normal,Normal,68.91691394658753,58.45697329376854,68.92,OCH power behavior is within the normal dataset distribution.
2|/D1/OA-W/EGR_OCM|11|192500,2,/D1/OA-W/EGR_OCM,11,192500,344,2000-01-01 00:00:00,2000-01-15 07:00:00,3.2546511627906973,3.3,3.0,3.4,0.07583467785908321,0.3999999999999999,3.2,Normal,Normal,Normal,46.36498516320475,68.91691394658754,68.92,OCH power behavior is within the normal dataset distribution.
27|/TO_EAST_OCM|11|192600,27,/TO_EAST_OCM,11,192600,163,2000-01-08 13:00:00,2000-01-15 07:00:00,3.747901381840491,3.745005996,3.64595888,4.446242737,0.06806705039782265,0.8002838570000006,4.446242737,Normal,Normal,Normal,68.84272997032642,47.70029673590505,68.84,OCH power behavior is within the normal dataset distribution.
53|/TO_WEST_OCM|11|191400,53,/TO_WEST_OCM,11,191400,163,2000-01-08 13:00:00,2000-01-15 07:00:00,3.134610487785276,3.13703648,3.00400993,3.249972033,0.049090437289793315,0.2459621030000001,3.118068953,Normal,Normal,Normal,25.59347181008902,68.84272997032642,68.84,OCH power behavior is within the normal dataset distribution.
48|/TO_EAST_OCM|11|192500,48,/TO_EAST_OCM,11,192500,163,2000-01-08 13:00:00,2000-01-15 07:00:00,3.259247849374233,3.210346008,3.005302835,3.525302835,0.15504939102398696,0.52,3.11578636,Normal,Normal,Normal,55.823442136498514,68.76854599406528,68.77,OCH power behavior is within the normal dataset distribution.
1|/D1/OA-W/IGR_OCM|11|193100,1,/D1/OA-W/IGR_OCM,11,193100,344,2000-01-01 00:00:00,2000-01-15 07:00:00,5.434883720930232,5.4,5.0,5.8,0.14549999598085653,0.7999999999999998,5.6,Normal,Normal,Normal,68.73145400593472,6.157270029673589,68.73,OCH power behavior is within the normal dataset distribution.
33|/TO_EAST_OCM|11|191500,33,/TO_EAST_OCM,11,191500,163,2000-01-08 13:00:00,2000-01-15 07:00:00,5.534294478527608,5.48,5.16,5.96,0.22023267529052365,0.7999999999999998,5.25,Normal,Normal,Normal,68.73145400593472,4.302670623145399,68.73,OCH power behavior is within the normal dataset distribution.
40|/D2/OA-W/IGR_OCM|11|191400,40,/D2/OA-W/IGR_OCM,11,191400,163,2000-01-08 13:00:00,2000-01-15 07:00:00,3.179693251533742,3.19,3.01,3.34,0.06517235755092014,0.33000000000000007,3.2,Normal,Normal,Normal,39.6513353115727,68.69436201780415,68.69,OCH power behavior is within the normal dataset distribution.
53|/TO_WEST_OCM|11|193300,53,/TO_WEST_OCM,11,193300,163,2000-01-08 13:00:00,2000-01-15 07:00:00,3.065845260576687,3.066989041,3.011952263,3.116989041,0.020352165991697344,0.10503677800000011,3.082959846,Normal,Normal,Normal,3.2640949554896146,68.5459940652819,68.55,OCH power behavior is within the normal dataset distribution.
27|/TO_EAST_OCM|11|191500,27,/TO_EAST_OCM,11,191500,163,2000-01-08 13:00:00,2000-01-15 07:00:00,4.2013238775889565,4.13892421,3.783385902,4.571243663,0.2064148246905211,0.7878577609999997,3.907312037,Normal,Normal,Normal,68.47181008902076,43.10089020771514,68.47,OCH power behavior is within the normal dataset distribution.
48|/TO_WEST_OCM|11|193800,48,/TO_WEST_OCM,11,193800,163,2000-01-08 13:00:00,2000-01-15 07:00:00,3.118741786006135,3.121424274,3.016125474,3.221424274,0.043588772476236534,0.2052988,3.163104169,Normal,Normal,Normal,18.768545994065285,68.39762611275965,68.4,OCH power behavior is within the normal dataset distribution.
29|/TO_EAST_OCM|11|191500,29,/TO_EAST_OCM,11,191500,163,2000-01-08 13:00:00,2000-01-15 07:00:00,5.997239263803681,5.97,5.63,6.41,0.21196112019313557,0.7800000000000002,5.64,Normal,Normal,Normal,68.32344213649851,0.37091988130564246,68.32,OCH power behavior is within the normal dataset distribution.
19|/D2/OA-W/IGR_OCM|11|192000,19,/D2/OA-W/IGR_OCM,11,192000,163,2000-01-08 13:00:00,2000-01-15 07:00:00,4.9009202453987735,4.98,4.48,5.26,0.20605288131020152,0.7799999999999994,4.99,Normal,Normal,Normal,68.17507418397626,19.13946587537092,68.18,OCH power behavior is within the normal dataset distribution.
20|/TO_WEST_OCM|11|191500,20,/TO_WEST_OCM,11,191500,163,2000-01-08 13:00:00,2000-01-15 07:00:00,4.540832750447853,4.542550954,4.172348138,4.947449151,0.1502130032862393,0.7751010129999996,4.610571109,Normal,Normal,Normal,68.10089020771514,31.231454005934722,68.1,OCH power behavior is within the normal dataset distribution.
47|/TO_EAST_OCM|11|193200,47,/TO_EAST_OCM,11,193200,163,2000-01-08 13:00:00,2000-01-15 07:00:00,3.254515690828221,3.22578636,3.021232437,3.501036742,0.12664538085565916,0.47980430500000004,3.231451148,Normal,Normal,Normal,53.189910979228486,68.10089020771512,68.1,OCH power behavior is within the normal dataset distribution.
47|/TO_EAST_OCM|11|193000,47,/TO_EAST_OCM,11,193000,163,2000-01-08 13:00:00,2000-01-15 07:00:00,3.252389112687117,3.20165487,3.02165487,3.512206928,0.13834917031186422,0.490552058,3.237491565,Normal,Normal,Normal,54.08011869436202,68.026706231454,68.03,OCH power behavior is within the normal dataset distribution.
23|/TO_WEST_OCM|11|191500,23,/TO_WEST_OCM,11,191500,163,2000-01-08 13:00:00,2000-01-15 07:00:00,5.782449850865031,5.731334321,5.502348138,6.270136468,0.1600111913362653,0.7677883299999992,6.152825486,Normal,Normal,Normal,67.95252225519289,1.3353115727002929,67.95,OCH power behavior is within the normal dataset distribution.
50|/TO_EAST_OCM|11|193300,50,/TO_EAST_OCM,11,193300,163,2000-01-08 13:00:00,2000-01-15 07:00:00,3.308957055214724,3.28,3.04,3.57,0.14103941090458286,0.5299999999999998,3.28,Normal,Normal,Normal,56.71364985163204,67.76706231454006,67.77,OCH power behavior is within the normal dataset distribution.
14|/TO_WEST_OCM|4|191500,14,/TO_WEST_OCM,4,191500,344,2000-01-01 00:00:00,2000-01-15 07:00:00,3.6174880481250002,3.5058556784999997,3.267684719,4.025825423,0.23318242227730882,0.7581407039999997,3.842742355,Normal,Normal,Normal,67.7299703264095,60.534124629080125,67.73,OCH power behavior is within the normal dataset distribution.
42|/TO_WEST_OCM|11|192000,42,/TO_WEST_OCM,11,192000,163,2000-01-08 13:00:00,2000-01-15 07:00:00,3.231597741809816,3.234348625,3.044472576,3.391217955,0.06691260888478363,0.34674537900000013,3.161217955,Normal,Normal,Normal,42.06231454005935,67.65578635014838,67.66,OCH power behavior is within the normal dataset distribution.
28|/TO_EAST_OCM|11|191500,28,/TO_EAST_OCM,11,191500,163,2000-01-08 13:00:00,2000-01-15 07:00:00,4.022968540251534,3.991848068,3.617991376,4.371221672,0.21269261288550811,0.7532302959999999,3.751221672,Normal,Normal,Normal,67.58160237388724,48.66468842729971,67.58,OCH power behavior is within the normal dataset distribution.
35|/TO_EAST_OCM|11|193800,35,/TO_EAST_OCM,11,193800,163,2000-01-08 13:00:00,2000-01-15 07:00:00,3.2808556299570553,3.284652924,3.047719525,3.464843416,0.07740851793750707,0.4171238909999997,3.211036083,Normal,Normal,Normal,48.590504451038576,67.58160237388724,67.58,OCH power behavior is within the normal dataset distribution.
22|/TO_EAST_OCM|11|191500,22,/TO_EAST_OCM,11,191500,163,2000-01-08 13:00:00,2000-01-15 07:00:00,3.5394752810613497,3.484472576,3.195276881,3.948424441,0.20296208386281542,0.7531475599999999,3.364355834,Normal,Normal,Normal,67.50741839762611,63.056379821958465,67.51,OCH power behavior is within the normal dataset distribution.
34|/TO_WEST_OCM|11|192000,34,/TO_WEST_OCM,11,192000,163,2000-01-08 13:00:00,2000-01-15 07:00:00,3.322541289564417,3.358594295,3.049235271,3.567570105,0.14536314155791977,0.518334834,3.445469677,Normal,Normal,Normal,55.48961424332344,67.50741839762611,67.51,OCH power behavior is within the normal dataset distribution.
19|/D1/OA-W/IGR_OCM|11|192600,19,/D1/OA-W/IGR_OCM,11,192600,163,2000-01-08 13:00:00,2000-01-15 07:00:00,3.313558282208589,3.29,3.05,3.68,0.145672900034421,0.6300000000000003,3.17,Normal,Normal,Normal,62.091988130563806,67.43323442136499,67.43,OCH power behavior is within the normal dataset distribution.
35|/TO_EAST_OCM|11|193500,35,/TO_EAST_OCM,11,193500,163,2000-01-08 13:00:00,2000-01-15 07:00:00,3.2692774452576687,3.262350004,3.116059786,3.861571268,0.07293029067541418,0.745511482,3.300605422,Normal,Normal,Normal,67.35905044510386,65.13353115727003,67.36,OCH power behavior is within the normal dataset distribution.
47|/TO_EAST_OCM|11|192500,47,/TO_EAST_OCM,11,192500,163,2000-01-08 13:00:00,2000-01-15 07:00:00,3.2857688444601227,3.246822363,3.051036742,3.530714409,0.13732819502699467,0.47967766700000025,3.21578636,Normal,Normal,Normal,53.11572700296736,67.35905044510386,67.36,OCH power behavior is within the normal dataset distribution.
13|/D1/OA-W/EGR_OCM|4|191800,13,/D1/OA-W/EGR_OCM,4,191800,344,2000-01-01 00:00:00,2000-01-15 07:00:00,3.819476744186047,3.82,3.45,4.19,0.18388348616400937,0.7400000000000002,3.94,Normal,Normal,Normal,67.24777448071217,54.3026706231454,67.25,OCH power behavior is within the normal dataset distribution.
27|/TO_EAST_OCM|11|192400,27,/TO_EAST_OCM,11,192400,163,2000-01-08 13:00:00,2000-01-15 07:00:00,5.395545894263804,5.269239064,5.173246599,5.912330904,0.2456622970482968,0.7390843050000004,5.22739785,Normal,Normal,Normal,67.13649851632047,3.9688427299703233,67.14,OCH power behavior is within the normal dataset distribution.
36|/TO_WEST_OCM|11|193300,36,/TO_WEST_OCM,11,193300,163,2000-01-08 13:00:00,2000-01-15 07:00:00,3.1666485856871165,3.171723861,3.061142296,3.25992067,0.045344057684211535,0.1987783740000002,3.117997857,Normal,Normal,Normal,16.765578635014837,67.13649851632047,67.14,OCH power behavior is within the normal dataset distribution.
37|/TO_WEST_OCM|11|193300,37,/TO_WEST_OCM,11,193300,163,2000-01-08 13:00:00,2000-01-15 07:00:00,3.1979542303803683,3.202242244,3.061424274,3.291424274,0.044542452174998255,0.22999999999999998,3.174494739,Normal,Normal,Normal,22.663204747774483,67.06231454005935,67.06,OCH power behavior is within the normal dataset distribution.
49|/TO_EAST_OCM|11|192300,49,/TO_EAST_OCM,11,192300,163,2000-01-08 13:00:00,2000-01-15 07:00:00,3.396466927926381,3.342206928,3.064000795,3.693379897,0.1689672673033017,0.6293791019999997,3.219239065,Normal,Normal,Normal,61.86943620178042,66.98813056379822,66.99,OCH power behavior is within the normal dataset distribution.
26|/TO_EAST_OCM|11|191500,26,/TO_EAST_OCM,11,191500,163,2000-01-08 13:00:00,2000-01-15 07:00:00,4.228614550791411,4.197736232,3.878297391,4.603651504,0.20713744479302743,0.7253541130000003,3.936056514,Normal,Normal,Normal,66.83976261127597,40.80118694362018,66.84,OCH power behavior is within the normal dataset distribution.
45|/TO_WEST_OCM|11|193100,45,/TO_WEST_OCM,11,193100,163,2000-01-08 13:00:00,2000-01-15 07:00:00,3.1778152328098157,3.179319844,3.07638745,3.288687479,0.04609907019366567,0.2123000290000001,3.077491565,Normal,Normal,Normal,19.881305637982198,66.76557863501485,66.77,OCH power behavior is within the normal dataset distribution.
12|/TO_WEST_OCM|4|191800,12,/TO_WEST_OCM,4,191800,344,2000-01-01 00:00:00,2000-01-15 07:00:00,4.347726476043604,4.341698741,4.004585778,4.72522704,0.17741395855381958,0.720641262,4.498298279,Normal,Normal,Normal,66.69139465875371,36.646884272997035,66.69,OCH power behavior is within the normal dataset distribution.
11|/TO_WEST_OCM|4|191400,11,/TO_WEST_OCM,4,191400,344,2000-01-01 00:00:00,2000-01-15 07:00:00,4.861988934505814,4.913270082,4.525744599,5.24417926,0.2001056170547307,0.7184346609999999,4.657691047,Normal,Normal,Normal,66.61721068249258,17.062314540059344,66.62,OCH power behavior is within the normal dataset distribution.
28|/TO_WEST_OCM|11|192000,28,/TO_WEST_OCM,11,192000,163,2000-01-08 13:00:00,2000-01-15 07:00:00,3.6674044122638034,3.691221672,3.264387503,3.981105746,0.1578947382765025,0.7167182429999999,3.685005996,Normal,Normal,Normal,66.54302670623146,60.682492581602375,66.54,OCH power behavior is within the normal dataset distribution.
44|/TO_WEST_OCM|11|192300,44,/TO_WEST_OCM,11,192300,163,2000-01-08 13:00:00,2000-01-15 07:00:00,3.2331854462331284,3.232781939,3.087491565,3.384644626,0.05455884289349312,0.29715306099999994,3.21807805,Normal,Normal,Normal,34.05044510385757,66.54302670623146,66.54,OCH power behavior is within the normal dataset distribution.
41|/TO_WEST_OCM|11|192000,41,/TO_WEST_OCM,11,192000,163,2000-01-08 13:00:00,2000-01-15 07:00:00,3.255844206030675,3.258710885,3.087991376,3.419044071,0.05871092412651287,0.3310526949999999,3.172150081,Normal,Normal,Normal,40.20771513353116,66.46884272997033,66.47,OCH power behavior is within the normal dataset distribution.
50|/TO_EAST_OCM|11|192300,50,/TO_EAST_OCM,11,192300,163,2000-01-08 13:00:00,2000-01-15 07:00:00,3.438588957055215,3.41,3.09,3.74,0.1722361187963824,0.6500000000000004,3.27,Normal,Normal,Normal,63.27893175074184,66.3946587537092,66.39,OCH power behavior is within the normal dataset distribution.
21|/TO_WEST_OCM|11|192000,21,/TO_WEST_OCM,11,192000,163,2000-01-08 13:00:00,2000-01-15 07:00:00,4.9316409644233135,4.97890712,4.48768165,5.19450809,0.18728737750709723,0.7068264400000004,5.125687754,Normal,Normal,Normal,66.32047477744807,18.84272997032641,66.32,OCH power behavior is within the normal dataset distribution.
45|/TO_WEST_OCM|11|193200,45,/TO_WEST_OCM,11,193200,163,2000-01-08 13:00:00,2000-01-15 07:00:00,3.224747081785276,3.226822363,3.091451148,3.361692872,0.04997681180705233,0.2702417239999999,3.201036742,Normal,Normal,Normal,30.415430267062316,66.24629080118693,66.25,OCH power behavior is within the normal dataset distribution.
41|/TO_EAST_OCM|11|193500,41,/TO_EAST_OCM,11,193500,163,2000-01-08 13:00:00,2000-01-15 07:00:00,3.157375401717791,3.157570105,3.096825655,3.216125474,0.025292903005996653,0.11929981900000008,3.11992067,Normal,Normal,Normal,4.376854599406528,66.17210682492582,66.17,OCH power behavior is within the normal dataset distribution.
44|/TO_WEST_OCM|11|192200,44,/TO_WEST_OCM,11,192200,163,2000-01-08 13:00:00,2000-01-15 07:00:00,3.2259812991042947,3.223626343,3.09739785,3.401451148,0.05549271030934434,0.3040532979999999,3.160403572,Normal,Normal,Normal,35.83086053412463,66.0979228486647,66.1,OCH power behavior is within the normal dataset distribution.
53|/TO_WEST_OCM|11|192000,53,/TO_WEST_OCM,11,192000,163,2000-01-08 13:00:00,2000-01-15 07:00:00,3.152459044484662,3.151952263,3.097971399,3.201037506,0.019828962723442103,0.10306610700000007,3.157971399,Normal,Normal,Normal,3.1899109792284865,66.02373887240356,66.02,OCH power behavior is within the normal dataset distribution.
1|/D1/OA-W/IGR_OCM|11|192000,1,/D1/OA-W/IGR_OCM,11,192000,344,2000-01-01 00:00:00,2000-01-15 07:00:00,5.030523255813954,5.0,4.7,5.4,0.14538082907804986,0.7000000000000002,5.1,Normal,Normal,Normal,65.8753709198813,12.277448071216613,65.88,OCH power behavior is within the normal dataset distribution.
2|/D1/OA-W/EGR_OCM|11|192000,2,/D1/OA-W/EGR_OCM,11,192000,344,2000-01-01 00:00:00,2000-01-15 07:00:00,3.4122093023255813,3.5,3.1,3.7,0.18381065909565672,0.6000000000000001,3.2,Normal,Normal,Normal,60.23738872403561,65.76409495548961,65.76,OCH power behavior is within the normal dataset distribution.
2|/D1/OA-W/EGR_OCM|11|192400,2,/D1/OA-W/EGR_OCM,11,192400,344,2000-01-01 00:00:00,2000-01-15 07:00:00,3.29796511627907,3.3,3.1,3.5,0.07498446061361058,0.3999999999999999,3.3,Normal,Normal,Normal,46.36498516320475,65.76409495548961,65.76,OCH power behavior is within the normal dataset distribution.
2|/D1/OA-W/EGR_OCM|11|192600,2,/D1/OA-W/EGR_OCM,11,192600,344,2000-01-01 00:00:00,2000-01-15 07:00:00,3.451453488372093,3.4,3.1,3.8,0.1326921650224674,0.6999999999999997,3.3,Normal,Normal,Normal,65.68991097922849,65.76409495548961,65.76,OCH power behavior is within the normal dataset distribution.
1|/D1/OA-W/IGR_OCM|11|192100,1,/D1/OA-W/IGR_OCM,11,192100,344,2000-01-01 00:00:00,2000-01-15 07:00:00,4.770058139534884,4.8,4.4,5.1,0.15762078377785146,0.6999999999999993,5.1,Normal,Normal,Normal,65.54154302670622,22.589020771513358,65.54,OCH power behavior is within the normal dataset distribution.
1|/D1/OA-W/IGR_OCM|11|192600,1,/D1/OA-W/IGR_OCM,11,192600,344,2000-01-01 00:00:00,2000-01-15 07:00:00,5.241279069767442,5.2,4.9,5.6,0.14502274084569383,0.6999999999999993,5.3,Normal,Normal,Normal,65.54154302670622,7.678041543026703,65.54,OCH power behavior is within the normal dataset distribution.
49|/TO_EAST_OCM|11|193100,49,/TO_EAST_OCM,11,193100,163,2000-01-08 13:00:00,2000-01-15 07:00:00,3.381691242993865,3.336338916,3.101692872,3.691957607,0.1431447819757238,0.5902647349999999,3.34288985,Normal,Normal,Normal,59.42136498516321,65.50445103857567,65.5,OCH power behavior is within the normal dataset distribution.
43|/TO_WEST_OCM|11|193000,43,/TO_WEST_OCM,11,193000,163,2000-01-08 13:00:00,2000-01-15 07:00:00,3.2626099563926383,3.267491565,3.104000795,3.387491565,0.05307782885762236,0.2834907699999998,3.244000795,Normal,Normal,Normal,32.195845697329375,65.43026706231454,65.43,OCH power behavior is within the normal dataset distribution.
49|/TO_WEST_OCM|11|193300,49,/TO_WEST_OCM,11,193300,163,2000-01-08 13:00:00,2000-01-15 07:00:00,3.238571641638037,3.244494739,3.106476925,3.333735559,0.04629453114801531,0.22725863400000001,3.155469677,Normal,Normal,Normal,21.810089020771514,65.3560830860534,65.36,OCH power behavior is within the normal dataset distribution.
25|/TO_EAST_OCM|11|191500,25,/TO_EAST_OCM,11,191500,163,2000-01-08 13:00:00,2000-01-15 07:00:00,5.215823180092024,5.184948913,4.893071525,5.585180785,0.18855135290886277,0.6921092600000005,4.947025148,Normal,Normal,Normal,65.28189910979229,7.863501483679524,65.28,OCH power behavior is within the normal dataset distribution.
49|/TO_WEST_OCM|11|192000,49,/TO_WEST_OCM,11,192000,163,2000-01-08 13:00:00,2000-01-15 07:00:00,3.244470000239264,3.251834909,3.107803311,3.345687754,0.053520320912670095,0.237884443,3.154843416,Normal,Normal,Normal,24.03560830860534,65.28189910979229,65.28,OCH power behavior is within the normal dataset distribution.
50|/TO_EAST_OCM|11|191400,50,/TO_EAST_OCM,11,191400,163,2000-01-08 13:00:00,2000-01-15 07:00:00,4.444171779141104,4.42,4.13,4.82,0.1411584170527572,0.6900000000000004,4.29,Normal,Normal,Normal,65.09643916913946,32.71513353115727,65.1,OCH power behavior is within the normal dataset distribution.
32|/TO_WEST_OCM|11|193300,32,/TO_WEST_OCM,11,193300,163,2000-01-08 13:00:00,2000-01-15 07:00:00,3.2830177372638034,3.283020608,3.122350004,3.461424274,0.07453902826173216,0.33907427000000023,3.174494739,Normal,Normal,Normal,40.875370919881306,65.0593471810089,65.06,OCH power behavior is within the normal dataset distribution.
41|/TO_EAST_OCM|11|193300,41,/TO_EAST_OCM,11,193300,163,2000-01-08 13:00:00,2000-01-15 07:00:00,3.190682403331288,3.192350004,3.123735559,3.250650377,0.024268242013462976,0.12691481799999993,3.188594295,Normal,Normal,Normal,5.489614243323442,64.91097922848665,64.91,OCH power behavior is within the normal dataset distribution.
19|/D2/OA-W/IGR_OCM|11|191500,19,/D2/OA-W/IGR_OCM,11,191500,163,2000-01-08 13:00:00,2000-01-15 07:00:00,5.037116564417178,5.04,4.7,5.39,0.13315601137726246,0.6899999999999995,5.02,Normal,Normal,Normal,64.87388724035608,12.277448071216613,64.87,OCH power behavior is within the normal dataset distribution.
24|/TO_EAST_OCM|11|191500,24,/TO_EAST_OCM,11,191500,163,2000-01-08 13:00:00,2000-01-15 07:00:00,5.972269938650307,5.94,5.61,6.3,0.19630318140317746,0.6899999999999995,5.71,Normal,Normal,Normal,64.87388724035608,0.4451038575667643,64.87,OCH power behavior is within the normal dataset distribution.
28|/TO_WEST_OCM|11|192600,28,/TO_WEST_OCM,11,192600,163,2000-01-08 13:00:00,2000-01-15 07:00:00,3.2908242507300614,3.284652924,3.124348625,3.554355834,0.09392198534834048,0.4300072089999998,3.141221672,Normal,Normal,Normal,49.85163204747774,64.83679525222553,64.84,OCH power behavior is within the normal dataset distribution.
47|/TO_EAST_OCM|11|192200,47,/TO_EAST_OCM,11,192200,163,2000-01-08 13:00:00,2000-01-15 07:00:00,3.409819366159509,3.386338916,3.126822363,3.695947527,0.13493719351833133,0.5691251639999999,3.286338916,Normal,Normal,Normal,58.45697329376854,64.76261127596439,64.76,OCH power behavior is within the normal dataset distribution.
22|/TO_EAST_OCM|11|196100,22,/TO_EAST_OCM,11,196100,163,2000-01-08 13:00:00,2000-01-15 07:00:00,3.38319018404908,3.35,3.13,3.72,0.15082368711316657,0.5900000000000003,3.13,Normal,Normal,Normal,59.27299703264095,64.57715133531157,64.58,OCH power behavior is within the normal dataset distribution.
46|/TO_WEST_OCM|11|196100,46,/TO_WEST_OCM,11,196100,163,2000-01-08 13:00:00,2000-01-15 07:00:00,3.4696319018404904,3.49,3.13,3.76,0.1471116547931884,0.6299999999999999,3.44,Normal,Normal,Normal,61.980712166172104,64.57715133531157,64.58,OCH power behavior is within the normal dataset distribution.
50|/TO_EAST_OCM|11|193800,50,/TO_EAST_OCM,11,193800,163,2000-01-08 13:00:00,2000-01-15 07:00:00,3.374294478527607,3.34,3.13,3.65,0.13902202208156067,0.52,3.37,Normal,Normal,Normal,55.823442136498514,64.57715133531157,64.58,OCH power behavior is within the normal dataset distribution.
50|/TO_EAST_OCM|11|192200,50,/TO_EAST_OCM,11,192200,163,2000-01-08 13:00:00,2000-01-15 07:00:00,3.684478527607362,3.65,3.36,4.04,0.1822058033735581,0.6800000000000002,3.59,Normal,Normal,Normal,64.54005934718101,57.90059347181009,64.54,OCH power behavior is within the normal dataset distribution.
13|/D1/OA-W/EGR_OCM|4|191900,13,/D1/OA-W/EGR_OCM,4,191900,344,2000-01-01 00:00:00,2000-01-15 07:00:00,3.775174418604651,3.78,3.45,4.13,0.16402898782854655,0.6799999999999997,4.02,Normal,Normal,Normal,64.46587537091987,54.3026706231454,64.47,OCH power behavior is within the normal dataset distribution.
27|/TO_WEST_OCM|11|192000,27,/TO_WEST_OCM,11,192000,163,2000-01-08 13:00:00,2000-01-15 07:00:00,3.683870514570552,3.717991376,3.254508091,3.931035127,0.15669531691242347,0.676527036,3.731221672,Normal,Normal,Normal,64.31750741839762,61.12759643916914,64.32,OCH power behavior is within the normal dataset distribution.
51|/TO_WEST_OCM|11|193300,51,/TO_WEST_OCM,11,193300,163,2000-01-08 13:00:00,2000-01-15 07:00:00,3.212295442809816,3.210650377,3.132350004,3.27992067,0.02796071227471882,0.14757066600000002,3.207997857,Normal,Normal,Normal,9.86646884272997,64.31750741839762,64.32,OCH power behavior is within the normal dataset distribution.
43|/TO_WEST_OCM|11|192500,43,/TO_WEST_OCM,11,192500,163,2000-01-08 13:00:00,2000-01-15 07:00:00,3.2889278557730064,3.28739785,3.134029077,3.433626343,0.05470029903778983,0.2995972659999997,3.280619634,Normal,Normal,Normal,34.27299703264095,64.2433234421365,64.24,OCH power behavior is within the normal dataset distribution.
50|/TO_EAST_OCM|11|192600,50,/TO_EAST_OCM,11,192600,163,2000-01-08 13:00:00,2000-01-15 07:00:00,3.9095092024539877,3.86,3.59,4.26,0.16375909617929302,0.6699999999999999,3.74,Normal,Normal,Normal,64.1320474777448,49.740356083086056,64.13,OCH power behavior is within the normal dataset distribution.
44|/TO_WEST_OCM|11|192400,44,/TO_WEST_OCM,11,192400,163,2000-01-08 13:00:00,2000-01-15 07:00:00,3.3330477362822086,3.335947527,3.155440989,3.465947527,0.0625389137050378,0.31050653799999983,3.216131713,Normal,Normal,Normal,36.86943620178042,64.09495548961424,64.09,OCH power behavior is within the normal dataset distribution.
32|/TO_WEST_OCM|11|192000,32,/TO_WEST_OCM,11,192000,163,2000-01-08 13:00:00,2000-01-15 07:00:00,3.423506676570552,3.432860493,3.15890712,3.616059786,0.10327673843528998,0.45715266600000026,3.516939058,Normal,Normal,Normal,51.70623145400594,64.02077151335311,64.02,OCH power behavior is within the normal dataset distribution.
43|/TO_EAST_OCM|11|193500,43,/TO_EAST_OCM,11,193500,163,2000-01-08 13:00:00,2000-01-15 07:00:00,3.233426104263804,3.233292642,3.169666207,3.302860493,0.026108831646400706,0.13319428599999972,3.210605422,Normal,Normal,Normal,6.899109792284866,63.87240356083086,63.87,OCH power behavior is within the normal dataset distribution.
21|/TO_WEST_OCM|11|193200,21,/TO_WEST_OCM,11,193200,163,2000-01-08 13:00:00,2000-01-15 07:00:00,5.670523104969326,5.662550954,5.46509799,6.127025148,0.09404605926803311,0.6619271580000001,5.690577179,Normal,Normal,Normal,63.798219584569736,1.7062314540059353,63.8,OCH power behavior is within the normal dataset distribution.
44|/TO_EAST_OCM|11|194400,44,/TO_EAST_OCM,11,194400,163,2000-01-08 13:00:00,2000-01-15 07:00:00,3.2666375606932516,3.268405109,3.172069673,3.332941708,0.03120317610016975,0.1608720349999997,3.219386865,Normal,Normal,Normal,12.537091988130564,63.724035608308604,63.72,OCH power behavior is within the normal dataset distribution.
32|/TO_EAST_OCM|11|193300,32,/TO_EAST_OCM,11,193300,163,2000-01-08 13:00:00,2000-01-15 07:00:00,3.2836242938711653,3.280988238,3.174959409,3.397971399,0.041891076619520594,0.22301198999999983,3.217971399,Normal,Normal,Normal,21.364985163204746,63.649851632047486,63.65,OCH power behavior is within the normal dataset distribution.
13|/D2/OA-W/IGR_OCM|4|191800,13,/D2/OA-W/IGR_OCM,4,191800,344,2000-01-01 00:00:00,2000-01-15 07:00:00,3.604389534883721,3.59,3.27,3.93,0.16913320265405093,0.6600000000000001,3.88,Normal,Normal,Normal,63.57566765578635,60.42284866468843,63.58,OCH power behavior is within the normal dataset distribution.
19|/D2/OA-W/IGR_OCM|11|196100,19,/D2/OA-W/IGR_OCM,11,196100,163,2000-01-08 13:00:00,2000-01-15 07:00:00,4.593435582822086,4.54,4.32,4.98,0.16220844830450648,0.6600000000000001,4.63,Normal,Normal,Normal,63.57566765578635,26.26112759643917,63.58,OCH power behavior is within the normal dataset distribution.
24|/TO_WEST_OCM|11|192000,24,/TO_WEST_OCM,11,192000,163,2000-01-08 13:00:00,2000-01-15 07:00:00,5.4201226993865035,5.46,5.02,5.68,0.16395944895403455,0.6600000000000001,5.49,Normal,Normal,Normal,63.57566765578635,5.823442136498514,63.58,OCH power behavior is within the normal dataset distribution.
42|/TO_EAST_OCM|11|193500,42,/TO_EAST_OCM,11,193500,163,2000-01-08 13:00:00,2000-01-15 07:00:00,3.259639801907975,3.262473413,3.17890712,3.312473413,0.02776885412520745,0.13356629300000034,3.246939059,Normal,Normal,Normal,6.973293768545995,63.57566765578635,63.58,OCH power behavior is within the normal dataset distribution.
30|/TO_WEST_OCM|11|192600,30,/TO_WEST_OCM,11,192600,163,2000-01-08 13:00:00,2000-01-15 07:00:00,3.3714099016748467,3.371848068,3.180846245,3.535594476,0.06463108706690995,0.35474823099999986,3.256828518,Normal,Normal,Normal,42.952522255192875,63.4272997032641,63.43,OCH power behavior is within the normal dataset distribution.
28|/TO_WEST_OCM|11|193300,28,/TO_WEST_OCM,11,193300,163,2000-01-08 13:00:00,2000-01-15 07:00:00,3.5146104368282205,3.511834909,3.187803311,3.747932901,0.10678221509677062,0.5601295899999998,3.499264091,Normal,Normal,Normal,58.160237388724035,63.27893175074184,63.28,OCH power behavior is within the normal dataset distribution.
38|/TO_WEST_OCM|11|191500,38,/TO_WEST_OCM,11,191500,163,2000-01-08 13:00:00,2000-01-15 07:00:00,3.2597257483987727,3.259133862,3.19494795,3.313826899,0.025613139811541785,0.11887894899999996,3.260325089,Normal,Normal,Normal,4.302670623145401,63.13056379821958,63.13,OCH power behavior is within the normal dataset distribution.
50|/TO_EAST_OCM|11|192000,50,/TO_EAST_OCM,11,192000,163,2000-01-08 13:00:00,2000-01-15 07:00:00,3.685092024539877,3.65,3.35,4.0,0.17531406772819744,0.6499999999999999,3.61,Normal,Normal,Normal,63.13056379821958,58.160237388724035,63.13,OCH power behavior is within the normal dataset distribution.
48|/TO_WEST_OCM|11|191400,48,/TO_WEST_OCM,11,191400,163,2000-01-08 13:00:00,2000-01-15 07:00:00,3.3409348412147235,3.341834909,3.195687754,3.493292642,0.05556480246265269,0.29760488799999996,3.309264091,Normal,Normal,Normal,34.124629080118694,62.98219584569733,62.98,OCH power behavior is within the normal dataset distribution.
19|/D2/OA-W/IGR_OCM|11|192600,19,/D2/OA-W/IGR_OCM,11,192600,163,2000-01-08 13:00:00,2000-01-15 07:00:00,4.349325153374233,4.34,4.09,4.73,0.12187895652004323,0.6400000000000006,4.38,Normal,Normal,Normal,62.833827893175076,33.86498516320475,62.83,OCH power behavior is within the normal dataset distribution.
1|/D1/OA-W/EGR_OCM|11|191600,1,/D1/OA-W/EGR_OCM,11,191600,344,2000-01-01 00:00:00,2000-01-15 07:00:00,3.2680232558139535,3.3,3.2,3.4,0.04854308338446213,0.19999999999999973,3.2,Normal,Normal,Normal,17.062314540059347,62.79673590504451,62.8,OCH power behavior is within the normal dataset distribution.
1|/D1/OA-W/EGR_OCM|11|191800,1,/D1/OA-W/EGR_OCM,11,191800,344,2000-01-01 00:00:00,2000-01-15 07:00:00,3.3026162790697673,3.3,3.2,3.4,0.030906864175611417,0.19999999999999973,3.3,Normal,Normal,Normal,17.062314540059347,62.79673590504451,62.8,OCH power behavior is within the normal dataset distribution.
1|/D1/OA-W/EGR_OCM|11|192700,1,/D1/OA-W/EGR_OCM,11,192700,344,2000-01-01 00:00:00,2000-01-15 07:00:00,3.2752906976744187,3.3,3.2,3.4,0.04386471815958992,0.19999999999999973,3.2,Normal,Normal,Normal,17.062314540059347,62.79673590504451,62.8,OCH power behavior is within the normal dataset distribution.
1|/D1/OA-W/EGR_OCM|11|193500,1,/D1/OA-W/EGR_OCM,11,193500,344,2000-01-01 00:00:00,2000-01-15 07:00:00,3.3715116279069766,3.4,3.2,3.5,0.05124724136750732,0.2999999999999998,3.4,Normal,Normal,Normal,34.56973293768546,62.79673590504451,62.8,OCH power behavior is within the normal dataset distribution.
49|/TO_EAST_OCM|11|192400,49,/TO_EAST_OCM,11,192400,163,2000-01-08 13:00:00,2000-01-15 07:00:00,3.4800279862576686,3.440403572,3.200403572,3.825325861,0.1663375147760403,0.6249222890000001,3.385371912,Normal,Normal,Normal,61.72106824925816,62.61127596439169,62.61,OCH power behavior is within the normal dataset distribution.
23|/TO_WEST_OCM|11|192000,23,/TO_WEST_OCM,11,192000,163,2000-01-08 13:00:00,2000-01-15 07:00:00,4.5696582446993865,4.611105746,4.214472576,4.851105746,0.16817675863504764,0.6366331699999996,4.721035127,Normal,Normal,Normal,62.38872403560831,29.3026706231454,62.39,OCH power behavior is within the normal dataset distribution.
37|/TO_WEST_OCM|11|192600,37,/TO_WEST_OCM,11,192600,163,2000-01-08 13:00:00,2000-01-15 07:00:00,3.368312355871166,3.377932901,3.207932901,3.461217955,0.0522420452032225,0.253285054,3.328329057,Normal,Normal,Normal,26.780415430267063,62.38872403560831,62.39,OCH power behavior is within the normal dataset distribution.
22|/TO_WEST_OCM|11|192200,22,/TO_WEST_OCM,11,192200,163,2000-01-08 13:00:00,2000-01-15 07:00:00,4.36804989596319,4.337661737,4.115550099,4.75122437,0.1222485785033653,0.6356742710000001,4.592325132,Normal,Normal,Normal,62.240356083086056,33.08605341246291,62.24,OCH power behavior is within the normal dataset distribution.
47|/TO_WEST_OCM|11|192500,47,/TO_WEST_OCM,11,192500,163,2000-01-08 13:00:00,2000-01-15 07:00:00,3.346741025595092,3.3477201,3.214029077,3.46739785,0.053102991198550005,0.2533687729999996,3.30739785,Normal,Normal,Normal,26.85459940652819,62.24035608308605,62.24,OCH power behavior is within the normal dataset distribution.
21|/TO_EAST_OCM|11|191500,21,/TO_EAST_OCM,11,191500,163,2000-01-08 13:00:00,2000-01-15 07:00:00,4.34000579003681,4.32698501,4.034162506,4.66698501,0.20383410197006516,0.632822504,4.061414638,Normal,Normal,Normal,62.166172106824924,35.83086053412463,62.17,OCH power behavior is within the normal dataset distribution.
32|/TO_EAST_OCM|11|194400,32,/TO_EAST_OCM,11,194400,163,2000-01-08 13:00:00,2000-01-15 07:00:00,3.341476420122699,3.336989041,3.214494739,3.469192101,0.0547807985664295,0.2546973619999999,3.263298159,Normal,Normal,Normal,27.077151335311573,62.166172106824924,62.17,OCH power behavior is within the normal dataset distribution.
21|/TO_EAST_OCM|11|196100,21,/TO_EAST_OCM,11,196100,163,2000-01-08 13:00:00,2000-01-15 07:00:00,3.3934969325153372,3.4,3.22,3.5,0.045017606189975024,0.2799999999999998,3.22,Normal,Normal,Normal,31.750741839762615,62.091988130563806,62.09,OCH power behavior is within the normal dataset distribution.
53|/TO_WEST_OCM|11|193800,53,/TO_WEST_OCM,11,193800,163,2000-01-08 13:00:00,2000-01-15 07:00:00,3.2752410169263806,3.27529803,3.220067891,3.328358706,0.018919632267876497,0.10829081500000015,3.292242244,Normal,Normal,Normal,3.5608308605341246,62.01780415430267,62.02,OCH power behavior is within the normal dataset distribution.
34|/TO_EAST_OCM|11|193100,34,/TO_EAST_OCM,11,193100,163,2000-01-08 13:00:00,2000-01-15 07:00:00,3.430380988349693,3.4277201,3.220714409,3.606569133,0.07644387725562583,0.38585472399999965,3.418433597,Normal,Normal,Normal,45.326409495548965,61.943620178041535,61.94,OCH power behavior is within the normal dataset distribution.
36|/TO_WEST_OCM|11|191500,36,/TO_WEST_OCM,11,191500,163,2000-01-08 13:00:00,2000-01-15 07:00:00,3.3163042855889566,3.313651504,3.221904548,3.403651504,0.036543546589388465,0.18174695600000002,3.324594275,Normal,Normal,Normal,15.578635014836795,61.86943620178042,61.87,OCH power behavior is within the normal dataset distribution.
30|/TO_EAST_OCM|11|194400,30,/TO_EAST_OCM,11,194400,163,2000-01-08 13:00:00,2000-01-15 07:00:00,3.3789800396809815,3.377997857,3.232350004,3.523735559,0.0527198932324607,0.29138555499999974,3.232350004,Normal,Normal,Normal,33.531157270029674,61.72106824925816,61.72,OCH power behavior is within the normal dataset distribution.
43|/TO_WEST_OCM|11|192200,43,/TO_WEST_OCM,11,192200,163,2000-01-08 13:00:00,2000-01-15 07:00:00,3.3975216644969324,3.401232437,3.240484161,3.560864066,0.06357914009001099,0.32037990500000024,3.366569133,Normal,Normal,Normal,37.9080118694362,61.5727002967359,61.57,OCH power behavior is within the normal dataset distribution.
14|/TO_WEST_OCM|4|191600,14,/TO_WEST_OCM,4,191600,344,2000-01-01 00:00:00,2000-01-15 07:00:00,3.7076556522906974,3.626229563,3.39522704,4.016097868,0.18731013258200918,0.6208708280000002,3.825481282,Normal,Normal,Normal,61.49851632047477,56.75074183976261,61.5,OCH power behavior is within the normal dataset distribution.
34|/TO_WEST_OCM|11|194400,34,/TO_WEST_OCM,11,194400,163,2000-01-08 13:00:00,2000-01-15 07:00:00,3.3979430960061348,3.393104169,3.246145317,3.600067891,0.058814629739973236,0.35392257400000027,3.411424274,Normal,Normal,Normal,42.87833827893175,61.498516320474785,61.5,OCH power behavior is within the normal dataset distribution.
53|/TO_WEST_OCM|11|193500,53,/TO_WEST_OCM,11,193500,163,2000-01-08 13:00:00,2000-01-15 07:00:00,3.2931610978895707,3.291424274,3.246825655,3.338358706,0.019914178513357975,0.09153305100000031,3.318358706,Normal,Normal,Normal,2.1513353115727005,61.42433234421365,61.42,OCH power behavior is within the normal dataset distribution.
43|/TO_EAST_OCM|11|193300,43,/TO_EAST_OCM,11,193300,163,2000-01-08 13:00:00,2000-01-15 07:00:00,3.3228873597055215,3.322131515,3.250113355,3.406059786,0.028801484551777373,0.15594643100000027,3.320605422,Normal,Normal,Normal,11.646884272997033,61.350148367952514,61.35,OCH power behavior is within the normal dataset distribution.
13|/D2/OA-W/IGR_OCM|4|191900,13,/D2/OA-W/IGR_OCM,4,191900,344,2000-01-01 00:00:00,2000-01-15 07:00:00,3.8532267441860464,3.84,3.54,4.16,0.15566389667719152,0.6200000000000001,3.99,Normal,Normal,Normal,61.31305637982196,51.37240356083086,61.31,OCH power behavior is within the normal dataset distribution.
29|/TO_WEST_OCM|11|192000,29,/TO_WEST_OCM,11,192000,163,2000-01-08 13:00:00,2000-01-15 07:00:00,3.804110429447853,3.83,3.45,4.07,0.1434914290095308,0.6200000000000001,3.93,Normal,Normal,Normal,61.31305637982196,54.3026706231454,61.31,OCH power behavior is within the normal dataset distribution.
49|/TO_EAST_OCM|11|193200,49,/TO_EAST_OCM,11,193200,163,2000-01-08 13:00:00,2000-01-15 07:00:00,3.5075480200552147,3.471036742,3.250864066,3.780864066,0.14345955243501102,0.5299999999999998,3.426569133,Normal,Normal,Normal,56.71364985163204,61.275964391691396,61.28,OCH power behavior is within the normal dataset distribution.
14|/TO_WEST_OCM|4|191700,14,/TO_WEST_OCM,4,191700,344,2000-01-01 00:00:00,2000-01-15 07:00:00,3.6630215471686043,3.646750665,3.381575774,3.996097868,0.1430969719220834,0.6145220940000002,3.729264964,Normal,Normal,Normal,61.12759643916914,57.344213649851625,61.13,OCH power behavior is within the normal dataset distribution.
43|/TO_WEST_OCM|11|192300,43,/TO_WEST_OCM,11,192300,163,2000-01-08 13:00:00,2000-01-15 07:00:00,3.3959061039877296,3.39537518,3.2549035,3.546713655,0.05491299089677134,0.29181015499999985,3.299676277,Normal,Normal,Normal,33.6053412462908,61.05341246290801,61.05,OCH power behavior is within the normal dataset distribution.
47|/TO_WEST_OCM|11|192200,47,/TO_WEST_OCM,11,192200,163,2000-01-08 13:00:00,2000-01-15 07:00:00,3.3671262673006135,3.36739785,3.256338916,3.496131713,0.048173070584584296,0.23979279700000022,3.286131713,Normal,Normal,Normal,24.33234421364985,60.97922848664689,60.98,OCH power behavior is within the normal dataset distribution.
49|/TO_EAST_OCM|11|192200,49,/TO_EAST_OCM,11,192200,163,2000-01-08 13:00:00,2000-01-15 07:00:00,3.59904421798773,3.550587774,3.301692872,3.910587774,0.1664119200140823,0.6088949020000003,3.436822363,Normal,Normal,Normal,60.83086053412463,59.42136498516321,60.83,OCH power behavior is within the normal dataset distribution.
36|/TO_WEST_OCM|11|192000,36,/TO_WEST_OCM,11,192000,163,2000-01-08 13:00:00,2000-01-15 07:00:00,3.516842097828221,3.564355834,3.264355834,3.744409025,0.12611335441629562,0.4800531910000001,3.584355834,Normal,Normal,Normal,53.560830860534125,60.7566765578635,60.76,OCH power behavior is within the normal dataset distribution.
35|/TO_WEST_OCM|11|192000,35,/TO_WEST_OCM,11,192000,163,2000-01-08 13:00:00,2000-01-15 07:00:00,3.70528380701227,3.728108186,3.324508091,3.931103621,0.15989450425572085,0.6065955299999999,3.768108186,Normal,Normal,Normal,60.682492581602375,58.82789317507419,60.68,OCH power behavior is within the normal dataset distribution.
25|/TO_WEST_OCM|11|192000,25,/TO_WEST_OCM,11,192000,163,2000-01-08 13:00:00,2000-01-15 07:00:00,4.777119065846626,4.825594476,4.445276881,5.049851074,0.1589833268019303,0.6045741930000004,4.891848068,Normal,Normal,Normal,60.60830860534124,20.771513353115722,60.61,OCH power behavior is within the normal dataset distribution.
49|/TO_WEST_OCM|11|194400,49,/TO_WEST_OCM,11,194400,163,2000-01-08 13:00:00,2000-01-15 07:00:00,3.402736486159509,3.404959409,3.266145317,3.512959846,0.04188456094639302,0.24681452900000034,3.427971399,Normal,Normal,Normal,25.741839762611274,60.60830860534126,60.61,OCH power behavior is within the normal dataset distribution.
25|/TO_WEST_OCM|11|191500,25,/TO_WEST_OCM,11,191500,163,2000-01-08 13:00:00,2000-01-15 07:00:00,4.213396855006135,4.199944279,3.957312037,4.56165487,0.14840771485923743,0.604342833,4.222844698,Normal,Normal,Normal,60.534124629080125,38.20474777448071,60.53,OCH power behavior is within the normal dataset distribution.
14|/TO_WEST_OCM|4|191900,14,/TO_WEST_OCM,4,191900,344,2000-01-01 00:00:00,2000-01-15 07:00:00,3.5093452669360468,3.511442821,3.271431241,3.751338805,0.09304263645224146,0.4799075639999999,3.511373143,Normal,Normal,Normal,53.26409495548962,60.311572700296736,60.31,OCH power behavior is within the normal dataset distribution.
2|/D1/OA-W/EGR_OCM|11|193100,2,/D1/OA-W/EGR_OCM,11,193100,344,2000-01-01 00:00:00,2000-01-15 07:00:00,3.551453488372093,3.5,3.3,3.9,0.11273531600468567,0.6000000000000001,3.6,Normal,Normal,Normal,60.23738872403561,59.718100890207715,60.24,OCH power behavior is within the normal dataset distribution.
45|/TO_WEST_OCM|11|193000,45,/TO_WEST_OCM,11,193000,163,2000-01-08 13:00:00,2000-01-15 07:00:00,3.4176805343006134,3.41638745,3.28207854,3.546713655,0.05410953040266874,0.2646351149999999,3.392781939,Normal,Normal,Normal,28.857566765578635,60.23738872403561,60.24,OCH power behavior is within the normal dataset distribution.
34|/TO_WEST_OCM|11|192600,34,/TO_WEST_OCM,11,192600,163,2000-01-08 13:00:00,2000-01-15 07:00:00,3.36888398697546,3.36890712,3.283769749,3.490113355,0.04093963759840457,0.2063436059999999,3.359666207,Normal,Normal,Normal,18.991097922848667,60.16320474777448,60.16,OCH power behavior is within the normal dataset distribution.
47|/TO_WEST_OCM|11|192300,47,/TO_WEST_OCM,11,192300,163,2000-01-08 13:00:00,2000-01-15 07:00:00,3.3875214882699383,3.38807805,3.2849035,3.522206928,0.04765678344854414,0.23730342800000015,3.315869831,Normal,Normal,Normal,23.961424332344215,60.08902077151335,60.09,OCH power behavior is within the normal dataset distribution.
1|/D1/OA-W/IGR_OCM|11|192400,1,/D1/OA-W/IGR_OCM,11,192400,344,2000-01-01 00:00:00,2000-01-15 07:00:00,4.998837209302326,5.0,4.7,5.3,0.11927300291212677,0.5999999999999996,5.2,Normal,Normal,Normal,60.05192878338279,12.277448071216613,60.05,OCH power behavior is within the normal dataset distribution.
1|/D1/OA-W/IGR_OCM|11|192500,1,/D1/OA-W/IGR_OCM,11,192500,344,2000-01-01 00:00:00,2000-01-15 07:00:00,4.994186046511628,5.0,4.7,5.3,0.11591154882785104,0.5999999999999996,5.1,Normal,Normal,Normal,60.05192878338279,12.277448071216613,60.05,OCH power behavior is within the normal dataset distribution.
49|/TO_EAST_OCM|11|192500,49,/TO_EAST_OCM,11,192500,163,2000-01-08 13:00:00,2000-01-15 07:00:00,3.5803977749447857,3.535302835,3.290299957,3.885440989,0.1673595805066082,0.5951410319999999,3.445440989,Normal,Normal,Normal,59.718100890207715,60.01483679525222,60.01,OCH power behavior is within the normal dataset distribution.
51|/TO_WEST_OCM|11|192000,51,/TO_WEST_OCM,11,192000,163,2000-01-08 13:00:00,2000-01-15 07:00:00,3.39250352798773,3.385005996,3.294781719,3.524603946,0.04516893760529639,0.2298222270000001,3.458710885,Normal,Normal,Normal,22.181008902077153,59.940652818991104,59.94,OCH power behavior is within the normal dataset distribution.
28|/TO_WEST_OCM|11|191500,28,/TO_WEST_OCM,11,191500,163,2000-01-08 13:00:00,2000-01-15 07:00:00,3.9308664231104293,3.935679101,3.681954168,4.279624505,0.084997734709915,0.5976703370000003,4.046699684,Normal,Normal,Normal,59.79228486646885,46.439169139465875,59.79,OCH power behavior is within the normal dataset distribution.
1|/D1/OA-W/EGR_OCM|11|191400,1,/D1/OA-W/EGR_OCM,11,191400,344,2000-01-01 00:00:00,2000-01-15 07:00:00,3.367441860465116,3.4,3.3,3.5,0.04934996808980136,0.20000000000000018,3.3,Normal,Normal,Normal,17.69287833827893,59.718100890207715,59.72,OCH power behavior is within the normal dataset distribution.
1|/D1/OA-W/EGR_OCM|11|192900,1,/D1/OA-W/EGR_OCM,11,192900,344,2000-01-01 00:00:00,2000-01-15 07:00:00,3.386627906976744,3.4,3.3,3.5,0.0388796592960476,0.20000000000000018,3.4,Normal,Normal,Normal,17.69287833827893,59.718100890207715,59.72,OCH power behavior is within the normal dataset distribution.
1|/D1/OA-W/EGR_OCM|11|193100,1,/D1/OA-W/EGR_OCM,11,193100,344,2000-01-01 00:00:00,2000-01-15 07:00:00,3.397965116279069,3.4,3.3,3.5,0.052030927711029636,0.20000000000000018,3.4,Normal,Normal,Normal,17.69287833827893,59.718100890207715,59.72,OCH power behavior is within the normal dataset distribution.
27|/TO_EAST_OCM|11|193500,27,/TO_EAST_OCM,11,193500,163,2000-01-08 13:00:00,2000-01-15 07:00:00,3.3940862475889575,3.394858381,3.300113355,3.484858381,0.03896402822141993,0.18474502599999987,3.392350004,Normal,Normal,Normal,15.801186943620177,59.495548961424326,59.5,OCH power behavior is within the normal dataset distribution.
32|/TO_WEST_OCM|11|192600,32,/TO_WEST_OCM,11,192600,163,2000-01-08 13:00:00,2000-01-15 07:00:00,3.5210130055276077,3.526476925,3.308595405,3.675687754,0.05607669015278455,0.367092349,3.462473413,Normal,Normal,Normal,43.47181008902077,59.34718100890208,59.35,OCH power behavior is within the normal dataset distribution.
45|/TO_WEST_OCM|11|192500,45,/TO_WEST_OCM,11,192500,163,2000-01-08 13:00:00,2000-01-15 07:00:00,3.4184289057116564,3.413626343,3.308824837,3.5549035,0.05033359019627152,0.24607866300000003,3.319676277,Normal,Normal,Normal,25.667655786350146,59.27299703264095,59.27,OCH power behavior is within the normal dataset distribution.
42|/TO_EAST_OCM|11|194400,42,/TO_EAST_OCM,11,194400,163,2000-01-08 13:00:00,2000-01-15 07:00:00,3.3922662672453985,3.391723861,3.319235271,3.483020608,0.03123465285679048,0.16378533699999975,3.374858381,Normal,Normal,Normal,12.611275964391691,59.124629080118694,59.12,OCH power behavior is within the normal dataset distribution.
27|/TO_WEST_OCM|11|191500,27,/TO_WEST_OCM,11,191500,163,2000-01-08 13:00:00,2000-01-15 07:00:00,3.506766906466258,3.499446136,3.321904548,3.774156725,0.09707771376747937,0.4522521770000001,3.655672637,Normal,Normal,Normal,51.33531157270029,58.976261127596445,58.98,OCH power behavior is within the normal dataset distribution.
19|/D2/OA-W/EGR_OCM|11|191500,19,/D2/OA-W/EGR_OCM,11,191500,163,2000-01-08 13:00:00,2000-01-15 07:00:00,4.729079754601227,4.71,4.45,5.03,0.19988518252369614,0.5800000000000001,4.52,Normal,Normal,Normal,58.902077151335305,20.511869436201778,58.9,OCH power behavior is within the normal dataset distribution.
35|/TO_WEST_OCM|11|194400,35,/TO_WEST_OCM,11,194400,163,2000-01-08 13:00:00,2000-01-15 07:00:00,3.438309832067485,3.419719059,3.323968173,3.655404631,0.06395041030482336,0.3314364580000002,3.455586952,Normal,Normal,Normal,40.281899109792285,58.902077151335305,58.9,OCH power behavior is within the normal dataset distribution.
44|/TO_EAST_OCM|11|193800,44,/TO_EAST_OCM,11,193800,163,2000-01-08 13:00:00,2000-01-15 07:00:00,3.386031986392638,3.387570105,3.32529803,3.44529803,0.024793995084030403,0.1200000000000001,3.394494739,Normal,Normal,Normal,4.599406528189911,58.75370919881306,58.75,OCH power behavior is within the normal dataset distribution.
42|/TO_EAST_OCM|11|193300,42,/TO_EAST_OCM,11,193300,163,2000-01-08 13:00:00,2000-01-15 07:00:00,3.4002082379693253,3.397997857,3.327997857,3.470605422,0.02739480303131607,0.14260756500000005,3.373292642,Normal,Normal,Normal,8.97626112759644,58.67952522255193,58.68,OCH power behavior is within the normal dataset distribution.
23|/TO_EAST_OCM|11|196100,23,/TO_EAST_OCM,11,196100,163,2000-01-08 13:00:00,2000-01-15 07:00:00,3.722147239263804,3.73,3.39,3.96,0.10459647523325134,0.5699999999999998,3.39,Normal,Normal,Normal,58.6053412462908,57.08456973293769,58.61,OCH power behavior is within the normal dataset distribution.
46|/TO_WEST_OCM|11|192600,46,/TO_WEST_OCM,11,192600,163,2000-01-08 13:00:00,2000-01-15 07:00:00,3.477361963190184,3.47,3.33,3.68,0.07011303238130796,0.3500000000000001,3.4,Normal,Normal,Normal,42.50741839762611,58.56824925816024,58.57,OCH power behavior is within the normal dataset distribution.
50|/TO_WEST_OCM|11|196100,50,/TO_WEST_OCM,11,196100,163,2000-01-08 13:00:00,2000-01-15 07:00:00,3.511901840490798,3.5,3.33,3.77,0.09795156366159852,0.43999999999999995,3.63,Normal,Normal,Normal,50.333827893175076,58.56824925816024,58.57,OCH power behavior is within the normal dataset distribution.
49|/TO_EAST_OCM|11|193000,49,/TO_EAST_OCM,11,193000,163,2000-01-08 13:00:00,2000-01-15 07:00:00,3.593652036447853,3.54112577,3.34638745,3.865869831,0.15593530052832655,0.519482381,3.53537518,Normal,Normal,Normal,55.637982195845694,58.30860534124629,58.31,OCH power behavior is within the normal dataset distribution.
51|/TO_WEST_OCM|11|193500,51,/TO_WEST_OCM,11,193500,163,2000-01-08 13:00:00,2000-01-15 07:00:00,3.4166541644539876,3.412350004,3.348594295,3.488594295,0.030014300181612375,0.14000000000000012,3.419235271,Normal,Normal,Normal,8.160237388724036,58.23442136498515,58.23,OCH power behavior is within the normal dataset distribution.
35|/TO_EAST_OCM|11|192600,35,/TO_EAST_OCM,11,192600,163,2000-01-08 13:00:00,2000-01-15 07:00:00,3.5447553582760736,3.550067891,3.353735559,3.726125474,0.07266173077990848,0.37238991499999985,3.58529803,Normal,Normal,Normal,44.21364985163205,58.08605341246291,58.09,OCH power behavior is within the normal dataset distribution.
22|/TO_WEST_OCM|11|191500,22,/TO_WEST_OCM,11,191500,163,2000-01-08 13:00:00,2000-01-15 07:00:00,4.1831730054049086,4.182959846,3.884959409,4.444010867,0.1161451858636235,0.5590514580000003,4.271567617,Normal,Normal,Normal,58.01186943620178,40.35608308605341,58.01,OCH power behavior is within the normal dataset distribution.
30|/TO_WEST_OCM|11|193000,30,/TO_WEST_OCM,11,193000,163,2000-01-08 13:00:00,2000-01-15 07:00:00,3.50836757701227,3.511033651,3.3568759,3.649711551,0.0682703895148936,0.2928356510000003,3.600674515,Normal,Normal,Normal,33.753709198813056,58.01186943620178,58.01,OCH power behavior is within the normal dataset distribution.
27|/TO_EAST_OCM|11|194400,27,/TO_EAST_OCM,11,194400,163,2000-01-08 13:00:00,2000-01-15 07:00:00,3.4899120845276075,3.485755787,3.365755787,3.602564024,0.044888294672014134,0.23680823699999998,3.463161284,Normal,Normal,Normal,23.887240356083087,57.7893175074184,57.79,OCH power behavior is within the normal dataset distribution.
30|/TO_EAST_OCM|11|193300,30,/TO_EAST_OCM,11,193300,163,2000-01-08 13:00:00,2000-01-15 07:00:00,3.453568674981595,3.454494739,3.366125474,3.60992067,0.048183662146624055,0.2437951960000002,3.436059786,Normal,Normal,Normal,25.148367952522253,57.71513353115727,57.72,OCH power behavior is within the normal dataset distribution.
46|/TO_WEST_OCM|11|193300,46,/TO_WEST_OCM,11,193300,163,2000-01-08 13:00:00,2000-01-15 07:00:00,3.5204907975460125,3.52,3.37,3.67,0.05219625454825464,0.2999999999999998,3.47,Normal,Normal,Normal,34.56973293768546,57.64094955489614,57.64,OCH power behavior is within the normal dataset distribution.
41|/TO_WEST_OCM|11|193200,41,/TO_WEST_OCM,11,193200,163,2000-01-08 13:00:00,2000-01-15 07:00:00,3.5318459149141104,3.53806535,3.370587774,3.641692872,0.05404102041229751,0.27110509800000004,3.4377201,Normal,Normal,Normal,30.56379821958457,57.566765578635014,57.57,OCH power behavior is within the normal dataset distribution.
22|/TO_WEST_OCM|11|194400,22,/TO_WEST_OCM,11,194400,163,2000-01-08 13:00:00,2000-01-15 07:00:00,3.541573552288343,3.538594295,3.379666207,3.75992067,0.08246278869632999,0.380254463,3.687570105,Normal,Normal,Normal,45.103857566765576,57.492581602373896,57.49,OCH power behavior is within the normal dataset distribution.
20|/TO_WEST_OCM|11|193300,20,/TO_WEST_OCM,11,193300,163,2000-01-08 13:00:00,2000-01-15 07:00:00,3.671923883398773,3.671583708,3.421103621,3.968595405,0.09693974717191764,0.547491784,3.711103621,Normal,Normal,Normal,57.418397626112764,55.786350148367944,57.42,OCH power behavior is within the normal dataset distribution.
45|/TO_EAST_OCM|11|192000,45,/TO_EAST_OCM,11,192000,163,2000-01-08 13:00:00,2000-01-15 07:00:00,3.546513729030675,3.559666207,3.38137802,3.648595405,0.06497195295289333,0.2672173849999999,3.49890712,Normal,Normal,Normal,29.376854599406528,57.418397626112764,57.42,OCH power behavior is within the normal dataset distribution.
31|/TO_EAST_OCM|11|194400,31,/TO_EAST_OCM,11,194400,163,2000-01-08 13:00:00,2000-01-15 07:00:00,3.5393540083803683,3.545952486,3.386989041,3.685730943,0.059554958449316034,0.2987419019999997,3.508068953,Normal,Normal,Normal,34.19881305637983,57.27002967359051,57.27,OCH power behavior is within the normal dataset distribution.
19|/D2/OA-W/IGR_OCM|11|193000,19,/D2/OA-W/IGR_OCM,11,193000,163,2000-01-08 13:00:00,2000-01-15 07:00:00,5.102699386503067,5.09,4.85,5.39,0.12035985831434298,0.54,5.15,Normal,Normal,Normal,57.195845697329375,8.605341246290799,57.2,OCH power behavior is within the normal dataset distribution.
45|/TO_EAST_OCM|11|194400,45,/TO_EAST_OCM,11,194400,163,2000-01-08 13:00:00,2000-01-15 07:00:00,3.557307339693252,3.567011577,3.387011577,3.714114608,0.0647548705519492,0.32710303100000004,3.527423343,Normal,Normal,Normal,38.946587537091986,57.19584569732938,57.2,OCH power behavior is within the normal dataset distribution.
27|/TO_EAST_OCM|11|193300,27,/TO_EAST_OCM,11,193300,163,2000-01-08 13:00:00,2000-01-15 07:00:00,3.479542579815951,3.480113355,3.391723861,3.593292642,0.040369648829011215,0.2015687810000002,3.421142296,Normal,Normal,Normal,18.323442136498517,56.97329376854599,56.97,OCH power behavior is within the normal dataset distribution.
23|/TO_WEST_OCM|11|193200,23,/TO_WEST_OCM,11,193200,163,2000-01-08 13:00:00,2000-01-15 07:00:00,5.563480013957055,5.557787631,5.292342686,5.823238287,0.09384014156193116,0.5308956010000001,5.493238287,Normal,Normal,Normal,56.89910979228486,2.8189910979228516,56.9,OCH power behavior is within the normal dataset distribution.
52|/TO_WEST_OCM|11|192600,52,/TO_WEST_OCM,11,192600,163,2000-01-08 13:00:00,2000-01-15 07:00:00,3.4405390032638032,3.441583708,3.391834909,3.489264091,0.021210427895585873,0.09742918199999995,3.425079459,Normal,Normal,Normal,2.522255192878338,56.899109792284875,56.9,OCH power behavior is within the normal dataset distribution.
34|/TO_EAST_OCM|11|193000,34,/TO_EAST_OCM,11,193000,163,2000-01-08 13:00:00,2000-01-15 07:00:00,3.542081374312884,3.534644626,3.394000795,3.742206928,0.07308821619699563,0.3482061329999997,3.608207545,Normal,Normal,Normal,42.210682492581604,56.82492581602374,56.82,OCH power behavior is within the normal dataset distribution.
43|/TO_WEST_OCM|11|192400,43,/TO_WEST_OCM,11,192400,163,2000-01-08 13:00:00,2000-01-15 07:00:00,3.544985768141104,3.540299957,3.395325861,3.710403572,0.06367688711844907,0.31507771100000026,3.480714409,Normal,Normal,Normal,37.388724035608305,56.67655786350147,56.68,OCH power behavior is within the normal dataset distribution.
17|/TO_WEST_OCM|4|191400,17,/TO_WEST_OCM,4,191400,344,2000-01-01 00:00:00,2000-01-15 07:00:00,4.692872920738372,4.7667931785,4.425532903,4.954639942,0.14869403351596122,0.5291070390000003,4.540071026,Normal,Normal,Normal,56.52818991097923,21.88427299703264,56.53,OCH power behavior is within the normal dataset distribution.
1|/D1/OA-W/EGR_OCM|11|192600,1,/D1/OA-W/EGR_OCM,11,192600,344,2000-01-01 00:00:00,2000-01-15 07:00:00,3.4747093023255813,3.5,3.4,3.5,0.04353112656789226,0.10000000000000009,3.4,Normal,Normal,Normal,2.8189910979228485,56.4540059347181,56.45,OCH power behavior is within the normal dataset distribution.
46|/TO_WEST_OCM|11|191400,46,/TO_WEST_OCM,11,191400,163,2000-01-08 13:00:00,2000-01-15 07:00:00,3.642208588957055,3.65,3.4,3.8,0.07407057478669435,0.3999999999999999,3.58,Normal,Normal,Normal,46.36498516320475,56.4540059347181,56.45,OCH power behavior is within the normal dataset distribution.
46|/TO_WEST_OCM|11|193500,46,/TO_WEST_OCM,11,193500,163,2000-01-08 13:00:00,2000-01-15 07:00:00,3.551104294478528,3.55,3.4,3.67,0.05406907030974048,0.27,3.42,Normal,Normal,Normal,29.933234421364986,56.4540059347181,56.45,OCH power behavior is within the normal dataset distribution.
17|/TO_WEST_OCM|4|191700,17,/TO_WEST_OCM,4,191700,344,2000-01-01 00:00:00,2000-01-15 07:00:00,4.52505433497093,4.603808077,4.249945807,4.776540454,0.16575438007888169,0.5265946470000005,4.323526719,Normal,Normal,Normal,56.37982195845698,28.11572700296736,56.38,OCH power behavior is within the normal dataset distribution.
17|/TO_WEST_OCM|4|191500,17,/TO_WEST_OCM,4,191500,344,2000-01-01 00:00:00,2000-01-15 07:00:00,4.802297310520348,4.8828416125,4.513335819,5.036097868,0.15887434604286543,0.5227620489999998,4.659401283,Normal,Normal,Normal,56.23145400593472,17.433234421364986,56.23,OCH power behavior is within the normal dataset distribution.
46|/TO_WEST_OCM|11|193100,46,/TO_WEST_OCM,11,193100,163,2000-01-08 13:00:00,2000-01-15 07:00:00,3.6223312883435588,3.63,3.42,3.81,0.08413371597133192,0.3900000000000001,3.53,Normal,Normal,Normal,45.73442136498516,56.0459940652819,56.05,OCH power behavior is within the normal dataset distribution.
46|/TO_WEST_OCM|11|193200,46,/TO_WEST_OCM,11,193200,163,2000-01-08 13:00:00,2000-01-15 07:00:00,3.608588957055215,3.61,3.42,3.79,0.07309622696021402,0.3700000000000001,3.51,Normal,Normal,Normal,43.99109792284867,56.0459940652819,56.05,OCH power behavior is within the normal dataset distribution.
20|/TO_WEST_OCM|11|193200,20,/TO_WEST_OCM,11,193200,163,2000-01-08 13:00:00,2000-01-15 07:00:00,4.698228415748466,4.699792992,4.464594867,4.98509799,0.0950156786779994,0.5205031230000001,4.713572033,Normal,Normal,Normal,56.00890207715133,19.955489614243326,56.01,OCH power behavior is within the normal dataset distribution.
24|/TO_EAST_OCM|11|196100,24,/TO_EAST_OCM,11,196100,163,2000-01-08 13:00:00,2000-01-15 07:00:00,4.953067484662577,4.95,4.71,5.23,0.09671347071482947,0.5200000000000005,4.72,Normal,Normal,Normal,55.934718100890215,11.832344213649847,55.93,OCH power behavior is within the normal dataset distribution.
35|/TO_WEST_OCM|11|192600,35,/TO_WEST_OCM,11,192600,163,2000-01-08 13:00:00,2000-01-15 07:00:00,3.60258774007362,3.607803311,3.421036083,3.737932901,0.06561441875618929,0.316896818,3.534652924,Normal,Normal,Normal,37.46290801186943,55.934718100890215,55.93,OCH power behavior is within the normal dataset distribution.
52|/TO_WEST_OCM|11|194400,52,/TO_WEST_OCM,11,194400,163,2000-01-08 13:00:00,2000-01-15 07:00:00,3.4773894352944787,3.478068953,3.421037506,3.529192101,0.023515379403369174,0.10815459500000024,3.454010867,Normal,Normal,Normal,3.4866468842729974,55.86053412462908,55.86,OCH power behavior is within the normal dataset distribution.
33|/TO_WEST_OCM|11|196100,33,/TO_WEST_OCM,11,196100,163,2000-01-08 13:00:00,2000-01-15 07:00:00,4.214969325153374,4.22,3.95,4.47,0.13470303062905695,0.5199999999999996,4.36,Normal,Normal,Normal,55.712166172106826,38.4272997032641,55.71,OCH power behavior is within the normal dataset distribution.
47|/TO_WEST_OCM|11|193000,47,/TO_WEST_OCM,11,193000,163,2000-01-08 13:00:00,2000-01-15 07:00:00,3.5398014658343557,3.542206928,3.42537518,3.655869831,0.04897733025539222,0.23049465099999988,3.43112577,Normal,Normal,Normal,23.071216617210684,55.6379821958457,55.64,OCH power behavior is within the normal dataset distribution.
32|/TO_WEST_OCM|11|194400,32,/TO_WEST_OCM,11,194400,163,2000-01-08 13:00:00,2000-01-15 07:00:00,3.616106519895706,3.614959409,3.426145317,3.76529803,0.06633609851282321,0.33915271299999983,3.68400993,Normal,Normal,Normal,40.94955489614243,55.56379821958457,55.56,OCH power behavior is within the normal dataset distribution.
41|/TO_EAST_OCM|11|193800,41,/TO_EAST_OCM,11,193800,163,2000-01-08 13:00:00,2000-01-15 07:00:00,3.4989144811779145,3.500650377,3.426825655,3.570650377,0.024439808314094612,0.14382472200000018,3.494494739,Normal,Normal,Normal,9.198813056379821,55.48961424332344,55.49,OCH power behavior is within the normal dataset distribution.
23|/TO_WEST_OCM|11|193300,23,/TO_WEST_OCM,11,193300,163,2000-01-08 13:00:00,2000-01-15 07:00:00,4.4290174608036805,4.433020608,4.156125474,4.666825655,0.09261947352597463,0.5107001809999998,4.454858381,Normal,Normal,Normal,55.34124629080118,31.973293768545997,55.34,OCH power behavior is within the normal dataset distribution.
28|/TO_EAST_OCM|11|196100,28,/TO_EAST_OCM,11,196100,163,2000-01-08 13:00:00,2000-01-15 07:00:00,3.650920245398773,3.66,3.43,3.8,0.07460852412120439,0.36999999999999966,3.52,Normal,Normal,Normal,43.731454005934715,55.341246290801195,55.34,OCH power behavior is within the normal dataset distribution.
30|/TO_WEST_OCM|11|192000,30,/TO_WEST_OCM,11,192000,163,2000-01-08 13:00:00,2000-01-15 07:00:00,3.6626590837607362,3.662150081,3.431012579,3.934472576,0.10932238784450785,0.5034599970000002,3.709044071,Normal,Normal,Normal,54.67359050445104,55.19287833827893,55.19,OCH power behavior is within the normal dataset distribution.
24|/TO_WEST_OCM|11|193000,24,/TO_WEST_OCM,11,193000,163,2000-01-08 13:00:00,2000-01-15 07:00:00,5.622453987730061,5.61,5.39,5.9,0.10404825580695247,0.5100000000000007,5.6,Normal,Normal,Normal,55.118694362017806,2.1513353115726996,55.12,OCH power behavior is within the normal dataset distribution.
19|/D2/OA-W/IGR_OCM|11|192200,19,/D2/OA-W/IGR_OCM,11,192200,163,2000-01-08 13:00:00,2000-01-15 07:00:00,5.004233128834356,5.01,4.75,5.26,0.0938865595077341,0.5099999999999998,5.13,Normal,Normal,Normal,55.04451038575667,10.719584569732943,55.04,OCH power behavior is within the normal dataset distribution.
41|/TO_WEST_OCM|11|193100,41,/TO_WEST_OCM,11,193100,163,2000-01-08 13:00:00,2000-01-15 07:00:00,3.5888173298466257,3.589239064,3.43165487,3.702206928,0.05216934833413722,0.2705520579999998,3.550619634,Normal,Normal,Normal,30.489614243323444,55.04451038575668,55.04,OCH power behavior is within the normal dataset distribution.
34|/TO_EAST_OCM|11|193200,34,/TO_EAST_OCM,11,193200,163,2000-01-08 13:00:00,2000-01-15 07:00:00,3.5831732584417177,3.5749035,3.432206928,3.744454798,0.06667523404003017,0.3122478700000002,3.560619634,Normal,Normal,Normal,37.0919881305638,54.97032640949555,54.97,OCH power behavior is within the normal dataset distribution.
20|/TO_EAST_OCM|11|192300,20,/TO_EAST_OCM,11,192300,163,2000-01-08 13:00:00,2000-01-15 07:00:00,3.520465203877301,3.524029077,3.433246599,3.569676277,0.02515295451036388,0.13642967800000028,3.433246599,Normal,Normal,Normal,7.566765578635016,54.89614243323442,54.9,OCH power behavior is within the normal dataset distribution.
17|/TO_WEST_OCM|4|191800,17,/TO_WEST_OCM,4,191800,344,2000-01-01 00:00:00,2000-01-15 07:00:00,5.15790266819186,5.223655215,4.891520985,5.395141451,0.1509355027541259,0.5036204660000001,5.057264108,Normal,Normal,Normal,54.8219584569733,7.937685459940658,54.82,OCH power behavior is within the normal dataset distribution.
14|/TO_WEST_OCM|4|191800,14,/TO_WEST_OCM,4,191800,344,2000-01-01 00:00:00,2000-01-15 07:00:00,4.423626259630813,4.417264108,4.157388158,4.660907675,0.11888553916482561,0.503519517,4.550907675,Normal,Normal,Normal,54.74777448071217,31.899109792284865,54.75,OCH power behavior is within the normal dataset distribution.
47|/TO_WEST_OCM|11|193100,47,/TO_WEST_OCM,11,193100,163,2000-01-08 13:00:00,2000-01-15 07:00:00,3.5697685878834355,3.563246599,3.438433597,3.831552666,0.050962105168707174,0.39311906899999993,3.519676277,Normal,Normal,Normal,45.99406528189911,54.74777448071217,54.75,OCH power behavior is within the normal dataset distribution.
17|/TO_WEST_OCM|4|191600,17,/TO_WEST_OCM,4,191600,344,2000-01-01 00:00:00,2000-01-15 07:00:00,4.869860436619186,4.9403840075,4.607439468,5.110352742,0.15659060473941186,0.502913274,4.689945807,Normal,Normal,Normal,54.59940652818991,14.243323442136502,54.6,OCH power behavior is within the normal dataset distribution.
22|/TO_WEST_OCM|11|193200,22,/TO_WEST_OCM,11,193200,163,2000-01-08 13:00:00,2000-01-15 07:00:00,5.047946086018404,5.044156725,4.813238287,5.315203652,0.09520958068554645,0.5019653650000002,5.022342686,Normal,Normal,Normal,54.525222551928785,9.347181008902073,54.53,OCH power behavior is within the normal dataset distribution.
19|/D2/OA-W/IGR_OCM|11|192500,19,/D2/OA-W/IGR_OCM,11,192500,163,2000-01-08 13:00:00,2000-01-15 07:00:00,4.594662576687116,4.58,4.38,4.88,0.10389502185455905,0.5,4.64,Normal,Normal,Normal,54.376854599406535,23.66468842729971,54.38,OCH power behavior is within the normal dataset distribution.
19|/D2/OA-W/IGR_OCM|11|193200,19,/D2/OA-W/IGR_OCM,11,193200,163,2000-01-08 13:00:00,2000-01-15 07:00:00,4.936319018404908,4.93,4.72,5.22,0.1087014092110249,0.5,4.9,Normal,Normal,Normal,54.376854599406535,11.535608308605338,54.38,OCH power behavior is within the normal dataset distribution.
29|/TO_EAST_OCM|11|196100,29,/TO_EAST_OCM,11,196100,163,2000-01-08 13:00:00,2000-01-15 07:00:00,4.948220858895706,4.96,4.67,5.17,0.09833126328893899,0.5,4.76,Normal,Normal,Normal,54.376854599406535,13.056379821958453,54.38,OCH power behavior is within the normal dataset distribution.
25|/TO_WEST_OCM|11|192600,25,/TO_WEST_OCM,11,192600,163,2000-01-08 13:00:00,2000-01-15 07:00:00,4.346232187601227,4.332131515,4.128595405,4.628108186,0.10909015043823196,0.49951278099999996,4.325079459,Normal,Normal,Normal,54.22848664688428,32.7893175074184,54.23,OCH power behavior is within the normal dataset distribution.
31|/TO_WEST_OCM|11|192000,31,/TO_WEST_OCM,11,192000,163,2000-01-08 13:00:00,2000-01-15 07:00:00,3.700946578680982,3.714603946,3.451036083,3.907991376,0.1121834638182661,0.45695529300000004,3.781383966,Normal,Normal,Normal,51.632047477744806,54.154302670623146,54.15,OCH power behavior is within the normal dataset distribution.
48|/TO_WEST_OCM|11|192500,48,/TO_WEST_OCM,11,192500,163,2000-01-08 13:00:00,2000-01-15 07:00:00,3.569396345,3.566822363,3.4525561,3.691692872,0.050582752202692,0.23913677200000016,3.4925561,Normal,Normal,Normal,24.10979228486647,54.08011869436202,54.08,OCH power behavior is within the normal dataset distribution.
20|/TO_WEST_OCM|11|192200,20,/TO_WEST_OCM,11,192200,163,2000-01-08 13:00:00,2000-01-15 07:00:00,4.440552170631902,4.425862497,4.23356971,4.723572033,0.10139859566560892,0.4900023229999997,4.626955471,Normal,Normal,Normal,54.00593471810089,28.709198813056382,54.01,OCH power behavior is within the normal dataset distribution.
31|/TO_EAST_OCM|11|193300,31,/TO_EAST_OCM,11,193300,163,2000-01-08 13:00:00,2000-01-15 07:00:00,3.5794797274417176,3.582242244,3.455469677,3.707570105,0.041203195292768544,0.2521004279999999,3.455469677,Normal,Normal,Normal,26.63204747774481,54.00593471810089,54.01,OCH power behavior is within the normal dataset distribution.
35|/TO_WEST_OCM|11|192200,35,/TO_WEST_OCM,11,192200,163,2000-01-08 13:00:00,2000-01-15 07:00:00,4.762419809527607,4.74553577,4.519483248,5.009018911,0.09978603503195771,0.48953566299999984,4.880146361,Normal,Normal,Normal,53.93175074183977,17.321958456973295,53.93,OCH power behavior is within the normal dataset distribution.
51|/TO_WEST_OCM|11|193800,51,/TO_WEST_OCM,11,193800,163,2000-01-08 13:00:00,2000-01-15 07:00:00,3.5407367316073617,3.536989041,3.45703648,3.664959409,0.03841737447624305,0.20792292899999998,3.544959409,Normal,Normal,Normal,19.13946587537092,53.93175074183976,53.93,OCH power behavior is within the normal dataset distribution.
22|/TO_WEST_OCM|11|193300,22,/TO_WEST_OCM,11,193300,163,2000-01-08 13:00:00,2000-01-15 07:00:00,3.94420723792638,3.948949957,3.731424274,4.218949957,0.09743884129984957,0.4875256830000003,3.901424274,Normal,Normal,Normal,53.85756676557863,45.32640949554896,53.86,OCH power behavior is within the normal dataset distribution.
21|/TO_WEST_OCM|11|192600,21,/TO_WEST_OCM,11,192600,163,2000-01-08 13:00:00,2000-01-15 07:00:00,4.012112019674847,4.000605422,3.769666207,4.256476925,0.11013691285754809,0.4868107180000001,4.057446074,Normal,Normal,Normal,53.7833827893175,43.76854599406528,53.78,OCH power behavior is within the normal dataset distribution.
21|/TO_WEST_OCM|11|192200,21,/TO_WEST_OCM,11,192200,163,2000-01-08 13:00:00,2000-01-15 07:00:00,5.593597211484663,5.580674515,5.380253779,5.866771908,0.09607496167857825,0.48651812899999936,5.772325132,Normal,Normal,Normal,53.70919881305638,2.2255192878338326,53.71,OCH power behavior is within the normal dataset distribution.
31|/TO_WEST_OCM|11|192600,31,/TO_WEST_OCM,11,192600,163,2000-01-08 13:00:00,2000-01-15 07:00:00,3.625875428809816,3.628184639,3.471383966,3.774781719,0.057584768182121514,0.30339775300000005,3.581383966,Normal,Normal,Normal,35.682492581602375,53.70919881305638,53.71,OCH power behavior is within the normal dataset distribution.
45|/TO_WEST_OCM|11|192300,45,/TO_WEST_OCM,11,192300,163,2000-01-08 13:00:00,2000-01-15 07:00:00,3.6292953152453986,3.627491565,3.47165487,3.79207854,0.05650014512740001,0.3204236699999998,3.576713655,Normal,Normal,Normal,37.98219584569733,53.63501483679525,53.64,OCH power behavior is within the normal dataset distribution.
41|/TO_EAST_OCM|11|194400,41,/TO_EAST_OCM,11,194400,163,2000-01-08 13:00:00,2000-01-15 07:00:00,3.5845241739815954,3.585452099,3.477011577,3.662574046,0.030804852048209368,0.18556246900000017,3.596832087,Normal,Normal,Normal,15.875370919881307,53.560830860534125,53.56,OCH power behavior is within the normal dataset distribution.
19|/D2/OA-W/IGR_OCM|11|193300,19,/D2/OA-W/IGR_OCM,11,193300,163,2000-01-08 13:00:00,2000-01-15 07:00:00,4.823251533742332,4.82,4.6,5.08,0.094528612400944,0.4800000000000004,4.81,Normal,Normal,Normal,53.44955489614244,14.502967359050444,53.45,OCH power behavior is within the normal dataset distribution.
46|/TO_EAST_OCM|11|193100,46,/TO_EAST_OCM,11,193100,163,2000-01-08 13:00:00,2000-01-15 07:00:00,3.7964417177914114,3.79,3.55,4.03,0.09088509216190466,0.4800000000000004,3.94,Normal,Normal,Normal,53.44955489614244,51.07566765578635,53.45,OCH power behavior is within the normal dataset distribution.
46|/TO_WEST_OCM|11|192500,46,/TO_WEST_OCM,11,192500,163,2000-01-08 13:00:00,2000-01-15 07:00:00,3.7162576687116564,3.72,3.48,3.88,0.07364484249850982,0.3999999999999999,3.6,Normal,Normal,Normal,46.36498516320475,53.44955489614242,53.45,OCH power behavior is within the normal dataset distribution.
36|/TO_WEST_OCM|11|194400,36,/TO_WEST_OCM,11,194400,163,2000-01-08 13:00:00,2000-01-15 07:00:00,3.540845799098159,3.542242244,3.484494739,3.608358706,0.02821615943468226,0.12386396700000013,3.508358706,Normal,Normal,Normal,5.118694362017804,53.26409495548962,53.26,OCH power behavior is within the normal dataset distribution.
46|/TO_WEST_OCM|11|192400,46,/TO_WEST_OCM,11,192400,163,2000-01-08 13:00:00,2000-01-15 07:00:00,3.690122699386503,3.69,3.49,3.85,0.07676312555205263,0.3599999999999999,3.73,Normal,Normal,Normal,43.137982195845694,53.15281899109792,53.15,OCH power behavior is within the normal dataset distribution.
23|/TO_WEST_OCM|11|192600,23,/TO_WEST_OCM,11,192600,163,2000-01-08 13:00:00,2000-01-15 07:00:00,4.022812177576688,4.008594295,3.80992067,4.287446074,0.10924508521674019,0.4775254040000001,4.001142296,Normal,Normal,Normal,53.04154302670623,42.35905044510386,53.04,OCH power behavior is within the normal dataset distribution.
30|/TO_EAST_OCM|11|193500,30,/TO_EAST_OCM,11,193500,163,2000-01-08 13:00:00,2000-01-15 07:00:00,3.618556110766871,3.616939058,3.501834909,3.742860493,0.04790840868145464,0.24102558399999996,3.648108186,Normal,Normal,Normal,24.92581602373887,53.04154302670623,53.04,OCH power behavior is within the normal dataset distribution.
49|/TO_WEST_OCM|11|193500,49,/TO_WEST_OCM,11,193500,163,2000-01-08 13:00:00,2000-01-15 07:00:00,3.5994828321779138,3.601834909,3.502860493,3.689264091,0.037166381087282964,0.18640359800000006,3.56890712,Normal,Normal,Normal,15.949554896142434,52.967359050445104,52.97,OCH power behavior is within the normal dataset distribution.
37|/TO_WEST_OCM|11|194400,37,/TO_WEST_OCM,11,194400,163,2000-01-08 13:00:00,2000-01-15 07:00:00,3.5714071498834357,3.568334874,3.506242737,3.661222375,0.03459144415948855,0.15497963799999992,3.549192101,Normal,Normal,Normal,11.498516320474778,52.893175074183986,52.89,OCH power behavior is within the normal dataset distribution.
24|/TO_WEST_OCM|11|192500,24,/TO_WEST_OCM,11,192500,163,2000-01-08 13:00:00,2000-01-15 07:00:00,5.3017177914110425,5.29,5.08,5.55,0.09418654390029489,0.46999999999999975,5.15,Normal,Normal,Normal,52.818991097922854,5.378338278931749,52.82,OCH power behavior is within the normal dataset distribution.
24|/TO_WEST_OCM|11|193200,24,/TO_WEST_OCM,11,193200,163,2000-01-08 13:00:00,2000-01-15 07:00:00,5.584233128834356,5.58,5.37,5.84,0.09366934031719627,0.46999999999999975,5.6,Normal,Normal,Normal,52.818991097922854,2.2997032640949544,52.82,OCH power behavior is within the normal dataset distribution.
33|/TO_EAST_OCM|11|193200,33,/TO_EAST_OCM,11,193200,163,2000-01-08 13:00:00,2000-01-15 07:00:00,4.133865030674847,4.15,3.92,4.39,0.08952084489565794,0.46999999999999975,4.05,Normal,Normal,Normal,52.818991097922854,39.502967359050444,52.82,OCH power behavior is within the normal dataset distribution.
46|/TO_WEST_OCM|11|193800,46,/TO_WEST_OCM,11,193800,163,2000-01-08 13:00:00,2000-01-15 07:00:00,3.680736196319019,3.69,3.51,3.85,0.06579577721269757,0.3400000000000003,3.69,Normal,Normal,Normal,41.54302670623146,52.74480712166172,52.74,OCH power behavior is within the normal dataset distribution.
22|/TO_EAST_OCM|11|192000,22,/TO_EAST_OCM,11,192000,163,2000-01-08 13:00:00,2000-01-15 07:00:00,3.659992910472393,3.654355834,3.514472576,3.797744056,0.07108248001809844,0.2832714799999998,3.53784455,Normal,Normal,Normal,32.12166172106825,52.52225519287834,52.52,OCH power behavior is within the normal dataset distribution.
23|/TO_WEST_OCM|11|192200,23,/TO_WEST_OCM,11,192200,163,2000-01-08 13:00:00,2000-01-15 07:00:00,5.326583957386504,5.313021556,5.133042013,5.598694652,0.09819097370594498,0.465652639,5.55509799,Normal,Normal,Normal,52.52225519287834,4.599406528189909,52.52,OCH power behavior is within the normal dataset distribution.
44|/TO_EAST_OCM|11|192000,44,/TO_EAST_OCM,11,192000,163,2000-01-08 13:00:00,2000-01-15 07:00:00,3.587447935355828,3.587673743,3.516724045,3.665822334,0.03259323202044655,0.14909828899999988,3.584968518,Normal,Normal,Normal,10.089020771513352,52.44807121661721,52.45,OCH power behavior is within the normal dataset distribution.
42|/TO_WEST_OCM|11|193200,42,/TO_WEST_OCM,11,193200,163,2000-01-08 13:00:00,2000-01-15 07:00:00,3.6737161656871162,3.675533089,3.517098603,3.8177201,0.050817077213281894,0.30062149699999985,3.643246599,Normal,Normal,Normal,35.311572700296736,52.373887240356076,52.37,OCH power behavior is within the normal dataset distribution.
27|/TO_WEST_OCM|11|193200,27,/TO_WEST_OCM,11,193200,163,2000-01-08 13:00:00,2000-01-15 07:00:00,4.177913270478528,4.161354496,3.97146993,4.43207854,0.10264966530163107,0.46060861,4.118207545,Normal,Normal,Normal,52.29970326409495,37.68545994065282,52.3,OCH power behavior is within the normal dataset distribution.
34|/TO_EAST_OCM|11|192000,34,/TO_EAST_OCM,11,192000,163,2000-01-08 13:00:00,2000-01-15 07:00:00,3.719273097601227,3.713337181,3.517886586,3.931383966,0.06760188327141517,0.4134973799999999,3.589424101,Normal,Normal,Normal,48.367952522255194,52.29970326409495,52.3,OCH power behavior is within the normal dataset distribution.
46|/TO_EAST_OCM|11|192500,46,/TO_EAST_OCM,11,192500,163,2000-01-08 13:00:00,2000-01-15 07:00:00,3.8732515337423314,3.88,3.61,4.07,0.08888113463110167,0.4600000000000004,3.85,Normal,Normal,Normal,52.22551928783383,49.0727002967359,52.23,OCH power behavior is within the normal dataset distribution.
47|/TO_WEST_OCM|11|192400,47,/TO_WEST_OCM,11,192400,163,2000-01-08 13:00:00,2000-01-15 07:00:00,3.634934182785276,3.63288985,3.521692872,3.766822363,0.04995996948697538,0.24512949100000014,3.52806535,Normal,Normal,Normal,25.370919881305635,52.22551928783383,52.23,OCH power behavior is within the normal dataset distribution.
22|/TO_EAST_OCM|11|193300,22,/TO_EAST_OCM,11,193300,163,2000-01-08 13:00:00,2000-01-15 07:00:00,3.6504336453128836,3.654959409,3.523104169,3.764959409,0.058429078135853615,0.24185524000000003,3.61400993,Normal,Normal,Normal,25.0,52.1513353115727,52.15,OCH power behavior is within the normal dataset distribution.
26|/TO_WEST_OCM|11|193000,26,/TO_WEST_OCM,11,193000,163,2000-01-08 13:00:00,2000-01-15 07:00:00,3.7352284810613496,3.728919061,3.524854814,3.927312037,0.08476140281823952,0.4024572230000003,3.886461954,Normal,Normal,Normal,46.810089020771514,52.07715133531157,52.08,OCH power behavior is within the normal dataset distribution.
24|/TO_WEST_OCM|11|191500,24,/TO_WEST_OCM,11,191500,163,2000-01-08 13:00:00,2000-01-15 07:00:00,6.370368098159508,6.37,6.14,6.6,0.09845654283917413,0.45999999999999996,6.54,Normal,Normal,Normal,52.040059347181014,0.0,52.04,OCH power behavior is within the normal dataset distribution.
24|/TO_WEST_OCM|11|193300,24,/TO_WEST_OCM,11,193300,163,2000-01-08 13:00:00,2000-01-15 07:00:00,5.454110429447852,5.45,5.2,5.66,0.09909921491479136,0.45999999999999996,5.4,Normal,Normal,Normal,52.040059347181014,3.783382789317502,52.04,OCH power behavior is within the normal dataset distribution.
46|/TO_EAST_OCM|11|194400,46,/TO_EAST_OCM,11,194400,163,2000-01-08 13:00:00,2000-01-15 07:00:00,4.031717791411043,4.02,3.8,4.26,0.11314033180750264,0.45999999999999996,3.95,Normal,Normal,Normal,52.040059347181014,42.84124629080118,52.04,OCH power behavior is within the normal dataset distribution.
23|/TO_WEST_OCM|11|194400,23,/TO_WEST_OCM,11,194400,163,2000-01-08 13:00:00,2000-01-15 07:00:00,3.7461513268527606,3.744052208,3.527671419,3.934365119,0.07310512032997268,0.4066937000000004,3.835404631,Normal,Normal,Normal,47.18100890207715,52.002967359050444,52.0,OCH power behavior is within the normal dataset distribution.
48|/TO_WEST_OCM|11|192300,48,/TO_WEST_OCM,11,192300,163,2000-01-08 13:00:00,2000-01-15 07:00:00,3.64439828002454,3.650136468,3.52807805,3.78537518,0.049492972691650663,0.25729713,3.582781939,Normal,Normal,Normal,27.373887240356083,51.92878338278932,51.93,OCH power behavior is within the normal dataset distribution.
30|/TO_WEST_OCM|11|191500,30,/TO_WEST_OCM,11,191500,163,2000-01-08 13:00:00,2000-01-15 07:00:00,3.8223320742760736,3.831954168,3.579409417,4.038671515,0.07481054449766422,0.45926209799999995,3.918671515,Normal,Normal,Normal,51.85459940652819,50.0,51.85,OCH power behavior is within the normal dataset distribution.
22|/TO_WEST_OCM|11|193000,22,/TO_WEST_OCM,11,193000,163,2000-01-08 13:00:00,2000-01-15 07:00:00,4.676573645165645,4.661312445,4.482894722,4.940598588,0.1037856326087973,0.4577038660000001,4.807257232,Normal,Normal,Normal,51.780415430267055,18.91691394658753,51.78,OCH power behavior is within the normal dataset distribution.
46|/TO_EAST_OCM|11|192400,46,/TO_EAST_OCM,11,192400,163,2000-01-08 13:00:00,2000-01-15 07:00:00,3.768098159509203,3.78,3.53,3.98,0.09761698994020931,0.4500000000000002,3.72,Normal,Normal,Normal,51.18694362017804,51.780415430267055,51.78,OCH power behavior is within the normal dataset distribution.
46|/TO_WEST_OCM|11|192200,46,/TO_WEST_OCM,11,192200,163,2000-01-08 13:00:00,2000-01-15 07:00:00,3.713803680981595,3.72,3.53,3.87,0.07735766370900124,0.3400000000000003,3.68,Normal,Normal,Normal,41.54302670623146,51.780415430267055,51.78,OCH power behavior is within the normal dataset distribution.
46|/TO_WEST_OCM|11|193000,46,/TO_WEST_OCM,11,193000,163,2000-01-08 13:00:00,2000-01-15 07:00:00,3.6995092024539877,3.7,3.53,3.9,0.073382169605611,0.3700000000000001,3.74,Normal,Normal,Normal,43.99109792284867,51.780415430267055,51.78,OCH power behavior is within the normal dataset distribution.
52|/TO_WEST_OCM|11|191400,52,/TO_WEST_OCM,11,191400,163,2000-01-08 13:00:00,2000-01-15 07:00:00,3.6624495264539876,3.656059786,3.531142296,3.831834909,0.050900283731744114,0.30069261299999983,3.603769749,Normal,Normal,Normal,35.38575667655786,51.63204747774481,51.63,OCH power behavior is within the normal dataset distribution.
22|/TO_EAST_OCM|11|194400,22,/TO_EAST_OCM,11,194400,163,2000-01-08 13:00:00,2000-01-15 07:00:00,3.702748023944785,3.706832087,3.532574046,3.828334874,0.05045600961054187,0.2957608279999997,3.541222375,Normal,Normal,Normal,33.976261127596445,51.55786350148368,51.56,OCH power behavior is within the normal dataset distribution.
25|/TO_WEST_OCM|11|193300,25,/TO_WEST_OCM,11,193300,163,2000-01-08 13:00:00,2000-01-15 07:00:00,4.358020449055215,4.360605422,4.112473413,4.56890712,0.09525054989425727,0.4564337070000004,4.379264091,Normal,Normal,Normal,51.55786350148368,33.23442136498517,51.56,OCH power behavior is within the normal dataset distribution.
22|/TO_EAST_OCM|11|192600,22,/TO_EAST_OCM,11,192600,163,2000-01-08 13:00:00,2000-01-15 07:00:00,3.7202399285092027,3.743020608,3.537997857,3.842350004,0.07009732310066524,0.3043521469999999,3.554858381,Normal,Normal,Normal,35.90504451038576,51.48367952522255,51.48,OCH power behavior is within the normal dataset distribution.
25|/TO_WEST_OCM|11|193200,25,/TO_WEST_OCM,11,193200,163,2000-01-08 13:00:00,2000-01-15 07:00:00,5.391552840638037,5.38146993,5.15509799,5.61146993,0.08615287662243695,0.45637194000000036,5.33057718,Normal,Normal,Normal,51.48367952522255,4.376854599406532,51.48,OCH power behavior is within the normal dataset distribution.
25|/TO_WEST_OCM|11|192200,25,/TO_WEST_OCM,11,192200,163,2000-01-08 13:00:00,2000-01-15 07:00:00,5.642825072245398,5.628914855,5.430674515,5.886042122,0.08507583905182699,0.45536760700000034,5.800620029,Normal,Normal,Normal,51.409495548961424,2.002967359050445,51.41,OCH power behavior is within the normal dataset distribution.
30|/TO_WEST_OCM|11|193200,30,/TO_WEST_OCM,11,193200,163,2000-01-08 13:00:00,2000-01-15 07:00:00,3.6769285578527606,3.66438805,3.546042122,3.836713655,0.07026167280483414,0.29067153300000026,3.606713655,Normal,Normal,Normal,33.38278931750742,51.261127596439174,51.26,OCH power behavior is within the normal dataset distribution.
24|/TO_WEST_OCM|11|192600,24,/TO_WEST_OCM,11,192600,163,2000-01-08 13:00:00,2000-01-15 07:00:00,5.234601226993865,5.23,5.02,5.47,0.103918566163833,0.4500000000000002,5.17,Normal,Normal,Normal,51.18694362017804,5.823442136498514,51.19,OCH power behavior is within the normal dataset distribution.
36|/TO_WEST_OCM|11|192600,36,/TO_WEST_OCM,11,192600,163,2000-01-08 13:00:00,2000-01-15 07:00:00,3.656605967184049,3.657803311,3.547689791,3.771035127,0.04187297510402379,0.2233453360000004,3.611012579,Normal,Normal,Normal,21.439169139465875,51.18694362017804,51.19,OCH power behavior is within the normal dataset distribution.
46|/TO_EAST_OCM|11|192300,46,/TO_EAST_OCM,11,192300,163,2000-01-08 13:00:00,2000-01-15 07:00:00,4.004110429447852,4.01,3.74,4.19,0.09270775841752424,0.4500000000000002,4.01,Normal,Normal,Normal,51.18694362017804,45.14094955489614,51.19,OCH power behavior is within the normal dataset distribution.
28|/TO_WEST_OCM|11|193200,28,/TO_WEST_OCM,11,193200,163,2000-01-08 13:00:00,2000-01-15 07:00:00,4.458897974355828,4.453595326,4.244156725,4.69207854,0.09894293559686392,0.44792181499999995,4.376001064,Normal,Normal,Normal,50.96439169139466,28.338278931750736,50.96,OCH power behavior is within the normal dataset distribution.
48|/TO_WEST_OCM|11|192200,48,/TO_WEST_OCM,11,192200,163,2000-01-08 13:00:00,2000-01-15 07:00:00,3.664782794208589,3.661232437,3.550864066,3.766822363,0.044673927221259895,0.21595829700000024,3.62578636,Normal,Normal,Normal,20.326409495548962,50.96439169139466,50.96,OCH power behavior is within the normal dataset distribution.
30|/TO_EAST_OCM|11|193800,30,/TO_EAST_OCM,11,193800,163,2000-01-08 13:00:00,2000-01-15 07:00:00,3.6987137271595096,3.69768165,3.555005996,3.864355834,0.058564778680026436,0.30934983800000015,3.604472576,Normal,Normal,Normal,36.49851632047478,50.89020771513353,50.89,OCH power behavior is within the normal dataset distribution.
32|/TO_EAST_OCM|11|193800,32,/TO_EAST_OCM,11,193800,163,2000-01-08 13:00:00,2000-01-15 07:00:00,3.7513236161288344,3.744843416,3.559666207,3.912860493,0.08074223903871523,0.35319428600000036,3.723769749,Normal,Normal,Normal,42.804154302670625,50.816023738872396,50.82,OCH power behavior is within the normal dataset distribution.
26|/TO_WEST_OCM|11|193200,26,/TO_WEST_OCM,11,193200,163,2000-01-08 13:00:00,2000-01-15 07:00:00,3.977552026220859,3.963379897,3.767449151,4.208207545,0.09016519251965925,0.4407583939999995,3.940620029,Normal,Normal,Normal,50.74183976261127,43.916913946587535,50.74,OCH power behavior is within the normal dataset distribution.
27|/TO_EAST_OCM|11|193800,27,/TO_EAST_OCM,11,193800,163,2000-01-08 13:00:00,2000-01-15 07:00:00,3.666355793085889,3.66400993,3.560067891,3.778949957,0.0465000961094882,0.21888206599999993,3.697570105,Normal,Normal,Normal,20.845697329376854,50.74183976261127,50.74,OCH power behavior is within the normal dataset distribution.
32|/TO_WEST_OCM|11|192200,32,/TO_WEST_OCM,11,192200,163,2000-01-08 13:00:00,2000-01-15 07:00:00,4.573400325730061,4.562272509,4.347257232,4.787884042,0.1005670085946656,0.44062681000000037,4.741356806,Normal,Normal,Normal,50.66765578635015,25.074183976261132,50.67,OCH power behavior is within the normal dataset distribution.
45|/TO_WEST_OCM|11|192200,45,/TO_WEST_OCM,11,192200,163,2000-01-08 13:00:00,2000-01-15 07:00:00,3.7341616971840494,3.726822363,3.5625561,3.871692872,0.05749642373740888,0.309136772,3.755440989,Normal,Normal,Normal,36.42433234421365,50.66765578635015,50.67,OCH power behavior is within the normal dataset distribution.
29|/TO_WEST_OCM|11|193200,29,/TO_WEST_OCM,11,193200,163,2000-01-08 13:00:00,2000-01-15 07:00:00,4.22760736196319,4.22,4.04,4.48,0.09548339882743906,0.4400000000000004,4.15,Normal,Normal,Normal,50.48219584569733,35.719584569732945,50.48,OCH power behavior is within the normal dataset distribution.
33|/TO_WEST_OCM|11|191500,33,/TO_WEST_OCM,11,191500,163,2000-01-08 13:00:00,2000-01-15 07:00:00,4.92159509202454,4.93,4.68,5.12,0.07867676002706075,0.4400000000000004,5.02,Normal,Normal,Normal,50.48219584569733,12.98219584569733,50.48,OCH power behavior is within the normal dataset distribution.
28|/TO_EAST_OCM|11|193500,28,/TO_EAST_OCM,11,193500,163,2000-01-08 13:00:00,2000-01-15 07:00:00,3.7093538016503067,3.710650377,3.570605422,3.825469677,0.039904631096756335,0.2548642550000002,3.612860493,Normal,Normal,Normal,27.1513353115727,50.445103857566764,50.45,OCH power behavior is within the normal dataset distribution.
42|/TO_EAST_OCM|11|193800,42,/TO_EAST_OCM,11,193800,163,2000-01-08 13:00:00,2000-01-15 07:00:00,3.652731475165644,3.654652924,3.571583708,3.718329057,0.02600435183030053,0.14674534900000014,3.665079459,Normal,Normal,Normal,9.718100890207715,50.37091988130564,50.37,OCH power behavior is within the normal dataset distribution.
38|/TO_WEST_OCM|11|193300,38,/TO_WEST_OCM,11,193300,163,2000-01-08 13:00:00,2000-01-15 07:00:00,3.674111243944785,3.677997857,3.572860493,3.741142296,0.03619840814915103,0.16828180300000017,3.693769749,Normal,Normal,Normal,13.204747774480714,50.29673590504451,50.3,OCH power behavior is within the normal dataset distribution.
28|/TO_EAST_OCM|11|193300,28,/TO_EAST_OCM,11,193300,163,2000-01-08 13:00:00,2000-01-15 07:00:00,3.6770859818404906,3.67919134,3.57529803,3.776145317,0.03687436212576575,0.2008472870000002,3.612350004,Normal,Normal,Normal,18.17507418397626,50.222551928783375,50.22,OCH power behavior is within the normal dataset distribution.
21|/TO_WEST_OCM|11|193300,21,/TO_WEST_OCM,11,193300,163,2000-01-08 13:00:00,2000-01-15 07:00:00,4.56903256298773,4.575469677,4.326125474,4.766125474,0.08564680794736718,0.4399999999999995,4.623292642,Normal,Normal,Normal,50.14836795252226,25.890207715133528,50.15,OCH power behavior is within the normal dataset distribution.
42|/TO_WEST_OCM|11|193100,42,/TO_WEST_OCM,11,193100,163,2000-01-08 13:00:00,2000-01-15 07:00:00,3.708979646797546,3.70807805,3.575311385,3.829676277,0.05589508860337796,0.2543648919999999,3.623379897,Normal,Normal,Normal,27.002967359050444,50.14836795252226,50.15,OCH power behavior is within the normal dataset distribution.
43|/TO_EAST_OCM|11|192000,43,/TO_EAST_OCM,11,192000,163,2000-01-08 13:00:00,2000-01-15 07:00:00,3.6805036173742334,3.684603946,3.577689791,3.774472576,0.039599227147383155,0.1967827849999999,3.677744056,Normal,Normal,Normal,16.543026706231455,50.07418397626113,50.07,OCH power behavior is within the normal dataset distribution.
23|/TO_WEST_OCM|11|193000,23,/TO_WEST_OCM,11,193000,163,2000-01-08 13:00:00,2000-01-15 07:00:00,5.3326881223128835,5.323651504,5.0968759,5.533193009,0.0997190362699921,0.436317109,5.443042013,Normal,Normal,Normal,50.0,5.0445103857566735,50.0,OCH power behavior is within the normal dataset distribution.
34|/TO_WEST_OCM|11|192200,34,/TO_WEST_OCM,11,192200,163,2000-01-08 13:00:00,2000-01-15 07:00:00,4.500419495527607,4.474085547,4.294898811,4.726771908,0.09978084681188612,0.43187309699999954,4.694594867,Normal,Normal,Normal,49.925816023738875,26.706231454005934,49.93,OCH power behavior is within the normal dataset distribution.
45|/TO_WEST_OCM|11|192400,45,/TO_WEST_OCM,11,192400,163,2000-01-08 13:00:00,2000-01-15 07:00:00,3.752755430404908,3.755371912,3.580484161,3.905533089,0.06255333485846992,0.32504892799999974,3.725533089,Normal,Normal,Normal,38.724035608308604,49.92581602373887,49.93,OCH power behavior is within the normal dataset distribution.
29|/TO_WEST_OCM|11|191500,29,/TO_WEST_OCM,11,191500,163,2000-01-08 13:00:00,2000-01-15 07:00:00,3.992453987730061,3.99,3.8,4.23,0.08094421203764324,0.4300000000000006,4.1,Normal,Normal,Normal,49.77744807121662,42.84124629080118,49.78,OCH power behavior is within the normal dataset distribution.
33|/TO_EAST_OCM|11|193100,33,/TO_EAST_OCM,11,193100,163,2000-01-08 13:00:00,2000-01-15 07:00:00,3.8356441717791414,3.83,3.59,4.0,0.08085986055612239,0.41000000000000014,3.88,Normal,Normal,Normal,47.959940652818986,49.740356083086056,49.74,OCH power behavior is within the normal dataset distribution.
46|/TO_EAST_OCM|11|193000,46,/TO_EAST_OCM,11,193000,163,2000-01-08 13:00:00,2000-01-15 07:00:00,3.804907975460123,3.81,3.59,3.99,0.08938312665744631,0.40000000000000036,3.82,Normal,Normal,Normal,46.66172106824926,49.740356083086056,49.74,OCH power behavior is within the normal dataset distribution.
46|/TO_EAST_OCM|11|193200,46,/TO_EAST_OCM,11,193200,163,2000-01-08 13:00:00,2000-01-15 07:00:00,3.80079754601227,3.8,3.59,4.02,0.08317749573298006,0.4299999999999997,3.7,Normal,Normal,Normal,49.48071216617211,49.740356083086056,49.74,OCH power behavior is within the normal dataset distribution.
49|/TO_WEST_OCM|11|193800,49,/TO_WEST_OCM,11,193800,163,2000-01-08 13:00:00,2000-01-15 07:00:00,3.7139175083435583,3.716939058,3.590113355,3.811723861,0.04596951734325521,0.22161050599999976,3.703292642,Normal,Normal,Normal,21.290801186943618,49.554896142433236,49.55,OCH power behavior is within the normal dataset distribution.
29|/TO_WEST_OCM|11|192500,29,/TO_WEST_OCM,11,192500,163,2000-01-08 13:00:00,2000-01-15 07:00:00,3.8371165644171783,3.84,3.62,4.05,0.07051594624298592,0.4299999999999997,3.79,Normal,Normal,Normal,49.48071216617211,48.55341246290801,49.48,OCH power behavior is within the normal dataset distribution.
33|/TO_EAST_OCM|11|192000,33,/TO_EAST_OCM,11,192000,163,2000-01-08 13:00:00,2000-01-15 07:00:00,5.0833742331288345,5.08,4.91,5.34,0.07439650910182498,0.4299999999999997,5.01,Normal,Normal,Normal,49.48071216617211,7.381305637982194,49.48,OCH power behavior is within the normal dataset distribution.
45|/TO_EAST_OCM|11|193800,45,/TO_EAST_OCM,11,193800,163,2000-01-08 13:00:00,2000-01-15 07:00:00,3.745944741779141,3.762860493,3.593769749,3.827997857,0.05508454270040801,0.23422810800000038,3.7142917,Normal,Normal,Normal,23.44213649851632,49.480712166172104,49.48,OCH power behavior is within the normal dataset distribution.
27|/TO_WEST_OCM|11|192200,27,/TO_WEST_OCM,11,192200,163,2000-01-08 13:00:00,2000-01-15 07:00:00,4.527129823644172,4.5172872,4.338205436,4.766771908,0.08701897718244508,0.428566472,4.722325132,Normal,Normal,Normal,49.332344213649854,25.519287833827896,49.33,OCH power behavior is within the normal dataset distribution.
20|/TO_WEST_OCM|11|192500,20,/TO_WEST_OCM,11,192500,163,2000-01-08 13:00:00,2000-01-15 07:00:00,4.353749070110429,4.352781939,4.15165487,4.57997514,0.10011662743392251,0.4283202700000004,4.352781939,Normal,Normal,Normal,49.25816023738873,32.12166172106825,49.26,OCH power behavior is within the normal dataset distribution.
21|/TO_WEST_OCM|11|194400,21,/TO_WEST_OCM,11,194400,163,2000-01-08 13:00:00,2000-01-15 07:00:00,3.7642872514601224,3.762559503,3.607163609,3.989966741,0.07402761346698204,0.3828031319999998,3.909386865,Normal,Normal,Normal,45.1780415430267,49.18397626112759,49.18,OCH power behavior is within the normal dataset distribution.
46|/TO_WEST_OCM|11|192000,46,/TO_WEST_OCM,11,192000,163,2000-01-08 13:00:00,2000-01-15 07:00:00,3.754601226993865,3.76,3.61,3.87,0.056810768831932645,0.26000000000000023,3.67,Normal,Normal,Normal,28.152818991097924,49.0727002967359,49.07,OCH power behavior is within the normal dataset distribution.
23|/TO_EAST_OCM|11|192000,23,/TO_EAST_OCM,11,192000,163,2000-01-08 13:00:00,2000-01-15 07:00:00,3.7024987127116566,3.701035127,3.611036083,3.794508091,0.03534581008620067,0.18347200799999985,3.611036083,Normal,Normal,Normal,15.652818991097922,48.961424332344215,48.96,OCH power behavior is within the normal dataset distribution.
23|/TO_WEST_OCM|11|192500,23,/TO_WEST_OCM,11,192500,163,2000-01-08 13:00:00,2000-01-15 07:00:00,5.327015496895705,5.322825486,5.143379897,5.566713655,0.08407347180722698,0.42333375800000006,5.285311385,Normal,Normal,Normal,48.96142433234421,4.5252225519287865,48.96,OCH power behavior is within the normal dataset distribution.
48|/TO_WEST_OCM|11|193100,48,/TO_WEST_OCM,11,193100,163,2000-01-08 13:00:00,2000-01-15 07:00:00,3.7205379950552144,3.720136468,3.614454798,3.82165487,0.04239000639014858,0.207200072,3.640619634,Normal,Normal,Normal,19.06528189910979,48.88724035608308,48.89,OCH power behavior is within the normal dataset distribution.
33|/TO_EAST_OCM|11|192500,33,/TO_EAST_OCM,11,192500,163,2000-01-08 13:00:00,2000-01-15 07:00:00,4.498650306748466,4.51,4.27,4.69,0.08326304693243697,0.4200000000000008,4.51,Normal,Normal,Normal,48.85014836795252,27.596439169139465,48.85,OCH power behavior is within the normal dataset distribution.
40|/D2/OA-W/IGR_OCM|11|192400,40,/D2/OA-W/IGR_OCM,11,192400,163,2000-01-08 13:00:00,2000-01-15 07:00:00,5.004969325153374,5.01,4.77,5.19,0.08088533442380275,0.4200000000000008,4.92,Normal,Normal,Normal,48.85014836795252,10.311572700296734,48.85,OCH power behavior is within the normal dataset distribution.
31|/TO_EAST_OCM|11|193500,31,/TO_EAST_OCM,11,193500,163,2000-01-08 13:00:00,2000-01-15 07:00:00,3.738813089,3.743020608,3.616476925,3.851142296,0.04989062874646041,0.23466537099999973,3.698595405,Normal,Normal,Normal,23.590504451038576,48.81305637982196,48.81,OCH power behavior is within the normal dataset distribution.
26|/TO_EAST_OCM|11|196100,26,/TO_EAST_OCM,11,196100,163,2000-01-08 13:00:00,2000-01-15 07:00:00,3.9903067484662573,3.99,3.74,4.16,0.08832755615547934,0.41999999999999993,3.74,Normal,Normal,Normal,48.6646884272997,45.14094955489614,48.66,OCH power behavior is within the normal dataset distribution.
46|/TO_WEST_OCM|11|192300,46,/TO_WEST_OCM,11,192300,163,2000-01-08 13:00:00,2000-01-15 07:00:00,3.7580981595092027,3.75,3.62,3.92,0.06835412644112973,0.2999999999999998,3.67,Normal,Normal,Normal,34.56973293768546,48.55341246290801,48.55,OCH power behavior is within the normal dataset distribution.
20|/TO_WEST_OCM|11|193000,20,/TO_WEST_OCM,11,193000,163,2000-01-08 13:00:00,2000-01-15 07:00:00,4.449433827,4.442955148,4.271759332,4.688205436,0.10825823629740086,0.4164461039999994,4.612272509,Normal,Normal,Normal,48.516320474777444,27.52225519287834,48.52,OCH power behavior is within the normal dataset distribution.
28|/TO_WEST_OCM|11|192500,28,/TO_WEST_OCM,11,192500,163,2000-01-08 13:00:00,2000-01-15 07:00:00,4.379205063245399,4.366928029,4.18807805,4.604029077,0.07567690099032755,0.4159510270000002,4.394000795,Normal,Normal,Normal,48.44213649851632,30.78635014836796,48.44,OCH power behavior is within the normal dataset distribution.
47|/TO_WEST_OCM|11|193200,47,/TO_WEST_OCM,11,193200,163,2000-01-08 13:00:00,2000-01-15 07:00:00,3.7395026444110426,3.73739785,3.6225561,3.839239064,0.04458912403982917,0.21668296399999987,3.6225561,Normal,Normal,Normal,20.548961424332344,48.44213649851632,48.44,OCH power behavior is within the normal dataset distribution.
49|/TO_WEST_OCM|11|191400,49,/TO_WEST_OCM,11,191400,163,2000-01-08 13:00:00,2000-01-15 07:00:00,3.762866361128834,3.758595405,3.624843416,3.912860493,0.061569818400721225,0.2880170770000001,3.684843416,Normal,Normal,Normal,32.566765578635014,48.367952522255194,48.37,OCH power behavior is within the normal dataset distribution.
39|/D2/OA-W/EGR_OCM|11|192000,39,/D2/OA-W/EGR_OCM,11,192000,163,2000-01-08 13:00:00,2000-01-15 07:00:00,3.8244171779141105,3.86,3.63,4.02,0.11714240652642126,0.3899999999999997,3.88,Normal,Normal,Normal,45.51186943620178,48.14540059347181,48.15,OCH power behavior is within the normal dataset distribution.
26|/TO_WEST_OCM|11|192500,26,/TO_WEST_OCM,11,192500,163,2000-01-08 13:00:00,2000-01-15 07:00:00,4.040252614539877,4.039676277,3.855869831,4.26806535,0.0802376763652708,0.4121955189999995,3.9949035,Normal,Normal,Normal,48.07121661721068,41.32047477744807,48.07,OCH power behavior is within the normal dataset distribution.
46|/TO_EAST_OCM|11|192600,46,/TO_EAST_OCM,11,192600,163,2000-01-08 13:00:00,2000-01-15 07:00:00,4.702760736196319,4.71,4.53,4.94,0.07976267532350814,0.41000000000000014,4.66,Normal,Normal,Normal,47.959940652818986,16.839762611275965,47.96,OCH power behavior is within the normal dataset distribution.
20|/TO_EAST_OCM|11|192200,20,/TO_EAST_OCM,11,192200,163,2000-01-08 13:00:00,2000-01-15 07:00:00,3.696388225184049,3.700346008,3.64031147,3.760346008,0.0236327727116618,0.12003453800000008,3.645325861,Normal,Normal,Normal,4.821958456973293,47.92284866468842,47.92,OCH power behavior is within the normal dataset distribution.
29|/TO_WEST_OCM|11|193300,29,/TO_WEST_OCM,11,193300,163,2000-01-08 13:00:00,2000-01-15 07:00:00,4.160613496932515,4.16,3.94,4.35,0.09307300500764316,0.4099999999999997,4.19,Normal,Normal,Normal,47.774480712166174,38.68694362017804,47.77,OCH power behavior is within the normal dataset distribution.
24|/TO_WEST_OCM|11|192200,24,/TO_WEST_OCM,11,192200,163,2000-01-08 13:00:00,2000-01-15 07:00:00,5.695092024539877,5.7,5.48,5.89,0.07321006557456138,0.40999999999999925,5.68,Normal,Normal,Normal,47.70029673590505,1.4836795252225476,47.7,OCH power behavior is within the normal dataset distribution.
29|/TO_WEST_OCM|11|192600,29,/TO_WEST_OCM,11,192600,163,2000-01-08 13:00:00,2000-01-15 07:00:00,3.8371779141104296,3.82,3.65,4.03,0.07923639582150807,0.38000000000000034,3.76,Normal,Normal,Normal,44.881305637982194,47.62611275964391,47.63,OCH power behavior is within the normal dataset distribution.
21|/TO_WEST_OCM|11|193000,21,/TO_WEST_OCM,11,193000,163,2000-01-08 13:00:00,2000-01-15 07:00:00,5.4203361536503065,5.405081221,5.2368759,5.646461954,0.09534952514837745,0.40958605400000003,5.595862497,Normal,Normal,Normal,47.55192878338279,3.264094955489616,47.55,OCH power behavior is within the normal dataset distribution.
22|/TO_WEST_OCM|11|192500,22,/TO_WEST_OCM,11,192500,163,2000-01-08 13:00:00,2000-01-15 07:00:00,4.548274335429448,4.543626343,4.365869831,4.7749035,0.0916380943240398,0.4090336689999994,4.500619634,Normal,Normal,Normal,47.47774480712167,24.332344213649847,47.48,OCH power behavior is within the normal dataset distribution.
52|/TO_WEST_OCM|11|193300,52,/TO_WEST_OCM,11,193300,163,2000-01-08 13:00:00,2000-01-15 07:00:00,3.7159015998036815,3.71703648,3.660988238,3.75400993,0.020309582786807757,0.09302169200000021,3.750067891,Normal,Normal,Normal,2.225519287833828,47.47774480712166,47.48,OCH power behavior is within the normal dataset distribution.
26|/TO_WEST_OCM|11|192200,26,/TO_WEST_OCM,11,192200,163,2000-01-08 13:00:00,2000-01-15 07:00:00,4.143915558496933,4.120666539,3.974740807,4.382550954,0.09082809768941189,0.4078101470000002,4.353238287,Normal,Normal,Normal,47.403560830860535,37.53709198813057,47.4,OCH power behavior is within the normal dataset distribution.
48|/TO_WEST_OCM|11|193000,48,/TO_WEST_OCM,11,193000,163,2000-01-08 13:00:00,2000-01-15 07:00:00,3.7742154001288344,3.77537518,3.66112577,3.90537518,0.05061928724206503,0.2442494100000001,3.72537518,Normal,Normal,Normal,25.222551928783382,47.403560830860535,47.4,OCH power behavior is within the normal dataset distribution.
43|/TO_EAST_OCM|11|194400,43,/TO_EAST_OCM,11,194400,163,2000-01-08 13:00:00,2000-01-15 07:00:00,3.7559620250736194,3.757496576,3.663886815,3.840442151,0.03131187863277125,0.17655533599999984,3.732143781,Normal,Normal,Normal,14.910979228486648,47.3293768545994,47.33,OCH power behavior is within the normal dataset distribution.
20|/TO_EAST_OCM|11|192500,20,/TO_EAST_OCM,11,192500,163,2000-01-08 13:00:00,2000-01-15 07:00:00,3.747807319177914,3.748824837,3.668433597,3.793246599,0.023720708739902438,0.12481300200000023,3.673626343,Normal,Normal,Normal,5.192878338278932,47.181008902077146,47.18,OCH power behavior is within the normal dataset distribution.
28|/TO_WEST_OCM|11|192200,28,/TO_WEST_OCM,11,192200,163,2000-01-08 13:00:00,2000-01-15 07:00:00,4.5095654147730055,4.503021556,4.329711551,4.736062072,0.08410178666294328,0.40635052100000024,4.702325132,Normal,Normal,Normal,47.10682492581602,25.741839762611274,47.11,OCH power behavior is within the normal dataset distribution.
46|/TO_WEST_OCM|11|194400,46,/TO_WEST_OCM,11,194400,163,2000-01-08 13:00:00,2000-01-15 07:00:00,3.802024539877301,3.8,3.67,3.96,0.060869821722641736,0.29000000000000004,3.84,Normal,Normal,Normal,33.01186943620178,47.06973293768546,47.07,OCH power behavior is within the normal dataset distribution.
25|/TO_EAST_OCM|11|193300,25,/TO_EAST_OCM,11,193300,163,2000-01-08 13:00:00,2000-01-15 07:00:00,3.7816226383006137,3.782131515,3.672473413,3.876939058,0.040824438178320835,0.20446564499999997,3.699264091,Normal,Normal,Normal,18.5459940652819,46.95845697329377,46.96,OCH power behavior is within the normal dataset distribution.
38|/TO_WEST_OCM|11|192600,38,/TO_WEST_OCM,11,192600,163,2000-01-08 13:00:00,2000-01-15 07:00:00,3.7467479044049083,3.744781719,3.674472576,3.821221672,0.028596594025907477,0.1467490960000002,3.711221672,Normal,Normal,Normal,9.792284866468842,46.88427299703264,46.88,OCH power behavior is within the normal dataset distribution.
25|/TO_EAST_OCM|11|193500,25,/TO_EAST_OCM,11,193500,163,2000-01-08 13:00:00,2000-01-15 07:00:00,3.766593104883435,3.765687754,3.675079459,3.852473413,0.039392785820224735,0.1773939539999998,3.701583708,Normal,Normal,Normal,14.985163204747776,46.810089020771514,46.81,OCH power behavior is within the normal dataset distribution.
33|/TO_EAST_OCM|11|192600,33,/TO_EAST_OCM,11,192600,163,2000-01-08 13:00:00,2000-01-15 07:00:00,4.380736196319018,4.39,4.18,4.58,0.08712527012345289,0.40000000000000036,4.32,Normal,Normal,Normal,46.66172106824926,30.934718100890212,46.66,OCH power behavior is within the normal dataset distribution.
46|/TO_EAST_OCM|11|192000,46,/TO_EAST_OCM,11,192000,163,2000-01-08 13:00:00,2000-01-15 07:00:00,4.2066257668711655,4.22,4.01,4.41,0.08344600426782818,0.40000000000000036,4.12,Normal,Normal,Normal,46.66172106824926,36.350148367952514,46.66,OCH power behavior is within the normal dataset distribution.
50|/TO_WEST_OCM|11|193100,50,/TO_WEST_OCM,11,193100,163,2000-01-08 13:00:00,2000-01-15 07:00:00,3.849386503067485,3.85,3.68,3.94,0.04912434778298213,0.2599999999999998,3.76,Normal,Normal,Normal,27.89317507418398,46.624629080118694,46.62,OCH power behavior is within the normal dataset distribution.
33|/TO_EAST_OCM|11|193000,33,/TO_EAST_OCM,11,193000,163,2000-01-08 13:00:00,2000-01-15 07:00:00,3.8899386503067483,3.89,3.7,4.1,0.08147935383807828,0.39999999999999947,3.9,Normal,Normal,Normal,46.14243323442137,46.14243323442137,46.14,OCH power behavior is within the normal dataset distribution.
31|/TO_WEST_OCM|11|193000,31,/TO_WEST_OCM,11,193000,163,2000-01-08 13:00:00,2000-01-15 07:00:00,3.877315088815951,3.881243663,3.708919061,4.000258403,0.06400075851649122,0.2913393420000001,3.971365588,Normal,Normal,Normal,33.45697329376854,46.06824925816023,46.07,OCH power behavior is within the normal dataset distribution.
35|/TO_EAST_OCM|11|193000,35,/TO_EAST_OCM,11,193000,163,2000-01-08 13:00:00,2000-01-15 07:00:00,4.143729800515337,4.144644626,3.95207854,4.349792992,0.07778273159269192,0.3977144520000002,4.206001064,Normal,Normal,Normal,46.068249258160236,38.27893175074184,46.07,OCH power behavior is within the normal dataset distribution.
28|/TO_WEST_OCM|11|193000,28,/TO_WEST_OCM,11,193000,163,2000-01-08 13:00:00,2000-01-15 07:00:00,4.1928284756932515,4.186056514,4.008919061,4.399711551,0.09022344447334754,0.39079248999999994,4.369711551,Normal,Normal,Normal,45.919881305637986,36.49851632047477,45.92,OCH power behavior is within the normal dataset distribution.
31|/TO_EAST_OCM|11|193800,31,/TO_EAST_OCM,11,193800,163,2000-01-08 13:00:00,2000-01-15 07:00:00,3.8891006297791413,3.895360941,3.71890712,4.032473413,0.07141317756477553,0.31356629300000005,3.952860493,Normal,Normal,Normal,37.166172106824924,45.91988130563798,45.92,OCH power behavior is within the normal dataset distribution.
25|/TO_WEST_OCM|11|193000,25,/TO_WEST_OCM,11,193000,163,2000-01-08 13:00:00,2000-01-15 07:00:00,5.169760888417178,5.161243663,4.980862596,5.371365588,0.09065000376873493,0.39050299200000005,5.263892933,Normal,Normal,Normal,45.845697329376854,6.528189910979232,45.85,OCH power behavior is within the normal dataset distribution.
19|/D2/OA-W/IGR_OCM|11|194400,19,/D2/OA-W/IGR_OCM,11,194400,163,2000-01-08 13:00:00,2000-01-15 07:00:00,4.096625766871166,4.11,3.89,4.28,0.07607031233266838,0.3900000000000001,4.27,Normal,Normal,Normal,45.73442136498516,40.24480712166172,45.73,OCH power behavior is within the normal dataset distribution.
31|/TO_WEST_OCM|11|191500,31,/TO_WEST_OCM,11,191500,163,2000-01-08 13:00:00,2000-01-15 07:00:00,3.912225777631902,3.918141864,3.720811641,4.069717452,0.0659942277710275,0.34890581099999984,4.018141864,Normal,Normal,Normal,42.28486646884273,45.623145400593465,45.62,OCH power behavior is within the normal dataset distribution.
25|/TO_EAST_OCM|11|193800,25,/TO_EAST_OCM,11,193800,163,2000-01-08 13:00:00,2000-01-15 07:00:00,3.8630596027361963,3.864409025,3.727803311,3.994652924,0.05041805485128482,0.26684961299999976,3.887803311,Normal,Normal,Normal,29.22848664688427,45.54896142433235,45.55,OCH power behavior is within the normal dataset distribution.
29|/TO_WEST_OCM|11|193000,29,/TO_WEST_OCM,11,193000,163,2000-01-08 13:00:00,2000-01-15 07:00:00,4.247361963190184,4.24,4.07,4.46,0.09608913185329553,0.3899999999999997,4.3,Normal,Normal,Normal,45.51186943620178,34.681008902077146,45.51,OCH power behavior is within the normal dataset distribution.
33|/TO_WEST_OCM|11|193300,33,/TO_WEST_OCM,11,193300,163,2000-01-08 13:00:00,2000-01-15 07:00:00,4.420368098159509,4.42,4.24,4.63,0.07188716785293642,0.3899999999999997,4.37,Normal,Normal,Normal,45.51186943620178,28.449554896142438,45.51,OCH power behavior is within the normal dataset distribution.
40|/D1/OA-W/EGR_OCM|2|191400,40,/D1/OA-W/EGR_OCM,2,191400,163,2000-01-08 13:00:00,2000-01-15 07:00:00,5.28079754601227,5.28,5.08,5.47,0.07526071225251307,0.3899999999999997,5.19,Normal,Normal,Normal,45.51186943620178,5.378338278931749,45.51,OCH power behavior is within the normal dataset distribution.
27|/TO_WEST_OCM|11|193000,27,/TO_WEST_OCM,11,193000,163,2000-01-08 13:00:00,2000-01-15 07:00:00,3.923699820380368,3.921904548,3.729944279,4.113042013,0.09668801296888774,0.38309773400000013,4.113042013,Normal,Normal,Normal,45.25222551928783,45.474777448071215,45.47,OCH power behavior is within the normal dataset distribution.
50|/TO_WEST_OCM|11|192500,50,/TO_WEST_OCM,11,192500,163,2000-01-08 13:00:00,2000-01-15 07:00:00,3.8749079754601228,3.88,3.73,4.02,0.06140704204358518,0.2899999999999996,3.85,Normal,Normal,Normal,32.640949554896146,45.40059347181009,45.4,OCH power behavior is within the normal dataset distribution.
46|/TO_EAST_OCM|11|193800,46,/TO_EAST_OCM,11,193800,163,2000-01-08 13:00:00,2000-01-15 07:00:00,3.9136196319018404,3.91,3.74,4.08,0.06818477153294174,0.33999999999999986,3.92,Normal,Normal,Normal,41.28338278931751,45.14094955489614,45.14,OCH power behavior is within the normal dataset distribution.
35|/TO_EAST_OCM|11|192000,35,/TO_EAST_OCM,11,192000,163,2000-01-08 13:00:00,2000-01-15 07:00:00,4.837910450159509,4.837719525,4.684355834,5.064508091,0.07015504861147372,0.38015225700000066,4.781103621,Normal,Normal,Normal,45.02967359050445,12.833827893175076,45.03,OCH power behavior is within the normal dataset distribution.
20|/TO_EAST_OCM|11|192400,20,/TO_EAST_OCM,11,192400,163,2000-01-08 13:00:00,2000-01-15 07:00:00,3.818306316435583,3.821451148,3.740864066,3.881232437,0.028836689614766688,0.1403683710000001,3.750587774,Normal,Normal,Normal,8.456973293768547,44.95548961424333,44.96,OCH power behavior is within the normal dataset distribution.
45|/TO_EAST_OCM|11|191400,45,/TO_EAST_OCM,11,191400,163,2000-01-08 13:00:00,2000-01-15 07:00:00,3.9011074855644168,3.896883296,3.742774521,4.035404631,0.0614279541311149,0.2926301099999997,3.792819739,Normal,Normal,Normal,33.67952522255193,44.80712166172107,44.81,OCH power behavior is within the normal dataset distribution.
20|/TO_EAST_OCM|11|193100,20,/TO_EAST_OCM,11,193100,163,2000-01-08 13:00:00,2000-01-15 07:00:00,3.8595874092453992,3.864454798,3.749239064,3.92537518,0.03139429725728212,0.1761361159999999,3.749239064,Normal,Normal,Normal,14.688427299703264,44.73293768545994,44.73,OCH power behavior is within the normal dataset distribution.
40|/D2/OA-W/IGR_OCM|11|193200,40,/D2/OA-W/IGR_OCM,11,193200,163,2000-01-08 13:00:00,2000-01-15 07:00:00,4.381472392638036,4.38,4.23,4.61,0.06968388170108825,0.3799999999999999,4.36,Normal,Normal,Normal,44.65875370919881,28.8946587537092,44.66,OCH power behavior is within the normal dataset distribution.
44|/TO_EAST_OCM|11|191400,44,/TO_EAST_OCM,11,191400,163,2000-01-08 13:00:00,2000-01-15 07:00:00,3.8880029102638036,3.879450912,3.749450912,4.01858114,0.05158136412212467,0.2691302280000003,3.820368608,Normal,Normal,Normal,29.52522255192878,44.65875370919882,44.66,OCH power behavior is within the normal dataset distribution.
46|/TO_EAST_OCM|11|193300,46,/TO_EAST_OCM,11,193300,163,2000-01-08 13:00:00,2000-01-15 07:00:00,4.068895705521473,4.08,3.84,4.22,0.08408553944886471,0.3799999999999999,4.15,Normal,Normal,Normal,44.65875370919881,41.8026706231454,44.66,OCH power behavior is within the normal dataset distribution.
50|/TO_WEST_OCM|11|193000,50,/TO_WEST_OCM,11,193000,163,2000-01-08 13:00:00,2000-01-15 07:00:00,3.8541104294478528,3.85,3.75,3.98,0.04796771112225663,0.22999999999999998,3.79,Normal,Normal,Normal,22.663204747774483,44.58456973293769,44.58,OCH power behavior is within the normal dataset distribution.
22|/TO_EAST_OCM|11|193500,22,/TO_EAST_OCM,11,193500,163,2000-01-08 13:00:00,2000-01-15 07:00:00,3.869646181969325,3.865952486,3.750988238,4.00400993,0.06156759189482382,0.25302169199999947,3.82400993,Normal,Normal,Normal,26.706231454005934,44.51038575667656,44.51,OCH power behavior is within the normal dataset distribution.
36|/TO_WEST_OCM|11|192200,36,/TO_WEST_OCM,11,192200,163,2000-01-08 13:00:00,2000-01-15 07:00:00,4.595458299570552,4.581365588,4.42356971,4.80122437,0.08303934919047443,0.37765466000000014,4.756771908,Normal,Normal,Normal,44.510385756676556,21.95845697329377,44.51,OCH power behavior is within the normal dataset distribution.
34|/TO_WEST_OCM|11|193000,34,/TO_WEST_OCM,11,193000,163,2000-01-08 13:00:00,2000-01-15 07:00:00,3.899553188398773,3.890878949,3.753651504,4.061033651,0.07930532903509135,0.3073821469999998,4.046470707,Normal,Normal,Normal,36.20178041543027,44.43620178041543,44.44,OCH power behavior is within the normal dataset distribution.
20|/TO_EAST_OCM|11|193200,20,/TO_EAST_OCM,11,193200,163,2000-01-08 13:00:00,2000-01-15 07:00:00,3.834586038276074,3.83806535,3.754029077,3.899676277,0.027464905182814945,0.14564719999999998,3.778824837,Normal,Normal,Normal,9.56973293768546,44.362017804154306,44.36,OCH power behavior is within the normal dataset distribution.
37|/TO_WEST_OCM|11|192200,37,/TO_WEST_OCM,11,192200,163,2000-01-08 13:00:00,2000-01-15 07:00:00,4.086951139981595,4.063892933,3.921759332,4.298058645,0.08390591530558449,0.3762993130000001,4.249018911,Normal,Normal,Normal,44.362017804154306,39.16913946587537,44.36,OCH power behavior is within the normal dataset distribution.
23|/TO_EAST_OCM|11|194400,23,/TO_EAST_OCM,11,194400,163,2000-01-08 13:00:00,2000-01-15 07:00:00,3.8547300639325153,3.857971399,3.758949957,3.915105204,0.029573297496104777,0.15615524700000005,3.758949957,Normal,Normal,Normal,11.72106824925816,44.287833827893174,44.29,OCH power behavior is within the normal dataset distribution.
25|/TO_WEST_OCM|11|192500,25,/TO_WEST_OCM,11,192500,163,2000-01-08 13:00:00,2000-01-15 07:00:00,5.551222991055215,5.54112577,5.390136468,5.763246599,0.08702864867693631,0.3731101310000007,5.506928029,Normal,Normal,Normal,44.287833827893174,2.077151335311578,44.29,OCH power behavior is within the normal dataset distribution.
50|/TO_WEST_OCM|11|192200,50,/TO_WEST_OCM,11,192200,163,2000-01-08 13:00:00,2000-01-15 07:00:00,3.8974233128834355,3.9,3.76,4.0,0.0512508832450866,0.2400000000000002,3.83,Normal,Normal,Normal,24.70326409495549,44.21364985163204,44.21,OCH power behavior is within the normal dataset distribution.
48|/TO_WEST_OCM|11|192400,48,/TO_WEST_OCM,11,192400,163,2000-01-08 13:00:00,2000-01-15 07:00:00,3.878206171920245,3.875533089,3.760714409,4.01739785,0.04975469380451384,0.25668344099999985,3.860864066,Normal,Normal,Normal,27.225519287833826,44.065281899109785,44.07,OCH power behavior is within the normal dataset distribution.
33|/TO_WEST_OCM|11|192500,33,/TO_WEST_OCM,11,192500,163,2000-01-08 13:00:00,2000-01-15 07:00:00,4.55441717791411,4.56,4.36,4.73,0.0705892147141621,0.3700000000000001,4.44,Normal,Normal,Normal,43.99109792284867,24.77744807121661,43.99,OCH power behavior is within the normal dataset distribution.
33|/TO_WEST_OCM|11|194400,33,/TO_WEST_OCM,11,194400,163,2000-01-08 13:00:00,2000-01-15 07:00:00,4.695766871165644,4.7,4.53,4.9,0.06647096930166665,0.3700000000000001,4.72,Normal,Normal,Normal,43.99109792284867,16.839762611275965,43.99,OCH power behavior is within the normal dataset distribution.
46|/TO_EAST_OCM|11|191400,46,/TO_EAST_OCM,11,191400,163,2000-01-08 13:00:00,2000-01-15 07:00:00,4.617361963190184,4.62,4.42,4.79,0.06756641196446338,0.3700000000000001,4.58,Normal,Normal,Normal,43.99109792284867,22.06973293768546,43.99,OCH power behavior is within the normal dataset distribution.
52|/TO_WEST_OCM|11|192000,52,/TO_WEST_OCM,11,192000,163,2000-01-08 13:00:00,2000-01-15 07:00:00,3.840268624141104,3.83890712,3.768108186,3.908595405,0.023357099458029287,0.14048721899999972,3.818595405,Normal,Normal,Normal,8.679525222551929,43.84272997032641,43.84,OCH power behavior is within the normal dataset distribution.
46|/TO_EAST_OCM|11|192200,46,/TO_EAST_OCM,11,192200,163,2000-01-08 13:00:00,2000-01-15 07:00:00,4.093742331288343,4.1,3.89,4.26,0.07830051234850209,0.36999999999999966,4.1,Normal,Normal,Normal,43.731454005934715,40.24480712166172,43.73,OCH power behavior is within the normal dataset distribution.
21|/TO_WEST_OCM|11|192500,21,/TO_WEST_OCM,11,192500,163,2000-01-08 13:00:00,2000-01-15 07:00:00,5.3953466141349695,5.390136468,5.233595326,5.60112577,0.0914162386449121,0.3675304440000007,5.33065336,Normal,Normal,Normal,43.5459940652819,3.3382789317507378,43.55,OCH power behavior is within the normal dataset distribution.
30|/TO_EAST_OCM|11|192600,30,/TO_EAST_OCM,11,192600,163,2000-01-08 13:00:00,2000-01-15 07:00:00,3.8859671238343556,3.886825655,3.773020608,3.98992067,0.050126885790239425,0.21690006200000012,3.81529803,Normal,Normal,Normal,20.623145400593472,43.5459940652819,43.55,OCH power behavior is within the normal dataset distribution.
41|/TO_WEST_OCM|11|193000,41,/TO_WEST_OCM,11,193000,163,2000-01-08 13:00:00,2000-01-15 07:00:00,3.922749859564417,3.92537518,3.775869831,4.027491565,0.05313346882123061,0.251621734,3.828687478,Normal,Normal,Normal,26.483679525222552,43.397626112759646,43.4,OCH power behavior is within the normal dataset distribution.
33|/TO_EAST_OCM|11|193800,33,/TO_EAST_OCM,11,193800,163,2000-01-08 13:00:00,2000-01-15 07:00:00,4.13239263803681,4.13,3.96,4.32,0.06634025978939036,0.3600000000000003,4.09,Normal,Normal,Normal,43.32344213649852,38.05637982195845,43.32,OCH power behavior is within the normal dataset distribution.
48|/TO_WEST_OCM|11|193200,48,/TO_WEST_OCM,11,193200,163,2000-01-08 13:00:00,2000-01-15 07:00:00,3.8821112856993865,3.879239064,3.779676277,3.97806535,0.04388136893383796,0.19838907299999997,3.85739785,Normal,Normal,Normal,16.69139465875371,43.323442136498514,43.32,OCH power behavior is within the normal dataset distribution.
46|/TO_EAST_OCM|11|193500,46,/TO_EAST_OCM,11,193500,163,2000-01-08 13:00:00,2000-01-15 07:00:00,3.9760122699386504,3.98,3.78,4.12,0.07278023640716157,0.3400000000000003,4.01,Normal,Normal,Normal,41.54302670623146,43.212166172106826,43.21,OCH power behavior is within the normal dataset distribution.
50|/TO_WEST_OCM|11|193300,50,/TO_WEST_OCM,11,193300,163,2000-01-08 13:00:00,2000-01-15 07:00:00,3.921963190184049,3.92,3.78,4.04,0.04478837613347338,0.26000000000000023,3.9,Normal,Normal,Normal,28.152818991097924,43.212166172106826,43.21,OCH power behavior is within the normal dataset distribution.
38|/TO_WEST_OCM|11|192200,38,/TO_WEST_OCM,11,192200,163,2000-01-08 13:00:00,2000-01-15 07:00:00,4.38539919206135,4.3672872,4.235862497,4.59122437,0.08414091302910165,0.35536187299999966,4.540146361,Normal,Normal,Normal,43.02670623145401,28.560830860534125,43.03,OCH power behavior is within the normal dataset distribution.
43|/TO_EAST_OCM|11|193800,43,/TO_EAST_OCM,11,193800,163,2000-01-08 13:00:00,2000-01-15 07:00:00,3.859685818141104,3.860067891,3.78919134,3.928358706,0.02299568439308822,0.13916736600000013,3.862242244,Normal,Normal,Normal,7.863501483679524,43.02670623145401,43.03,OCH power behavior is within the normal dataset distribution.
23|/TO_EAST_OCM|11|192600,23,/TO_EAST_OCM,11,192600,163,2000-01-08 13:00:00,2000-01-15 07:00:00,3.8908708120920243,3.889235271,3.803020608,3.972242244,0.03309362137131425,0.16922163599999962,3.870650377,Normal,Normal,Normal,13.353115727002967,42.72997032640949,42.73,OCH power behavior is within the normal dataset distribution.
34|/TO_EAST_OCM|11|192200,34,/TO_EAST_OCM,11,192200,163,2000-01-08 13:00:00,2000-01-15 07:00:00,4.537307524773007,4.53578636,4.370484161,4.721692872,0.060064587978875754,0.35120871099999995,4.443246599,Normal,Normal,Normal,42.72997032640949,23.813056379821962,42.73,OCH power behavior is within the normal dataset distribution.
33|/TO_WEST_OCM|11|192000,33,/TO_WEST_OCM,11,192000,163,2000-01-08 13:00:00,2000-01-15 07:00:00,4.0757055214723925,4.08,3.88,4.23,0.0820491370780405,0.35000000000000053,4.09,Normal,Normal,Normal,42.618694362017806,40.65281899109793,42.62,OCH power behavior is within the normal dataset distribution.
40|/D1/OA-W/EGR_OCM|2|192600,40,/D1/OA-W/EGR_OCM,2,192600,163,2000-01-08 13:00:00,2000-01-15 07:00:00,4.956441717791411,4.96,4.76,5.11,0.059220043545448436,0.35000000000000053,4.98,Normal,Normal,Normal,42.618694362017806,10.385756676557866,42.62,OCH power behavior is within the normal dataset distribution.
45|/TO_EAST_OCM|11|192600,45,/TO_EAST_OCM,11,192600,163,2000-01-08 13:00:00,2000-01-15 07:00:00,3.998561727294479,4.001952263,3.80703648,4.137971399,0.05452309533678791,0.3309349190000006,3.99400993,Normal,Normal,Normal,40.13353115727003,42.581602373887236,42.58,OCH power behavior is within the normal dataset distribution.
40|/D2/OA-W/IGR_OCM|11|192300,40,/D2/OA-W/IGR_OCM,11,192300,163,2000-01-08 13:00:00,2000-01-15 07:00:00,5.047300613496933,5.04,4.86,5.21,0.0782924349473923,0.34999999999999964,4.99,Normal,Normal,Normal,42.396142433234424,8.419881305637977,42.4,OCH power behavior is within the normal dataset distribution.
40|/D2/OA-W/IGR_OCM|11|193300,40,/D2/OA-W/IGR_OCM,11,193300,163,2000-01-08 13:00:00,2000-01-15 07:00:00,4.3535582822085885,4.36,4.16,4.51,0.06775665409986587,0.34999999999999964,4.25,Normal,Normal,Normal,42.396142433234424,31.750741839762608,42.4,OCH power behavior is within the normal dataset distribution.
50|/TO_WEST_OCM|11|192600,50,/TO_WEST_OCM,11,192600,163,2000-01-08 13:00:00,2000-01-15 07:00:00,3.9436809815950924,3.94,3.81,4.08,0.054205337252754296,0.27,3.89,Normal,Normal,Normal,29.933234421364986,42.28486646884273,42.28,OCH power behavior is within the normal dataset distribution.
42|/TO_WEST_OCM|11|193000,42,/TO_WEST_OCM,11,193000,163,2000-01-08 13:00:00,2000-01-15 07:00:00,3.969981052226994,3.96807805,3.812206928,4.140619634,0.05619013171584979,0.32841270599999994,3.812206928,Normal,Normal,Normal,39.09495548961424,42.2106824925816,42.21,OCH power behavior is within the normal dataset distribution.
20|/TO_EAST_OCM|11|193000,20,/TO_EAST_OCM,11,193000,163,2000-01-08 13:00:00,2000-01-15 07:00:00,3.9162656426441713,3.91997514,3.816001064,3.97997514,0.032053722832135596,0.16397407600000014,3.84997514,Normal,Normal,Normal,12.685459940652818,42.13649851632047,42.14,OCH power behavior is within the normal dataset distribution.
28|/TO_EAST_OCM|11|192600,28,/TO_EAST_OCM,11,192600,163,2000-01-08 13:00:00,2000-01-15 07:00:00,3.9184224313374236,3.91919134,3.824959409,4.004959409,0.04295095219882179,0.17999999999999972,3.971952263,Normal,Normal,Normal,15.244807121661722,42.06231454005934,42.06,OCH power behavior is within the normal dataset distribution.
25|/TO_EAST_OCM|11|194400,25,/TO_EAST_OCM,11,194400,163,2000-01-08 13:00:00,2000-01-15 07:00:00,3.919809381147239,3.916989041,3.828068953,4.038949957,0.03881647399261225,0.21088100399999998,3.848949957,Normal,Normal,Normal,19.73293768545994,41.98813056379822,41.99,OCH power behavior is within the normal dataset distribution.
35|/TO_EAST_OCM|11|192400,35,/TO_EAST_OCM,11,192400,163,2000-01-08 13:00:00,2000-01-15 07:00:00,5.076589202834356,5.08031147,4.895371912,5.240714409,0.05751009255074459,0.34534249699999986,5.025533089,Normal,Normal,Normal,41.98813056379822,7.789317507418403,41.99,OCH power behavior is within the normal dataset distribution.
27|/TO_WEST_OCM|11|192500,27,/TO_WEST_OCM,11,192500,163,2000-01-08 13:00:00,2000-01-15 07:00:00,4.310868177460122,4.3049035,4.163379897,4.505869831,0.07383119901443708,0.3424899339999996,4.28112577,Normal,Normal,Normal,41.839762611275965,31.602373887240354,41.84,OCH power behavior is within the normal dataset distribution.
33|/TO_EAST_OCM|11|193300,33,/TO_EAST_OCM,11,193300,163,2000-01-08 13:00:00,2000-01-15 07:00:00,3.995950920245399,4.0,3.84,4.18,0.08060449116557668,0.33999999999999986,4.02,Normal,Normal,Normal,41.28338278931751,41.8026706231454,41.8,OCH power behavior is within the normal dataset distribution.
34|/TO_EAST_OCM|11|192300,34,/TO_EAST_OCM,11,192300,163,2000-01-08 13:00:00,2000-01-15 07:00:00,4.076994872791412,4.073238287,3.898207545,4.238988828,0.05946051065723823,0.3407812830000001,3.948988828,Normal,Normal,Normal,41.69139465875371,39.98516320474778,41.69,OCH power behavior is within the normal dataset distribution.
26|/TO_EAST_OCM|11|192600,26,/TO_EAST_OCM,11,192600,163,2000-01-08 13:00:00,2000-01-15 07:00:00,3.9591456786625767,3.958108186,3.848108186,4.052473413,0.0373624914414517,0.20436522700000026,3.941217955,Normal,Normal,Normal,18.47181008902077,41.54302670623146,41.54,OCH power behavior is within the normal dataset distribution.
40|/D2/OA-W/IGR_OCM|11|192500,40,/D2/OA-W/IGR_OCM,11,192500,163,2000-01-08 13:00:00,2000-01-15 07:00:00,4.873128834355828,4.87,4.72,5.06,0.06483141930329622,0.33999999999999986,4.8,Normal,Normal,Normal,41.28338278931751,11.535608308605338,41.28,OCH power behavior is within the normal dataset distribution.
50|/TO_WEST_OCM|11|192400,50,/TO_WEST_OCM,11,192400,163,2000-01-08 13:00:00,2000-01-15 07:00:00,4.084907975460123,4.08,3.92,4.26,0.0662148401754179,0.33999999999999986,4.02,Normal,Normal,Normal,41.28338278931751,39.502967359050444,41.28,OCH power behavior is within the normal dataset distribution.
41|/TO_WEST_OCM|11|192500,41,/TO_WEST_OCM,11,192500,163,2000-01-08 13:00:00,2000-01-15 07:00:00,4.040291759349693,4.042556099,3.862245351,4.183626343,0.05738367354737633,0.32138099200000037,4.068824836,Normal,Normal,Normal,38.27893175074184,41.097922848664695,41.1,OCH power behavior is within the normal dataset distribution.
35|/TO_EAST_OCM|11|193100,35,/TO_EAST_OCM,11,193100,163,2000-01-08 13:00:00,2000-01-15 07:00:00,4.035721520840491,4.050587774,3.868824837,4.18806535,0.0707303362620496,0.31924051299999956,4.050587774,Normal,Normal,Normal,37.68545994065282,41.023738872403555,41.02,OCH power behavior is within the normal dataset distribution.
32|/TO_EAST_OCM|11|192600,32,/TO_EAST_OCM,11,192600,163,2000-01-08 13:00:00,2000-01-15 07:00:00,4.012615642269939,4.015952486,3.870988238,4.139972033,0.0630929149733342,0.26898379500000047,4.044959409,Normal,Normal,Normal,29.451038575667653,40.94955489614244,40.95,OCH power behavior is within the normal dataset distribution.
42|/TO_WEST_OCM|11|192500,42,/TO_WEST_OCM,11,192500,163,2000-01-08 13:00:00,2000-01-15 07:00:00,4.032387663423313,4.034454798,3.873626343,4.18806535,0.0613907283370273,0.3144390069999994,3.950136468,Normal,Normal,Normal,37.24035608308605,40.875370919881306,40.88,OCH power behavior is within the normal dataset distribution.
50|/TO_WEST_OCM|11|192000,50,/TO_WEST_OCM,11,192000,163,2000-01-08 13:00:00,2000-01-15 07:00:00,3.992085889570552,3.99,3.88,4.07,0.04257823572779216,0.1900000000000004,3.95,Normal,Normal,Normal,16.209198813056382,40.65281899109793,40.65,OCH power behavior is within the normal dataset distribution.
50|/TO_WEST_OCM|11|192300,50,/TO_WEST_OCM,11,192300,163,2000-01-08 13:00:00,2000-01-15 07:00:00,4.026564417177914,4.03,3.88,4.17,0.06350250668813592,0.29000000000000004,4.04,Normal,Normal,Normal,33.01186943620178,40.65281899109793,40.65,OCH power behavior is within the normal dataset distribution.
35|/TO_EAST_OCM|11|193200,35,/TO_EAST_OCM,11,193200,163,2000-01-08 13:00:00,2000-01-15 07:00:00,4.153661917447852,4.15806535,3.977098603,4.313626343,0.06983469507576194,0.3365277400000002,4.20165487,Normal,Normal,Normal,40.57863501483679,37.38872403560831,40.58,OCH power behavior is within the normal dataset distribution.
41|/TO_EAST_OCM|11|192000,41,/TO_EAST_OCM,11,192000,163,2000-01-08 13:00:00,2000-01-15 07:00:00,3.970200860466258,3.972473413,3.88137802,4.04137802,0.03451313134137701,0.1599999999999997,3.925079459,Normal,Normal,Normal,11.980712166172108,40.504451038575674,40.5,OCH power behavior is within the normal dataset distribution.
32|/TO_EAST_OCM|11|192000,32,/TO_EAST_OCM,11,192000,163,2000-01-08 13:00:00,2000-01-15 07:00:00,4.877910925226994,4.867932901,4.707803311,5.04137802,0.05717486505158034,0.33357470899999964,4.807719525,Normal,Normal,Normal,40.35608308605341,11.943620178041547,40.36,OCH power behavior is within the normal dataset distribution.
34|/TO_EAST_OCM|11|192500,34,/TO_EAST_OCM,11,192500,163,2000-01-08 13:00:00,2000-01-15 07:00:00,4.043724556386503,4.0349035,3.891232437,4.212245351,0.06674816819156394,0.32101291399999976,3.965869831,Normal,Normal,Normal,38.204747774480715,40.13353115727003,40.13,OCH power behavior is within the normal dataset distribution.
32|/TO_WEST_OCM|11|193000,32,/TO_WEST_OCM,11,193000,163,2000-01-08 13:00:00,2000-01-15 07:00:00,4.072725388644171,4.079465257,3.893837518,4.223892933,0.06758088140812987,0.3300554149999999,4.109711551,Normal,Normal,Normal,39.910979228486646,40.059347181008896,40.06,OCH power behavior is within the normal dataset distribution.
36|/TO_WEST_OCM|11|193000,36,/TO_WEST_OCM,11,193000,163,2000-01-08 13:00:00,2000-01-15 07:00:00,4.199922532300614,4.18892421,4.052200874,4.382330904,0.06994617284488483,0.3301300299999994,4.308205436,Normal,Normal,Normal,39.98516320474778,35.38575667655787,39.99,OCH power behavior is within the normal dataset distribution.
32|/TO_WEST_OCM|11|191500,32,/TO_WEST_OCM,11,191500,163,2000-01-08 13:00:00,2000-01-15 07:00:00,4.075852721380368,4.077759204,3.905822334,4.224162506,0.07479797101613898,0.3183401720000001,4.164018506,Normal,Normal,Normal,37.53709198813057,39.688427299703264,39.69,OCH power behavior is within the normal dataset distribution.
18|/D1/OA-W/EGR_OCM|4|191800,18,/D1/OA-W/EGR_OCM,4,191800,344,2000-01-01 00:00:00,2000-01-15 07:00:00,4.65796511627907,4.66,4.47,4.8,0.05284267814755131,0.33000000000000007,4.67,Normal,Normal,Normal,39.6513353115727,19.69584569732937,39.65,OCH power behavior is within the normal dataset distribution.
24|/TO_EAST_OCM|11|192500,24,/TO_EAST_OCM,11,192500,163,2000-01-08 13:00:00,2000-01-15 07:00:00,5.084049079754601,5.1,4.91,5.24,0.053444768268940124,0.33000000000000007,5.14,Normal,Normal,Normal,39.6513353115727,7.381305637982194,39.65,OCH power behavior is within the normal dataset distribution.
24|/TO_WEST_OCM|11|194400,24,/TO_WEST_OCM,11,194400,163,2000-01-08 13:00:00,2000-01-15 07:00:00,5.135337423312883,5.14,4.95,5.28,0.06789863731235901,0.33000000000000007,5.21,Normal,Normal,Normal,39.6513353115727,6.973293768545997,39.65,OCH power behavior is within the normal dataset distribution.
33|/TO_EAST_OCM|11|192400,33,/TO_EAST_OCM,11,192400,163,2000-01-08 13:00:00,2000-01-15 07:00:00,4.458588957055214,4.46,4.29,4.62,0.06884297126152711,0.33000000000000007,4.37,Normal,Normal,Normal,39.6513353115727,26.96587537091988,39.65,OCH power behavior is within the normal dataset distribution.
33|/TO_WEST_OCM|11|192600,33,/TO_WEST_OCM,11,192600,163,2000-01-08 13:00:00,2000-01-15 07:00:00,4.548650306748466,4.56,4.37,4.7,0.06588912626361026,0.33000000000000007,4.42,Normal,Normal,Normal,39.6513353115727,23.961424332344215,39.65,OCH power behavior is within the normal dataset distribution.
25|/TO_EAST_OCM|11|192600,25,/TO_EAST_OCM,11,192600,163,2000-01-08 13:00:00,2000-01-15 07:00:00,4.009624561343558,4.011012579,3.921012579,4.094409025,0.03463413489713145,0.17339644599999993,3.954472576,Normal,Normal,Normal,14.020771513353116,39.317507418397625,39.32,OCH power behavior is within the normal dataset distribution.
35|/TO_WEST_OCM|11|193000,35,/TO_WEST_OCM,11,193000,163,2000-01-08 13:00:00,2000-01-15 07:00:00,4.073117294079755,4.057312037,3.921312445,4.242272509,0.07010490635629,0.3209600640000003,4.109711551,Normal,Normal,Normal,38.13056379821958,39.2433234421365,39.24,OCH power behavior is within the normal dataset distribution.
45|/TO_EAST_OCM|11|193200,45,/TO_EAST_OCM,11,193200,163,2000-01-08 13:00:00,2000-01-15 07:00:00,4.084412923429448,4.101957607,3.922556099,4.20288985,0.058217286520250135,0.28033375100000013,4.043626343,Normal,Normal,Normal,31.973293768545997,39.09495548961425,39.09,OCH power behavior is within the normal dataset distribution.
42|/TO_WEST_OCM|11|192300,42,/TO_WEST_OCM,11,192300,163,2000-01-08 13:00:00,2000-01-15 07:00:00,4.19084490486503,4.191354496,3.99438805,4.32207854,0.058678599910328734,0.3276904899999997,4.11165487,Normal,Normal,Normal,39.02077151335311,36.83234421364985,39.02,OCH power behavior is within the normal dataset distribution.
52|/TO_WEST_OCM|11|193500,52,/TO_WEST_OCM,11,193500,163,2000-01-08 13:00:00,2000-01-15 07:00:00,3.968472238374233,3.96992067,3.923735559,4.009235271,0.01742298542743631,0.08549971199999984,3.995469677,Normal,Normal,Normal,1.3353115727002967,39.02077151335311,39.02,OCH power behavior is within the normal dataset distribution.
23|/TO_EAST_OCM|11|193300,23,/TO_EAST_OCM,11,193300,163,2000-01-08 13:00:00,2000-01-15 07:00:00,3.986391950380368,3.986125474,3.935469677,4.048594295,0.022982274678264938,0.11312461800000007,3.951142296,Normal,Normal,Normal,3.931750741839762,38.798219584569736,38.8,OCH power behavior is within the normal dataset distribution.
35|/TO_EAST_OCM|11|192200,35,/TO_EAST_OCM,11,192200,163,2000-01-08 13:00:00,2000-01-15 07:00:00,5.66890822393865,5.661692872,5.530484161,5.856569133,0.056575726473472115,0.3260849719999994,5.56739785,Normal,Normal,Normal,38.79821958456973,0.8160237388724068,38.8,OCH power behavior is within the normal dataset distribution.
29|/TO_WEST_OCM|11|194400,29,/TO_WEST_OCM,11,194400,163,2000-01-08 13:00:00,2000-01-15 07:00:00,4.073926380368098,4.07,3.94,4.24,0.06734319310669087,0.30000000000000027,4.13,Normal,Normal,Normal,34.9406528189911,38.68694362017804,38.69,OCH power behavior is within the normal dataset distribution.
38|/TO_WEST_OCM|11|194400,38,/TO_WEST_OCM,11,194400,163,2000-01-08 13:00:00,2000-01-15 07:00:00,4.02910334195092,4.026989041,3.945952486,4.105952486,0.03321191842965258,0.1599999999999997,4.081037506,Normal,Normal,Normal,11.980712166172108,38.57566765578635,38.58,OCH power behavior is within the normal dataset distribution.
51|/TO_WEST_OCM|11|192300,51,/TO_WEST_OCM,11,192300,163,2000-01-08 13:00:00,2000-01-15 07:00:00,4.067629590595092,4.064644626,3.951354496,4.191354496,0.03857762621548622,0.23999999999999977,4.125311385,Normal,Normal,Normal,24.480712166172104,38.353115727002965,38.35,OCH power behavior is within the normal dataset distribution.
35|/TO_EAST_OCM|11|192500,35,/TO_EAST_OCM,11,192500,163,2000-01-08 13:00:00,2000-01-15 07:00:00,4.846444006165645,4.844029077,4.69112577,5.01165487,0.05593884867875073,0.3205290999999999,4.792245351,Normal,Normal,Normal,38.05637982195846,12.759643916913943,38.06,OCH power behavior is within the normal dataset distribution.
33|/TO_WEST_OCM|11|193200,33,/TO_WEST_OCM,11,193200,163,2000-01-08 13:00:00,2000-01-15 07:00:00,4.5715337423312885,4.56,4.43,4.75,0.07494510601870792,0.3200000000000003,4.51,Normal,Normal,Normal,37.833827893175076,21.69881305637982,37.83,OCH power behavior is within the normal dataset distribution.
41|/TO_WEST_OCM|11|192200,41,/TO_WEST_OCM,11,192200,163,2000-01-08 13:00:00,2000-01-15 07:00:00,4.119988845042944,4.125533089,3.970864066,4.230714409,0.05593287457814968,0.2598503430000001,4.070864066,Normal,Normal,Normal,27.67062314540059,37.833827893175076,37.83,OCH power behavior is within the normal dataset distribution.
25|/TO_WEST_OCM|11|194400,25,/TO_WEST_OCM,11,194400,163,2000-01-08 13:00:00,2000-01-15 07:00:00,4.258019447803681,4.261108962,4.099913286,4.419913285,0.0678739402106613,0.3199999990000002,4.334114608,Normal,Normal,Normal,37.75964391691395,33.753709198813056,37.76,OCH power behavior is within the normal dataset distribution.
44|/TO_EAST_OCM|11|192600,44,/TO_EAST_OCM,11,192600,163,2000-01-08 13:00:00,2000-01-15 07:00:00,4.089315231245399,4.085687754,3.975360941,4.229264091,0.050643755035533033,0.2539031500000002,4.138108186,Normal,Normal,Normal,26.928783382789316,37.46290801186943,37.46,OCH power behavior is within the normal dataset distribution.
42|/TO_WEST_OCM|11|192400,42,/TO_WEST_OCM,11,192400,163,2000-01-08 13:00:00,2000-01-15 07:00:00,4.318839553705521,4.320403572,4.150403572,4.465302835,0.05630320901165851,0.31489926300000004,4.23031147,Normal,Normal,Normal,37.31454005934718,32.195845697329375,37.31,OCH power behavior is within the normal dataset distribution.
31|/TO_EAST_OCM|11|192600,31,/TO_EAST_OCM,11,192600,163,2000-01-08 13:00:00,2000-01-15 07:00:00,4.150024697110429,4.157570105,3.980650377,4.289235271,0.06632812511358846,0.308584894,4.145469677,Normal,Normal,Normal,36.35014836795252,37.240356083086056,37.24,OCH power behavior is within the normal dataset distribution.
50|/TO_WEST_OCM|11|194400,50,/TO_WEST_OCM,11,194400,163,2000-01-08 13:00:00,2000-01-15 07:00:00,4.095276073619631,4.1,3.99,4.18,0.03197825039098615,0.1899999999999995,4.11,Normal,Normal,Normal,16.060830860534125,37.12908011869436,37.13,OCH power behavior is within the normal dataset distribution.
31|/TO_WEST_OCM|11|192200,31,/TO_WEST_OCM,11,192200,163,2000-01-08 13:00:00,2000-01-15 07:00:00,4.785418563699387,4.778079919,4.641365588,4.953448635,0.07530362698184231,0.3120830469999998,4.870176503,Normal,Normal,Normal,37.01780415430267,13.501483679525228,37.02,OCH power behavior is within the normal dataset distribution.
41|/TO_WEST_OCM|11|192300,41,/TO_WEST_OCM,11,192300,163,2000-01-08 13:00:00,2000-01-15 07:00:00,4.139182791521472,4.13112577,3.99288985,4.294644626,0.055926488932765445,0.3017547760000001,4.054029077,Normal,Normal,Normal,35.60830860534125,37.01780415430267,37.02,OCH power behavior is within the normal dataset distribution.
44|/TO_EAST_OCM|11|193200,44,/TO_EAST_OCM,11,193200,163,2000-01-08 13:00:00,2000-01-15 07:00:00,4.044762754018405,4.0449035,3.994029077,4.1077201,0.024664686253749925,0.11369102299999989,4.0177201,Normal,Normal,Normal,4.005934718100891,36.94362017804155,36.94,OCH power behavior is within the normal dataset distribution.
31|/TO_WEST_OCM|11|193200,31,/TO_WEST_OCM,11,193200,163,2000-01-08 13:00:00,2000-01-15 07:00:00,4.114982296576687,4.098988828,3.99438805,4.272825486,0.06469788181871752,0.27843743600000037,4.078988828,Normal,Normal,Normal,31.379821958456972,36.83234421364985,36.83,OCH power behavior is within the normal dataset distribution.
40|/D2/OA-W/IGR_OCM|11|192200,40,/D2/OA-W/IGR_OCM,11,192200,163,2000-01-08 13:00:00,2000-01-15 07:00:00,4.810245398773006,4.81,4.64,4.95,0.05627260500791699,0.3100000000000005,4.8,Normal,Normal,Normal,36.795252225519285,13.57566765578635,36.8,OCH power behavior is within the normal dataset distribution.
29|/TO_EAST_OCM|11|193200,29,/TO_EAST_OCM,11,193200,163,2000-01-08 13:00:00,2000-01-15 07:00:00,4.536687116564417,4.53,4.37,4.68,0.06455025044872018,0.3099999999999996,4.44,Normal,Normal,Normal,36.646884272997035,23.961424332344215,36.65,OCH power behavior is within the normal dataset distribution.
29|/TO_WEST_OCM|11|192200,29,/TO_WEST_OCM,11,192200,163,2000-01-08 13:00:00,2000-01-15 07:00:00,4.244662576687117,4.24,4.12,4.43,0.06534129022398094,0.3099999999999996,4.25,Normal,Normal,Normal,36.646884272997035,32.86350148367953,36.65,OCH power behavior is within the normal dataset distribution.
33|/TO_EAST_OCM|11|192200,33,/TO_EAST_OCM,11,192200,163,2000-01-08 13:00:00,2000-01-15 07:00:00,4.806687116564417,4.8,4.66,4.97,0.06755934944321214,0.3099999999999996,4.8,Normal,Normal,Normal,36.646884272997035,13.130563798219585,36.65,OCH power behavior is within the normal dataset distribution.
42|/TO_EAST_OCM|11|192000,42,/TO_EAST_OCM,11,192000,163,2000-01-08 13:00:00,2000-01-15 07:00:00,4.093400897490797,4.098949957,4.009972033,4.164959409,0.03508588379441682,0.15498737599999934,4.112959846,Normal,Normal,Normal,11.572700296735905,36.42433234421365,36.42,OCH power behavior is within the normal dataset distribution.
30|/TO_WEST_OCM|11|192200,30,/TO_WEST_OCM,11,192200,163,2000-01-08 13:00:00,2000-01-15 07:00:00,4.675005953662576,4.672272509,4.519483248,4.827884042,0.07531019446585305,0.30840079399999976,4.819091115,Normal,Normal,Normal,36.275964391691396,17.321958456973295,36.28,OCH power behavior is within the normal dataset distribution.
53|/TO_WEST_OCM|11|193100,53,/TO_WEST_OCM,11,193100,163,2000-01-08 13:00:00,2000-01-15 07:00:00,4.055524084957056,4.054029077,4.013626343,4.093626343,0.01709196739693535,0.08000000000000007,4.043246599,Normal,Normal,Normal,0.7789317507418397,36.201780415430264,36.2,OCH power behavior is within the normal dataset distribution.
50|/TO_WEST_OCM|11|193200,50,/TO_WEST_OCM,11,193200,163,2000-01-08 13:00:00,2000-01-15 07:00:00,4.128650306748466,4.13,4.02,4.22,0.04453484330750308,0.20000000000000018,4.09,Normal,Normal,Normal,17.69287833827893,36.12759643916914,36.13,OCH power behavior is within the normal dataset distribution.
37|/TO_WEST_OCM|11|193000,37,/TO_WEST_OCM,11,193000,163,2000-01-08 13:00:00,2000-01-15 07:00:00,4.2189058571840485,4.195180785,4.085151081,4.390674515,0.07316590303038213,0.3055234339999995,4.349711551,Normal,Normal,Normal,36.053412462908014,34.124629080118694,36.05,OCH power behavior is within the normal dataset distribution.
28|/TO_EAST_OCM|11|194400,28,/TO_EAST_OCM,11,194400,163,2000-01-08 13:00:00,2000-01-15 07:00:00,4.127227424392638,4.124858381,4.028594295,4.227570105,0.04288958989960776,0.19897580999999942,4.123735559,Normal,Normal,Normal,16.839762611275965,35.97922848664689,35.98,OCH power behavior is within the normal dataset distribution.
42|/TO_WEST_OCM|11|192200,42,/TO_WEST_OCM,11,192200,163,2000-01-08 13:00:00,2000-01-15 07:00:00,4.198835304773007,4.200484161,4.030403572,4.330484161,0.058471138767470225,0.30008058900000023,4.16031147,Normal,Normal,Normal,35.16320474777448,35.90504451038575,35.91,OCH power behavior is within the normal dataset distribution.
50|/TO_WEST_OCM|11|193800,50,/TO_WEST_OCM,11,193800,163,2000-01-08 13:00:00,2000-01-15 07:00:00,4.138404907975461,4.14,4.04,4.21,0.03488829405664389,0.16999999999999993,4.1,Normal,Normal,Normal,13.612759643916913,35.719584569732945,35.72,OCH power behavior is within the normal dataset distribution.
53|/TO_WEST_OCM|11|192300,53,/TO_WEST_OCM,11,192300,163,2000-01-08 13:00:00,2000-01-15 07:00:00,4.09097021911043,4.089792992,4.045311385,4.136713655,0.018489269066190132,0.09140227000000056,4.079319844,Normal,Normal,Normal,2.0771513353115725,35.60830860534124,35.61,OCH power behavior is within the normal dataset distribution.
49|/TO_WEST_OCM|11|192500,49,/TO_WEST_OCM,11,192500,163,2000-01-08 13:00:00,2000-01-15 07:00:00,4.162011876349693,4.161957607,4.047098603,4.281036742,0.054225395013409596,0.23393813900000016,4.125947527,Normal,Normal,Normal,23.36795252225519,35.534124629080125,35.53,OCH power behavior is within the normal dataset distribution.
50|/TO_WEST_OCM|11|193500,50,/TO_WEST_OCM,11,193500,163,2000-01-08 13:00:00,2000-01-15 07:00:00,4.182699386503067,4.19,4.05,4.28,0.039143000725470174,0.23000000000000043,4.13,Normal,Normal,Normal,22.885756676557865,35.459940652818986,35.46,OCH power behavior is within the normal dataset distribution.
44|/TO_EAST_OCM|11|193100,44,/TO_EAST_OCM,11,193100,163,2000-01-08 13:00:00,2000-01-15 07:00:00,4.113000013092025,4.11165487,4.054000795,4.203379897,0.024130169422305444,0.14937910199999926,4.116001064,Normal,Normal,Normal,10.163204747774481,35.311572700296736,35.31,OCH power behavior is within the normal dataset distribution.
28|/TO_EAST_OCM|11|193800,28,/TO_EAST_OCM,11,193800,163,2000-01-08 13:00:00,2000-01-15 07:00:00,4.172616496791411,4.174652924,4.057932901,4.285687754,0.04517206515104371,0.22775485299999954,4.215079459,Normal,Normal,Normal,21.884272997032642,35.23738872403561,35.24,OCH power behavior is within the normal dataset distribution.
34|/TO_EAST_OCM|11|192400,34,/TO_EAST_OCM,11,192400,163,2000-01-08 13:00:00,2000-01-15 07:00:00,4.184922226484662,4.185371912,4.06031147,4.305533089,0.0542147304366365,0.2452216189999996,4.17578636,Normal,Normal,Normal,25.445103857566764,35.089020771513354,35.09,OCH power behavior is within the normal dataset distribution.
41|/TO_WEST_OCM|11|192400,41,/TO_WEST_OCM,11,192400,163,2000-01-08 13:00:00,2000-01-15 07:00:00,4.308766384380368,4.310346008,4.165325861,4.465371912,0.05877881401669412,0.3000460509999998,4.210346008,Normal,Normal,Normal,35.089020771513354,31.528189910979233,35.09,OCH power behavior is within the normal dataset distribution.
29|/TO_EAST_OCM|11|193100,29,/TO_EAST_OCM,11,193100,163,2000-01-08 13:00:00,2000-01-15 07:00:00,4.761840490797546,4.77,4.6,4.9,0.0714854665692392,0.3000000000000007,4.78,Normal,Normal,Normal,35.01483679525222,14.502967359050444,35.01,OCH power behavior is within the normal dataset distribution.
21|/TO_EAST_OCM|11|194400,21,/TO_EAST_OCM,11,194400,163,2000-01-08 13:00:00,2000-01-15 07:00:00,4.129137677361963,4.128782051,4.069966741,4.185586952,0.02428993318078476,0.11562021100000042,4.084365119,Normal,Normal,Normal,4.154302670623145,34.79228486646885,34.79,OCH power behavior is within the normal dataset distribution.
33|/TO_EAST_OCM|11|193500,33,/TO_EAST_OCM,11,193500,163,2000-01-08 13:00:00,2000-01-15 07:00:00,4.19398773006135,4.19,4.07,4.35,0.05924983593560201,0.27999999999999936,4.14,Normal,Normal,Normal,31.676557863501483,34.681008902077146,34.68,OCH power behavior is within the normal dataset distribution.
29|/TO_EAST_OCM|11|192300,29,/TO_EAST_OCM,11,192300,163,2000-01-08 13:00:00,2000-01-15 07:00:00,5.322453987730061,5.32,5.17,5.47,0.06811475452046034,0.2999999999999998,5.37,Normal,Normal,Normal,34.56973293768546,4.080118694362023,34.57,OCH power behavior is within the normal dataset distribution.
33|/TO_WEST_OCM|11|193000,33,/TO_WEST_OCM,11,193000,163,2000-01-08 13:00:00,2000-01-15 07:00:00,4.469754601226994,4.46,4.33,4.63,0.0683396647495488,0.2999999999999998,4.38,Normal,Normal,Normal,34.56973293768546,25.630563798219587,34.57,OCH power behavior is within the normal dataset distribution.
35|/TO_WEST_OCM|11|192500,35,/TO_WEST_OCM,11,192500,163,2000-01-08 13:00:00,2000-01-15 07:00:00,4.822839041932515,4.834644626,4.648687478,4.948687478,0.062201117313646484,0.2999999999999998,4.749319844,Normal,Normal,Normal,34.56973293768546,13.353115727002962,34.57,OCH power behavior is within the normal dataset distribution.
40|/D2/OA-W/IGR_OCM|11|193000,40,/D2/OA-W/IGR_OCM,11,193000,163,2000-01-08 13:00:00,2000-01-15 07:00:00,4.727546012269939,4.73,4.57,4.87,0.056021292518839264,0.2999999999999998,4.75,Normal,Normal,Normal,34.56973293768546,15.504451038575674,34.57,OCH power behavior is within the normal dataset distribution.
49|/TO_WEST_OCM|11|192200,49,/TO_WEST_OCM,11,192200,163,2000-01-08 13:00:00,2000-01-15 07:00:00,4.192333944662577,4.195302835,4.070299957,4.290587774,0.044809633070187906,0.220287817,4.180484161,Normal,Normal,Normal,21.216617210682493,34.56973293768546,34.57,OCH power behavior is within the normal dataset distribution.
52|/TO_WEST_OCM|11|193800,52,/TO_WEST_OCM,11,193800,163,2000-01-08 13:00:00,2000-01-15 07:00:00,4.1120336791104295,4.112350004,4.071142296,4.157997857,0.020204769740834506,0.08685556100000014,4.141142296,Normal,Normal,Normal,1.483679525222552,34.495548961424326,34.5,OCH power behavior is within the normal dataset distribution.
26|/TO_EAST_OCM|11|193300,26,/TO_EAST_OCM,11,193300,163,2000-01-08 13:00:00,2000-01-15 07:00:00,4.165503022306749,4.162860493,4.072131515,4.240605422,0.037473455846256915,0.1684739070000001,4.082473413,Normal,Normal,Normal,13.27893175074184,34.42136498516321,34.42,OCH power behavior is within the normal dataset distribution.
53|/TO_WEST_OCM|11|192500,53,/TO_WEST_OCM,11,192500,163,2000-01-08 13:00:00,2000-01-15 07:00:00,4.110975447116564,4.111957607,4.077098603,4.147098603,0.015063249365928887,0.07000000000000028,4.091451148,Normal,Normal,Normal,0.33382789317507416,34.34718100890207,34.35,OCH power behavior is within the normal dataset distribution.
22|/TO_EAST_OCM|11|193800,22,/TO_EAST_OCM,11,193800,163,2000-01-08 13:00:00,2000-01-15 07:00:00,4.190588263269938,4.182242243,4.082242244,4.318358706,0.05612460685357177,0.23611646200000003,4.130067891,Normal,Normal,Normal,23.738872403560833,34.19881305637982,34.2,OCH power behavior is within the normal dataset distribution.
45|/TO_EAST_OCM|11|193100,45,/TO_EAST_OCM,11,193100,163,2000-01-08 13:00:00,2000-01-15 07:00:00,4.238146807184049,4.253379897,4.086928029,4.369319844,0.059582525497156126,0.28239181499999955,4.238687478,Normal,Normal,Normal,32.047477744807125,34.05044510385756,34.05,OCH power behavior is within the normal dataset distribution.
21|/TO_EAST_OCM|11|192000,21,/TO_EAST_OCM,11,192000,163,2000-01-08 13:00:00,2000-01-15 07:00:00,4.172592020423313,4.175005996,4.089851074,4.232150081,0.02852891953106945,0.1422990070000001,4.089851074,Normal,Normal,Normal,8.902077151335313,33.976261127596445,33.98,OCH power behavior is within the normal dataset distribution.
22|/TO_EAST_OCM|11|192200,22,/TO_EAST_OCM,11,192200,163,2000-01-08 13:00:00,2000-01-15 07:00:00,4.99195430307362,5.010484161,4.820714409,5.116131713,0.06931232383396783,0.2954173039999999,4.860587774,Normal,Normal,Normal,33.90207715133531,9.124629080118696,33.9,OCH power behavior is within the normal dataset distribution.
33|/TO_EAST_OCM|11|194400,33,/TO_EAST_OCM,11,194400,163,2000-01-08 13:00:00,2000-01-15 07:00:00,4.241472392638037,4.24,4.1,4.39,0.06065723500997028,0.29000000000000004,4.14,Normal,Normal,Normal,33.01186943620178,33.56824925816023,33.57,OCH power behavior is within the normal dataset distribution.
24|/TO_EAST_OCM|11|193100,24,/TO_EAST_OCM,11,193100,163,2000-01-08 13:00:00,2000-01-15 07:00:00,4.987116564417178,4.99,4.83,5.12,0.06706109179373929,0.29000000000000004,4.94,Normal,Normal,Normal,33.01186943620178,8.902077151335309,33.01,OCH power behavior is within the normal dataset distribution.
24|/TO_EAST_OCM|11|193200,24,/TO_EAST_OCM,11,193200,163,2000-01-08 13:00:00,2000-01-15 07:00:00,4.853006134969325,4.85,4.71,5.0,0.06146498520763073,0.29000000000000004,4.78,Normal,Normal,Normal,33.01186943620178,11.832344213649847,33.01,OCH power behavior is within the normal dataset distribution.
33|/TO_EAST_OCM|11|192300,33,/TO_EAST_OCM,11,192300,163,2000-01-08 13:00:00,2000-01-15 07:00:00,4.654049079754602,4.66,4.5,4.79,0.0702960058645295,0.29000000000000004,4.51,Normal,Normal,Normal,33.01186943620178,18.212166172106826,33.01,OCH power behavior is within the normal dataset distribution.
40|/D2/OA-W/IGR_OCM|11|192000,40,/D2/OA-W/IGR_OCM,11,192000,163,2000-01-08 13:00:00,2000-01-15 07:00:00,5.031042944785276,5.03,4.88,5.17,0.058432333947344255,0.29000000000000004,4.95,Normal,Normal,Normal,33.01186943620178,8.160237388724035,33.01,OCH power behavior is within the normal dataset distribution.
49|/TO_WEST_OCM|11|192300,49,/TO_WEST_OCM,11,192300,163,2000-01-08 13:00:00,2000-01-15 07:00:00,4.264202873208589,4.26638745,4.133379897,4.37807805,0.04934604103441138,0.24469815299999986,4.24807805,Normal,Normal,Normal,25.29673590504451,32.566765578635014,32.57,OCH power behavior is within the normal dataset distribution.
30|/TO_EAST_OCM|11|192000,30,/TO_EAST_OCM,11,192000,163,2000-01-08 13:00:00,2000-01-15 07:00:00,4.689774663128834,4.687689791,4.557991376,4.844348625,0.05497712481679242,0.2863572489999999,4.594355834,Normal,Normal,Normal,32.49258160237389,15.801186943620182,32.49,OCH power behavior is within the normal dataset distribution.
53|/TO_WEST_OCM|11|192400,53,/TO_WEST_OCM,11,192400,163,2000-01-08 13:00:00,2000-01-15 07:00:00,4.1673135919018405,4.165947527,4.135533089,4.20578636,0.014646747549585776,0.07025327100000034,4.160714409,Normal,Normal,Normal,0.44510385756676557,32.49258160237388,32.49,OCH power behavior is within the normal dataset distribution.
22|/TO_EAST_OCM|11|192400,22,/TO_EAST_OCM,11,192400,163,2000-01-08 13:00:00,2000-01-15 07:00:00,5.042779789067485,5.061036742,4.885533089,5.171232437,0.07092231572420504,0.28569934799999963,4.895947527,Normal,Normal,Normal,32.418397626112764,8.086053412462913,32.42,OCH power behavior is within the normal dataset distribution.
40|/D2/OA-W/IGR_OCM|11|193500,40,/D2/OA-W/IGR_OCM,11,193500,163,2000-01-08 13:00:00,2000-01-15 07:00:00,4.268220858895706,4.27,4.14,4.4,0.055119625746803534,0.2600000000000007,4.17,Normal,Normal,Normal,28.338278931750743,32.418397626112764,32.42,OCH power behavior is within the normal dataset distribution.
26|/TO_EAST_OCM|11|193500,26,/TO_EAST_OCM,11,193500,163,2000-01-08 13:00:00,2000-01-15 07:00:00,4.235479853061349,4.237932901,4.144355834,4.344843416,0.03583543763665885,0.20048758200000005,4.161103621,Normal,Normal,Normal,18.100890207715135,32.344213649851625,32.34,OCH power behavior is within the normal dataset distribution.
32|/TO_WEST_OCM|11|193200,32,/TO_WEST_OCM,11,193200,163,2000-01-08 13:00:00,2000-01-15 07:00:00,4.415065593233129,4.406903451,4.26438805,4.548988828,0.06289920710027894,0.2846007779999997,4.403595326,Normal,Normal,Normal,32.34421364985163,27.670623145400597,32.34,OCH power behavior is within the normal dataset distribution.
31|/TO_EAST_OCM|11|192000,31,/TO_EAST_OCM,11,192000,163,2000-01-08 13:00:00,2000-01-15 07:00:00,4.9022338630429445,4.897689791,4.751217955,5.035079459,0.05683487368690031,0.2838615039999999,4.834508091,Normal,Normal,Normal,32.27002967359051,10.608308605341243,32.27,OCH power behavior is within the normal dataset distribution.
51|/TO_WEST_OCM|11|192500,51,/TO_WEST_OCM,11,192500,163,2000-01-08 13:00:00,2000-01-15 07:00:00,4.207078816687117,4.203246599,4.1477201,4.298433597,0.028005455381419516,0.15071349699999992,4.237098603,Normal,Normal,Normal,11.053412462908012,32.27002967359051,32.27,OCH power behavior is within the normal dataset distribution.
51|/TO_WEST_OCM|11|192400,51,/TO_WEST_OCM,11,192400,163,2000-01-08 13:00:00,2000-01-15 07:00:00,4.228116297073619,4.225325861,4.155302835,4.320346008,0.031218170692055906,0.16504317299999993,4.290403572,Normal,Normal,Normal,12.833827893175073,32.04747774480712,32.05,OCH power behavior is within the normal dataset distribution.
24|/TO_EAST_OCM|11|192400,24,/TO_EAST_OCM,11,192400,163,2000-01-08 13:00:00,2000-01-15 07:00:00,5.480429447852761,5.48,5.34,5.62,0.047872640879264544,0.28000000000000025,5.43,Normal,Normal,Normal,31.899109792284868,2.448071216617209,31.9,OCH power behavior is within the normal dataset distribution.
43|/TO_EAST_OCM|11|192600,43,/TO_EAST_OCM,11,192600,163,2000-01-08 13:00:00,2000-01-15 07:00:00,4.266063239380368,4.264858381,4.157997857,4.417997857,0.051021066465781445,0.2599999999999998,4.279666207,Normal,Normal,Normal,27.89317507418398,31.824925816023743,31.82,OCH power behavior is within the normal dataset distribution.
45|/TO_EAST_OCM|11|192200,45,/TO_EAST_OCM,11,192200,163,2000-01-08 13:00:00,2000-01-15 07:00:00,4.541815482662577,4.56031147,4.360714409,4.640346008,0.06625934377602259,0.279631599,4.501036742,Normal,Normal,Normal,31.528189910979226,24.629080118694358,31.53,OCH power behavior is within the normal dataset distribution.
51|/TO_WEST_OCM|11|193100,51,/TO_WEST_OCM,11,193100,163,2000-01-08 13:00:00,2000-01-15 07:00:00,4.232073023527607,4.233626343,4.16806535,4.298433597,0.02823448685552728,0.13036824699999983,4.23806535,Normal,Normal,Normal,6.528189910979229,31.454005934718097,31.45,OCH power behavior is within the normal dataset distribution.
28|/TO_EAST_OCM|11|192000,28,/TO_EAST_OCM,11,192000,163,2000-01-08 13:00:00,2000-01-15 07:00:00,4.857700715429448,4.854494738,4.731424274,5.008358706,0.04900357316701063,0.276934432,4.86919134,Normal,Normal,Normal,31.305637982195844,11.350148367952517,31.31,OCH power behavior is within the normal dataset distribution.
34|/TO_WEST_OCM|11|193200,34,/TO_WEST_OCM,11,193200,163,2000-01-08 13:00:00,2000-01-15 07:00:00,4.2589339827177914,4.253238287,4.169624505,4.406042122,0.04313029353569007,0.23641761699999986,4.268694652,Normal,Normal,Normal,23.81305637982196,31.305637982195844,31.31,OCH power behavior is within the normal dataset distribution.
26|/TO_EAST_OCM|11|193800,26,/TO_EAST_OCM,11,193800,163,2000-01-08 13:00:00,2000-01-15 07:00:00,4.550020711999999,4.551103621,4.394409025,4.671217955,0.04428024756144755,0.2768089300000005,4.521583708,Normal,Normal,Normal,31.231454005934715,22.8486646884273,31.23,OCH power behavior is within the normal dataset distribution.
23|/TO_EAST_OCM|11|193500,23,/TO_EAST_OCM,11,193500,163,2000-01-08 13:00:00,2000-01-15 07:00:00,4.229077869631902,4.228594295,4.173020608,4.300650377,0.025967343991304313,0.12762976900000034,4.187446074,Normal,Normal,Normal,5.712166172106825,31.15727002967359,31.16,OCH power behavior is within the normal dataset distribution.
45|/TO_EAST_OCM|11|193000,45,/TO_EAST_OCM,11,193000,163,2000-01-08 13:00:00,2000-01-15 07:00:00,4.386978040730061,4.404454798,4.209239064,4.485869831,0.061956038706474696,0.27663076699999944,4.368824836,Normal,Normal,Normal,31.15727002967359,29.451038575667653,31.16,OCH power behavior is within the normal dataset distribution.
22|/TO_EAST_OCM|11|192500,22,/TO_EAST_OCM,11,192500,163,2000-01-08 13:00:00,2000-01-15 07:00:00,4.918672884288344,4.933246599,4.74288985,5.01806535,0.0670673052133413,0.2751754999999996,4.74288985,Normal,Normal,Normal,31.083086053412462,11.12759643916914,31.08,OCH power behavior is within the normal dataset distribution.
53|/TO_WEST_OCM|11|193000,53,/TO_WEST_OCM,11,193000,163,2000-01-08 13:00:00,2000-01-15 07:00:00,4.231154884803681,4.230619634,4.1849035,4.265869831,0.01592907698873217,0.08096633099999995,4.260136468,Normal,Normal,Normal,1.0385756676557862,30.86053412462908,30.86,OCH power behavior is within the normal dataset distribution.
18|/D1/OA-W/EGR_OCM|4|191700,18,/D1/OA-W/EGR_OCM,4,191700,344,2000-01-01 00:00:00,2000-01-15 07:00:00,4.308372093023255,4.31,4.19,4.46,0.048381633146548045,0.2699999999999996,4.22,Normal,Normal,Normal,29.78486646884273,30.712166172106826,30.71,OCH power behavior is within the normal dataset distribution.
38|/TO_WEST_OCM|11|193000,38,/TO_WEST_OCM,11,193000,163,2000-01-08 13:00:00,2000-01-15 07:00:00,4.57640421097546,4.559123405,4.456699684,4.729098966,0.06983479514473674,0.2723992819999994,4.71754588,Normal,Normal,Normal,30.637982195845698,20.252225519287837,30.64,OCH power behavior is within the normal dataset distribution.
51|/TO_WEST_OCM|11|192200,51,/TO_WEST_OCM,11,192200,163,2000-01-08 13:00:00,2000-01-15 07:00:00,4.264088520208589,4.261957607,4.197098603,4.372245351,0.03488270179737964,0.1751467480000004,4.286569133,Normal,Normal,Normal,14.540059347181009,30.56379821958457,30.56,OCH power behavior is within the normal dataset distribution.
18|/D1/OA-W/EGR_OCM|4|191600,18,/D1/OA-W/EGR_OCM,4,191600,344,2000-01-01 00:00:00,2000-01-15 07:00:00,4.666162790697674,4.67,4.52,4.79,0.05181079290627745,0.27000000000000046,4.68,Normal,Normal,Normal,30.192878338278934,17.17359050445104,30.19,OCH power behavior is within the normal dataset distribution.
18|/D1/OA-W/EGR_OCM|4|191900,18,/D1/OA-W/EGR_OCM,4,191900,344,2000-01-01 00:00:00,2000-01-15 07:00:00,4.719796511627907,4.72,4.6,4.87,0.0540134352095026,0.27000000000000046,4.7,Normal,Normal,Normal,30.192878338278934,14.502967359050444,30.19,OCH power behavior is within the normal dataset distribution.
40|/D2/OA-W/EGR_OCM|11|192600,40,/D2/OA-W/EGR_OCM,11,192600,163,2000-01-08 13:00:00,2000-01-15 07:00:00,5.246687116564417,5.24,5.13,5.4,0.053218107179398545,0.27000000000000046,5.28,Normal,Normal,Normal,30.192878338278934,4.673590504451042,30.19,OCH power behavior is within the normal dataset distribution.
40|/D2/OA-W/IGR_OCM|11|192600,40,/D2/OA-W/IGR_OCM,11,192600,163,2000-01-08 13:00:00,2000-01-15 07:00:00,4.708036809815951,4.71,4.56,4.83,0.06173278633172464,0.27000000000000046,4.63,Normal,Normal,Normal,30.192878338278934,15.727002967359049,30.19,OCH power behavior is within the normal dataset distribution.
40|/D2/OA-W/IGR_OCM|11|193100,40,/D2/OA-W/IGR_OCM,11,193100,163,2000-01-08 13:00:00,2000-01-15 07:00:00,4.4751533742331295,4.47,4.34,4.61,0.05494504356735205,0.27000000000000046,4.39,Normal,Normal,Normal,30.192878338278934,25.29673590504451,30.19,OCH power behavior is within the normal dataset distribution.
39|/D2/OA-W/EGR_OCM|11|196100,39,/D2/OA-W/EGR_OCM,11,196100,163,2000-01-08 13:00:00,2000-01-15 07:00:00,4.269754601226994,4.27,4.2,4.33,0.027643026943057553,0.1299999999999999,4.28,Normal,Normal,Normal,6.045994065281899,30.08160237388724,30.08,OCH power behavior is within the normal dataset distribution.
40|/D2/OA-W/IGR_OCM|11|193800,40,/D2/OA-W/IGR_OCM,11,193800,163,2000-01-08 13:00:00,2000-01-15 07:00:00,5.052760736196319,5.05,4.95,5.22,0.06332639673083769,0.2699999999999996,4.97,Normal,Normal,Normal,29.78486646884273,6.973293768545997,29.78,OCH power behavior is within the normal dataset distribution.
53|/TO_WEST_OCM|11|193200,53,/TO_WEST_OCM,11,193200,163,2000-01-08 13:00:00,2000-01-15 07:00:00,4.245359819858895,4.246338915,4.201036742,4.286569133,0.015826656186102142,0.0855323910000001,4.251036742,Normal,Normal,Normal,1.4094955489614243,29.747774480712163,29.75,OCH power behavior is within the normal dataset distribution.
45|/TO_EAST_OCM|11|192300,45,/TO_EAST_OCM,11,192300,163,2000-01-08 13:00:00,2000-01-15 07:00:00,4.440193548233129,4.45288985,4.2777201,4.547098603,0.06071005485334914,0.26937850300000044,4.421692872,Normal,Normal,Normal,29.673590504451035,27.373887240356087,29.67,OCH power behavior is within the normal dataset distribution.
42|/TO_EAST_OCM|11|192600,42,/TO_EAST_OCM,11,192600,163,2000-01-08 13:00:00,2000-01-15 07:00:00,4.441370437404908,4.441037506,4.325730943,4.595105204,0.05834971748814294,0.2693742610000003,4.453298159,Normal,Normal,Normal,29.59940652818991,25.96439169139466,29.6,OCH power behavior is within the normal dataset distribution.
44|/TO_EAST_OCM|11|193000,44,/TO_EAST_OCM,11,193000,163,2000-01-08 13:00:00,2000-01-15 07:00:00,4.272319173288343,4.270136468,4.2049035,4.34537518,0.02737706400768846,0.1404716799999992,4.300136468,Normal,Normal,Normal,8.605341246290802,29.59940652818991,29.6,OCH power behavior is within the normal dataset distribution.
44|/TO_EAST_OCM|11|192300,44,/TO_EAST_OCM,11,192300,163,2000-01-08 13:00:00,2000-01-15 07:00:00,4.289651901435583,4.292556099,4.209676277,4.354454798,0.030147529389756834,0.1447785210000001,4.243246599,Normal,Normal,Normal,9.347181008902076,29.37685459940653,29.38,OCH power behavior is within the normal dataset distribution.
39|/D2/OA-W/EGR_OCM|11|193300,39,/D2/OA-W/EGR_OCM,11,193300,163,2000-01-08 13:00:00,2000-01-15 07:00:00,4.2956441717791405,4.29,4.22,4.37,0.02886830056568201,0.15000000000000036,4.28,Normal,Normal,Normal,10.682492581602373,29.228486646884278,29.23,OCH power behavior is within the normal dataset distribution.
41|/TO_EAST_OCM|11|192600,41,/TO_EAST_OCM,11,192600,163,2000-01-08 13:00:00,2000-01-15 07:00:00,4.334279791067484,4.327971399,4.22703648,4.478949957,0.04971092091894329,0.25191347700000044,4.361952263,Normal,Normal,Normal,26.55786350148368,29.154302670623146,29.15,OCH power behavior is within the normal dataset distribution.
43|/TO_EAST_OCM|11|191400,43,/TO_EAST_OCM,11,191400,163,2000-01-08 13:00:00,2000-01-15 07:00:00,4.387458483453988,4.374010867,4.289192101,4.554493096,0.05381056306397077,0.2653009949999996,4.320358363,Normal,Normal,Normal,29.154302670623146,27.1513353115727,29.15,OCH power behavior is within the normal dataset distribution.
22|/TO_EAST_OCM|11|192300,22,/TO_EAST_OCM,11,192300,163,2000-01-08 13:00:00,2000-01-15 07:00:00,4.84431881693865,4.859676277,4.703626343,4.968824836,0.0732410571889643,0.26519849299999976,4.719676277,Normal,Normal,Normal,29.080118694362017,12.01780415430267,29.08,OCH power behavior is within the normal dataset distribution.
49|/TO_WEST_OCM|11|193100,49,/TO_WEST_OCM,11,193100,163,2000-01-08 13:00:00,2000-01-15 07:00:00,4.35032846398773,4.350619634,4.229239064,4.462206928,0.046909376822210955,0.2329678639999999,4.29739785,Normal,Normal,Normal,23.293768545994066,29.08011869436202,29.08,OCH power behavior is within the normal dataset distribution.
45|/TO_EAST_OCM|11|192400,45,/TO_EAST_OCM,11,192400,163,2000-01-08 13:00:00,2000-01-15 07:00:00,4.6794032239386505,4.690346008,4.510346008,4.775371912,0.05838746727935143,0.2650259039999998,4.68031147,Normal,Normal,Normal,29.00593471810089,17.58160237388724,29.01,OCH power behavior is within the normal dataset distribution.
31|/TO_EAST_OCM|11|192500,31,/TO_EAST_OCM,11,192500,163,2000-01-08 13:00:00,2000-01-15 07:00:00,5.34176958598773,5.342245351,5.2277201,5.491692872,0.051098274838079376,0.2639727719999998,5.272245351,Normal,Normal,Normal,28.783382789317507,3.4124629080118707,28.78,OCH power behavior is within the normal dataset distribution.
26|/TO_EAST_OCM|11|192000,26,/TO_EAST_OCM,11,192000,163,2000-01-08 13:00:00,2000-01-15 07:00:00,4.4576574616196325,4.457803311,4.324472576,4.587803311,0.05022516963773676,0.26333073500000026,4.374355834,Normal,Normal,Normal,28.709198813056382,26.038575667655785,28.71,OCH power behavior is within the normal dataset distribution.
29|/TO_EAST_OCM|11|193000,29,/TO_EAST_OCM,11,193000,163,2000-01-08 13:00:00,2000-01-15 07:00:00,4.5491411042944785,4.54,4.43,4.69,0.05493429041109479,0.2600000000000007,4.55,Normal,Normal,Normal,28.338278931750743,21.69881305637982,28.34,OCH power behavior is within the normal dataset distribution.
40|/D2/OA-W/EGR_OCM|11|192400,40,/D2/OA-W/EGR_OCM,11,192400,163,2000-01-08 13:00:00,2000-01-15 07:00:00,4.623496932515337,4.63,4.47,4.73,0.055494786122921,0.2600000000000007,4.57,Normal,Normal,Normal,28.338278931750743,19.69584569732937,28.34,OCH power behavior is within the normal dataset distribution.
53|/TO_WEST_OCM|11|192200,53,/TO_WEST_OCM,11,192200,163,2000-01-08 13:00:00,2000-01-15 07:00:00,4.293846449030675,4.293246599,4.248824836,4.33739785,0.017568093319097512,0.0885730140000005,4.282556099,Normal,Normal,Normal,1.5578635014836795,28.264094955489615,28.26,OCH power behavior is within the normal dataset distribution.
35|/TO_WEST_OCM|11|193200,35,/TO_WEST_OCM,11,193200,163,2000-01-08 13:00:00,2000-01-15 07:00:00,4.335257460840491,4.335682521,4.254615892,4.439091115,0.040602186402799306,0.18447522299999974,4.265682521,Normal,Normal,Normal,15.727002967359049,27.967359050445108,27.97,OCH power behavior is within the normal dataset distribution.
29|/TO_EAST_OCM|11|192200,29,/TO_EAST_OCM,11,192200,163,2000-01-08 13:00:00,2000-01-15 07:00:00,5.154294478527607,5.16,5.01,5.27,0.05687292880671403,0.2599999999999998,5.06,Normal,Normal,Normal,27.89317507418398,5.934718100890213,27.89,OCH power behavior is within the normal dataset distribution.
40|/D2/OA-W/IGR_OCM|11|194400,40,/D2/OA-W/IGR_OCM,11,194400,163,2000-01-08 13:00:00,2000-01-15 07:00:00,4.657607361963191,4.65,4.53,4.79,0.05703404177134602,0.2599999999999998,4.6,Normal,Normal,Normal,27.89317507418398,16.839762611275965,27.89,OCH power behavior is within the normal dataset distribution.
50|/TO_WEST_OCM|11|191400,50,/TO_WEST_OCM,11,191400,163,2000-01-08 13:00:00,2000-01-15 07:00:00,4.434049079754601,4.44,4.32,4.58,0.05245383669204582,0.2599999999999998,4.4,Normal,Normal,Normal,27.89317507418398,26.26112759643917,27.89,OCH power behavior is within the normal dataset distribution.
21|/TO_EAST_OCM|11|192600,21,/TO_EAST_OCM,11,192600,163,2000-01-08 13:00:00,2000-01-15 07:00:00,4.329953027656442,4.331217955,4.261583708,4.408108186,0.026480233429526243,0.1465244779999999,4.291035127,Normal,Normal,Normal,9.643916913946587,27.81899109792285,27.82,OCH power behavior is within the normal dataset distribution.
49|/TO_WEST_OCM|11|193000,49,/TO_WEST_OCM,11,193000,163,2000-01-08 13:00:00,2000-01-15 07:00:00,4.380397538705521,4.383379897,4.262206928,4.49165487,0.04952161092279799,0.2294479419999993,4.310136468,Normal,Normal,Normal,22.106824925816024,27.74480712166172,27.74,OCH power behavior is within the normal dataset distribution.
42|/TO_EAST_OCM|11|191400,42,/TO_EAST_OCM,11,191400,163,2000-01-08 13:00:00,2000-01-15 07:00:00,4.861715353595092,4.856242737,4.746989041,5.006242737,0.050122877114290774,0.25925369600000003,4.804010867,Normal,Normal,Normal,27.596439169139465,10.979228486646885,27.6,OCH power behavior is within the normal dataset distribution.
32|/TO_EAST_OCM|11|192300,32,/TO_EAST_OCM,11,192300,163,2000-01-08 13:00:00,2000-01-15 07:00:00,5.640259857239264,5.643379897,5.524000795,5.78207854,0.04928612466987006,0.2580777449999996,5.53065336,Normal,Normal,Normal,27.522255192878337,0.8902077151335286,27.52,OCH power behavior is within the normal dataset distribution.
51|/TO_WEST_OCM|11|193000,51,/TO_WEST_OCM,11,193000,163,2000-01-08 13:00:00,2000-01-15 07:00:00,4.353695415263803,4.35537518,4.285869831,4.422206928,0.02491863761174034,0.1363370969999993,4.350136468,Normal,Normal,Normal,7.492581602373888,27.225519287833833,27.23,OCH power behavior is within the normal dataset distribution.
40|/D2/OA-W/EGR_OCM|11|193000,40,/D2/OA-W/EGR_OCM,11,193000,163,2000-01-08 13:00:00,2000-01-15 07:00:00,4.429877300613497,4.43,4.29,4.5,0.03346248553749954,0.20999999999999996,4.44,Normal,Normal,Normal,19.510385756676556,26.96587537091988,26.97,OCH power behavior is within the normal dataset distribution.
40|/D2/OA-W/EGR_OCM|11|193500,40,/D2/OA-W/EGR_OCM,11,193500,163,2000-01-08 13:00:00,2000-01-15 07:00:00,4.363067484662577,4.36,4.29,4.41,0.023076129731545453,0.1200000000000001,4.32,Normal,Normal,Normal,4.599406528189911,26.96587537091988,26.97,OCH power behavior is within the normal dataset distribution.
51|/TO_WEST_OCM|11|193200,51,/TO_WEST_OCM,11,193200,163,2000-01-08 13:00:00,2000-01-15 07:00:00,4.381848192116564,4.382245351,4.292556099,4.458433597,0.028834239655429316,0.1658774980000004,4.357098603,Normal,Normal,Normal,13.056379821958458,26.780415430267055,26.78,OCH power behavior is within the normal dataset distribution.
39|/D2/OA-W/EGR_OCM|11|192600,39,/D2/OA-W/EGR_OCM,11,192600,163,2000-01-08 13:00:00,2000-01-15 07:00:00,4.427116564417178,4.43,4.31,4.49,0.03223608756053269,0.1800000000000006,4.42,Normal,Normal,Normal,15.504451038575667,26.520771513353115,26.52,OCH power behavior is within the normal dataset distribution.
3|/D1/OA-W/EGR_OCM|4|191700,3,/D1/OA-W/EGR_OCM,4,191700,344,2000-01-01 00:00:00,2000-01-15 07:00:00,4.4205813953488375,4.42,4.31,4.55,0.03725586110111429,0.2400000000000002,4.36,Normal,Normal,Normal,24.70326409495549,26.520771513353115,26.52,OCH power behavior is within the normal dataset distribution.
21|/TO_EAST_OCM|11|193300,21,/TO_EAST_OCM,11,193300,163,2000-01-08 13:00:00,2000-01-15 07:00:00,4.365410804085889,4.363292642,4.3142917,4.420113355,0.023594133525424842,0.10582165499999974,4.333769749,Normal,Normal,Normal,3.3382789317507418,26.409495548961427,26.41,OCH power behavior is within the normal dataset distribution.
35|/TO_EAST_OCM|11|192300,35,/TO_EAST_OCM,11,192300,163,2000-01-08 13:00:00,2000-01-15 07:00:00,5.085673799993865,5.081354496,4.979792992,5.231354496,0.050377755182861035,0.25156150399999966,5.076001064,Normal,Normal,Normal,26.409495548961427,6.602373887240354,26.41,OCH power behavior is within the normal dataset distribution.
3|/D1/OA-W/EGR_OCM|4|191900,3,/D1/OA-W/EGR_OCM,4,191900,344,2000-01-01 00:00:00,2000-01-15 07:00:00,4.378517441860465,4.38,4.32,4.44,0.028700925684162368,0.1200000000000001,4.39,Normal,Normal,Normal,4.599406528189911,26.26112759643917,26.26,OCH power behavior is within the normal dataset distribution.
22|/TO_EAST_OCM|11|193100,22,/TO_EAST_OCM,11,193100,163,2000-01-08 13:00:00,2000-01-15 07:00:00,4.908521357319018,4.909676277,4.780136468,5.030136468,0.05910223914650205,0.25,4.814454798,Normal,Normal,Normal,26.03857566765579,10.237388724035611,26.04,OCH power behavior is within the normal dataset distribution.
29|/TO_EAST_OCM|11|193500,29,/TO_EAST_OCM,11,193500,163,2000-01-08 13:00:00,2000-01-15 07:00:00,4.672269938650307,4.67,4.54,4.79,0.039036238521372064,0.25,4.65,Normal,Normal,Normal,26.03857566765579,16.468842729970323,26.04,OCH power behavior is within the normal dataset distribution.
33|/TO_WEST_OCM|11|192200,33,/TO_WEST_OCM,11,192200,163,2000-01-08 13:00:00,2000-01-15 07:00:00,4.598282208588957,4.59,4.49,4.74,0.06051828712524341,0.25,4.52,Normal,Normal,Normal,26.03857566765579,18.65727002967359,26.04,OCH power behavior is within the normal dataset distribution.
30|/TO_WEST_OCM|11|192500,30,/TO_WEST_OCM,11,192500,163,2000-01-08 13:00:00,2000-01-15 07:00:00,4.530701116042945,4.534000795,4.394000795,4.639676277,0.05064174564460824,0.24567548200000022,4.434000795,Normal,Normal,Normal,25.519287833827892,22.922848664688424,25.52,OCH power behavior is within the normal dataset distribution.
19|/D1/OA-W/EGR_OCM|11|193300,19,/D1/OA-W/EGR_OCM,11,193300,163,2000-01-08 13:00:00,2000-01-15 07:00:00,4.441963190184049,4.45,4.34,4.5,0.04082269545037384,0.16000000000000014,4.35,Normal,Normal,Normal,12.240356083086052,25.29673590504451,25.3,OCH power behavior is within the normal dataset distribution.
39|/D2/OA-W/EGR_OCM|11|194400,39,/D2/OA-W/EGR_OCM,11,194400,163,2000-01-08 13:00:00,2000-01-15 07:00:00,4.4079754601226995,4.41,4.34,4.47,0.028222211487365492,0.1299999999999999,4.45,Normal,Normal,Normal,6.045994065281899,25.29673590504451,25.3,OCH power behavior is within the normal dataset distribution.
40|/D2/OA-W/EGR_OCM|11|192200,40,/D2/OA-W/EGR_OCM,11,192200,163,2000-01-08 13:00:00,2000-01-15 07:00:00,4.3964417177914115,4.4,4.34,4.47,0.027726196143476815,0.1299999999999999,4.39,Normal,Normal,Normal,6.045994065281899,25.29673590504451,25.3,OCH power behavior is within the normal dataset distribution.
40|/D2/OA-W/EGR_OCM|11|192300,40,/D2/OA-W/EGR_OCM,11,192300,163,2000-01-08 13:00:00,2000-01-15 07:00:00,4.431779141104294,4.43,4.34,4.56,0.04820122744964906,0.21999999999999975,4.45,Normal,Normal,Normal,21.031157270029674,25.29673590504451,25.3,OCH power behavior is within the normal dataset distribution.
49|/TO_WEST_OCM|11|193200,49,/TO_WEST_OCM,11,193200,163,2000-01-08 13:00:00,2000-01-15 07:00:00,4.451408738472392,4.452556099,4.351692872,4.5677201,0.04376588055024579,0.21602722799999974,4.351692872,Normal,Normal,Normal,20.400593471810087,25.0,25.0,OCH power behavior is within the normal dataset distribution.
19|/D1/OA-W/EGR_OCM|11|192300,19,/D1/OA-W/EGR_OCM,11,192300,163,2000-01-08 13:00:00,2000-01-15 07:00:00,4.432453987730061,4.43,4.36,4.54,0.031565961205693625,0.17999999999999972,4.44,Normal,Normal,Normal,15.244807121661722,24.77744807121661,24.78,OCH power behavior is within the normal dataset distribution.
19|/D2/OA-W/EGR_OCM|11|193300,19,/D2/OA-W/EGR_OCM,11,193300,163,2000-01-08 13:00:00,2000-01-15 07:00:00,4.404171779141104,4.41,4.36,4.47,0.015468644147222111,0.10999999999999943,4.38,Normal,Normal,Normal,3.635014836795252,24.77744807121661,24.78,OCH power behavior is within the normal dataset distribution.
24|/TO_EAST_OCM|11|192600,24,/TO_EAST_OCM,11,192600,163,2000-01-08 13:00:00,2000-01-15 07:00:00,5.102699386503067,5.1,4.95,5.19,0.03877859517911636,0.2400000000000002,5.0,Normal,Normal,Normal,24.70326409495549,6.973293768545997,24.7,OCH power behavior is within the normal dataset distribution.
49|/TO_WEST_OCM|11|192400,49,/TO_WEST_OCM,11,192400,163,2000-01-08 13:00:00,2000-01-15 07:00:00,4.467509676687117,4.46288985,4.362556099,4.596822363,0.04919948049643957,0.2342662640000004,4.431232437,Normal,Normal,Normal,23.516320474777448,24.554896142433236,24.55,OCH power behavior is within the normal dataset distribution.
32|/TO_EAST_OCM|11|193200,32,/TO_EAST_OCM,11,193200,163,2000-01-08 13:00:00,2000-01-15 07:00:00,4.468132977134969,4.466822363,4.364454798,4.583626343,0.03567039996821219,0.21917154500000002,4.52806535,Normal,Normal,Normal,20.919881305637983,24.480712166172104,24.48,OCH power behavior is within the normal dataset distribution.
40|/D2/OA-W/EGR_OCM|11|193100,40,/D2/OA-W/EGR_OCM,11,193100,163,2000-01-08 13:00:00,2000-01-15 07:00:00,4.55601226993865,4.55,4.48,4.72,0.03575533936300587,0.23999999999999932,4.49,Normal,Normal,Normal,24.40652818991098,19.13946587537092,24.41,OCH power behavior is within the normal dataset distribution.
44|/TO_EAST_OCM|11|192200,44,/TO_EAST_OCM,11,192200,163,2000-01-08 13:00:00,2000-01-15 07:00:00,4.440314716932515,4.441451148,4.365371912,4.515947527,0.029880128529369374,0.15057561500000016,4.46578636,Normal,Normal,Normal,10.905044510385757,24.40652818991098,24.41,OCH power behavior is within the normal dataset distribution.
32|/TO_EAST_OCM|11|192400,32,/TO_EAST_OCM,11,192400,163,2000-01-08 13:00:00,2000-01-15 07:00:00,5.605688609644171,5.606822363,5.49288985,5.732556099,0.049082740185290505,0.2396662489999999,5.536822363,Normal,Normal,Normal,24.258160237388722,1.4094955489614258,24.26,OCH power behavior is within the normal dataset distribution.
31|/TO_EAST_OCM|11|192300,31,/TO_EAST_OCM,11,192300,163,2000-01-08 13:00:00,2000-01-15 07:00:00,5.6463441207300615,5.64997514,5.509319844,5.748687478,0.04308512454457329,0.23936763399999972,5.56807805,Normal,Normal,Normal,24.183976261127597,1.261127596439171,24.18,OCH power behavior is within the normal dataset distribution.
41|/TO_EAST_OCM|11|193200,41,/TO_EAST_OCM,11,193200,163,2000-01-08 13:00:00,2000-01-15 07:00:00,4.421971833668712,4.421692872,4.36739785,4.46806535,0.023654427780758255,0.10066750000000013,4.393626343,Normal,Normal,Normal,2.967359050445104,24.183976261127594,24.18,OCH power behavior is within the normal dataset distribution.
19|/D2/OA-W/EGR_OCM|11|193100,19,/D2/OA-W/EGR_OCM,11,193100,163,2000-01-08 13:00:00,2000-01-15 07:00:00,4.468895705521472,4.47,4.37,4.6,0.06644412982988782,0.22999999999999954,4.4,Normal,Normal,Normal,22.403560830860535,23.961424332344215,23.96,OCH power behavior is within the normal dataset distribution.
32|/TO_EAST_OCM|11|193000,32,/TO_EAST_OCM,11,193000,163,2000-01-08 13:00:00,2000-01-15 07:00:00,4.686220104092024,4.684000795,4.57165487,4.807449151,0.04701542816359757,0.23579428100000044,4.736928029,Normal,Normal,Normal,23.664688427299705,15.356083086053406,23.66,OCH power behavior is within the normal dataset distribution.
43|/TO_EAST_OCM|11|193200,43,/TO_EAST_OCM,11,193200,163,2000-01-08 13:00:00,2000-01-15 07:00:00,4.443679192907975,4.447098603,4.387098603,4.52739785,0.02462854477067403,0.14029924699999974,4.422245351,Normal,Normal,Normal,8.382789317507418,23.44213649851632,23.44,OCH power behavior is within the normal dataset distribution.
27|/TO_EAST_OCM|11|193200,27,/TO_EAST_OCM,11,193200,163,2000-01-08 13:00:00,2000-01-15 07:00:00,4.464109491300613,4.462556099,4.388433597,4.53165487,0.030704857328225588,0.14322127299999998,4.463626343,Normal,Normal,Normal,9.124629080118694,23.293768545994066,23.29,OCH power behavior is within the normal dataset distribution.
25|/TO_EAST_OCM|11|192000,25,/TO_EAST_OCM,11,192000,163,2000-01-08 13:00:00,2000-01-15 07:00:00,4.858381448803681,4.856258465,4.738486525,4.970846245,0.039590957644050635,0.23235971999999983,4.781414638,Normal,Normal,Normal,23.219584569732937,11.275964391691396,23.22,OCH power behavior is within the normal dataset distribution.
39|/D2/OA-W/EGR_OCM|11|193000,39,/D2/OA-W/EGR_OCM,11,193000,163,2000-01-08 13:00:00,2000-01-15 07:00:00,4.469386503067485,4.47,4.39,4.52,0.02410607350174017,0.1299999999999999,4.43,Normal,Normal,Normal,6.045994065281899,23.071216617210677,23.07,OCH power behavior is within the normal dataset distribution.
40|/D2/OA-W/EGR_OCM|11|193200,40,/D2/OA-W/EGR_OCM,11,193200,163,2000-01-08 13:00:00,2000-01-15 07:00:00,4.446319018404908,4.45,4.39,4.5,0.025699042957026026,0.11000000000000032,4.43,Normal,Normal,Normal,3.7091988130563793,23.071216617210677,23.07,OCH power behavior is within the normal dataset distribution.
40|/D2/OA-W/EGR_OCM|11|196100,40,/D2/OA-W/EGR_OCM,11,196100,163,2000-01-08 13:00:00,2000-01-15 07:00:00,4.461165644171779,4.46,4.39,4.54,0.025709503407836277,0.15000000000000036,4.43,Normal,Normal,Normal,10.682492581602373,23.071216617210677,23.07,OCH power behavior is within the normal dataset distribution.
24|/TO_EAST_OCM|11|193300,24,/TO_EAST_OCM,11,193300,163,2000-01-08 13:00:00,2000-01-15 07:00:00,4.901042944785276,4.89,4.8,5.03,0.04904789164913469,0.23000000000000043,4.83,Normal,Normal,Normal,22.885756676557865,9.792284866468847,22.89,OCH power behavior is within the normal dataset distribution.
29|/TO_EAST_OCM|11|192000,29,/TO_EAST_OCM,11,192000,163,2000-01-08 13:00:00,2000-01-15 07:00:00,5.421042944785276,5.42,5.3,5.53,0.04490887202253527,0.23000000000000043,5.3,Normal,Normal,Normal,22.885756676557865,2.7448071216617187,22.89,OCH power behavior is within the normal dataset distribution.
29|/TO_EAST_OCM|11|192400,29,/TO_EAST_OCM,11,192400,163,2000-01-08 13:00:00,2000-01-15 07:00:00,5.080981595092025,5.07,4.97,5.2,0.052578157272116004,0.23000000000000043,4.98,Normal,Normal,Normal,22.885756676557865,6.750741839762608,22.89,OCH power behavior is within the normal dataset distribution.
36|/TO_WEST_OCM|11|193200,36,/TO_WEST_OCM,11,193200,163,2000-01-08 13:00:00,2000-01-15 07:00:00,4.474461900116564,4.478058645,4.39509799,4.53057718,0.027098300047170957,0.13547918999999986,4.448058645,Normal,Normal,Normal,7.344213649851632,22.774480712166167,22.77,OCH power behavior is within the normal dataset distribution.
37|/TO_WEST_OCM|11|192500,37,/TO_WEST_OCM,11,192500,163,2000-01-08 13:00:00,2000-01-15 07:00:00,4.512668055294478,4.52112577,4.399676277,4.579676277,0.04045025592900065,0.17999999999999972,4.509676277,Normal,Normal,Normal,15.244807121661722,22.700296735905045,22.7,OCH power behavior is within the normal dataset distribution.
18|/D1/OA-W/EGR_OCM|4|191500,18,/D1/OA-W/EGR_OCM,4,191500,344,2000-01-01 00:00:00,2000-01-15 07:00:00,4.596598837209302,4.6,4.48,4.71,0.04742711577354628,0.22999999999999954,4.6,Normal,Normal,Normal,22.403560830860535,19.13946587537092,22.4,OCH power behavior is within the normal dataset distribution.
24|/TO_EAST_OCM|11|193000,24,/TO_EAST_OCM,11,193000,163,2000-01-08 13:00:00,2000-01-15 07:00:00,4.9860736196319015,4.99,4.86,5.09,0.04965853255318608,0.22999999999999954,4.98,Normal,Normal,Normal,22.403560830860535,8.419881305637977,22.4,OCH power behavior is within the normal dataset distribution.
29|/TO_EAST_OCM|11|193300,29,/TO_EAST_OCM,11,193300,163,2000-01-08 13:00:00,2000-01-15 07:00:00,4.586687116564417,4.58,4.49,4.72,0.04654819903060188,0.22999999999999954,4.63,Normal,Normal,Normal,22.403560830860535,18.65727002967359,22.4,OCH power behavior is within the normal dataset distribution.
29|/TO_EAST_OCM|11|193800,29,/TO_EAST_OCM,11,193800,163,2000-01-08 13:00:00,2000-01-15 07:00:00,4.6112269938650305,4.61,4.48,4.71,0.04889864809329401,0.22999999999999954,4.71,Normal,Normal,Normal,22.403560830860535,19.13946587537092,22.4,OCH power behavior is within the normal dataset distribution.
19|/D1/OA-W/EGR_OCM|11|192600,19,/D1/OA-W/EGR_OCM,11,192600,163,2000-01-08 13:00:00,2000-01-15 07:00:00,4.512392638036809,4.52,4.41,4.56,0.03513350825432985,0.14999999999999947,4.53,Normal,Normal,Normal,10.3486646884273,22.292284866468847,22.29,OCH power behavior is within the normal dataset distribution.
19|/D1/OA-W/EGR_OCM|11|193200,19,/D1/OA-W/EGR_OCM,11,193200,163,2000-01-08 13:00:00,2000-01-15 07:00:00,4.4674846625766875,4.45,4.41,4.57,0.04270691906648007,0.16000000000000014,4.54,Normal,Normal,Normal,12.240356083086052,22.292284866468847,22.29,OCH power behavior is within the normal dataset distribution.
39|/D2/OA-W/EGR_OCM|11|191500,39,/D2/OA-W/EGR_OCM,11,191500,163,2000-01-08 13:00:00,2000-01-15 07:00:00,4.467055214723926,4.47,4.41,4.54,0.02314560767699931,0.1299999999999999,4.47,Normal,Normal,Normal,6.045994065281899,22.292284866468847,22.29,OCH power behavior is within the normal dataset distribution.
3|/D1/OA-W/EGR_OCM|4|191500,3,/D1/OA-W/EGR_OCM,4,191500,344,2000-01-01 00:00:00,2000-01-15 07:00:00,4.517761627906976,4.52,4.41,4.61,0.031044802266716166,0.20000000000000018,4.51,Normal,Normal,Normal,17.69287833827893,22.292284866468847,22.29,OCH power behavior is within the normal dataset distribution.
39|/D2/OA-W/EGR_OCM|11|192500,39,/D2/OA-W/EGR_OCM,11,192500,163,2000-01-08 13:00:00,2000-01-15 07:00:00,4.474417177914111,4.47,4.42,4.59,0.028351805732315917,0.16999999999999993,4.46,Normal,Normal,Normal,13.612759643916913,22.06973293768546,22.07,OCH power behavior is within the normal dataset distribution.
26|/TO_EAST_OCM|11|194400,26,/TO_EAST_OCM,11,194400,163,2000-01-08 13:00:00,2000-01-15 07:00:00,4.6535463897546006,4.65400993,4.560067891,4.787971399,0.03864667145900638,0.2279035079999998,4.581952263,Normal,Normal,Normal,21.958456973293767,15.652818991097927,21.96,OCH power behavior is within the normal dataset distribution.
30|/TO_EAST_OCM|11|192400,30,/TO_EAST_OCM,11,192400,163,2000-01-08 13:00:00,2000-01-15 07:00:00,5.366799926650307,5.3677201,5.261692872,5.48806535,0.03924165572621506,0.22637247800000004,5.321692872,Normal,Normal,Normal,21.735905044510385,3.115727002967361,21.74,OCH power behavior is within the normal dataset distribution.
19|/D1/OA-W/EGR_OCM|11|192400,19,/D1/OA-W/EGR_OCM,11,192400,163,2000-01-08 13:00:00,2000-01-15 07:00:00,4.467300613496932,4.47,4.43,4.51,0.015438502041982908,0.08000000000000007,4.44,Normal,Normal,Normal,0.7789317507418397,21.69881305637982,21.7,OCH power behavior is within the normal dataset distribution.
19|/D1/OA-W/EGR_OCM|11|193000,19,/D1/OA-W/EGR_OCM,11,193000,163,2000-01-08 13:00:00,2000-01-15 07:00:00,4.527852760736196,4.53,4.43,4.57,0.02044994887519192,0.14000000000000057,4.43,Normal,Normal,Normal,8.271513353115727,21.69881305637982,21.7,OCH power behavior is within the normal dataset distribution.
45|/TO_EAST_OCM|11|192500,45,/TO_EAST_OCM,11,192500,163,2000-01-08 13:00:00,2000-01-15 07:00:00,4.7297418853865025,4.742556099,4.581692872,4.8077201,0.05420209043018232,0.2260272280000004,4.741451148,Normal,Normal,Normal,21.66172106824926,15.207715133531153,21.66,OCH power behavior is within the normal dataset distribution.
30|/TO_EAST_OCM|11|192200,30,/TO_EAST_OCM,11,192200,163,2000-01-08 13:00:00,2000-01-15 07:00:00,5.552188287104294,5.550403572,5.455325861,5.680346008,0.042481023319508655,0.2250201469999995,5.495371912,Normal,Normal,Normal,21.58753709198813,1.7804154302670572,21.59,OCH power behavior is within the normal dataset distribution.
22|/TO_EAST_OCM|11|193200,22,/TO_EAST_OCM,11,193200,163,2000-01-08 13:00:00,2000-01-15 07:00:00,4.9184569887914105,4.920619634,4.800136468,5.0249035,0.05537004678709875,0.22476703199999992,4.843246599,Normal,Normal,Normal,21.513353115727003,9.718100890207715,21.51,OCH power behavior is within the normal dataset distribution.
30|/TO_EAST_OCM|11|193200,30,/TO_EAST_OCM,11,193200,163,2000-01-08 13:00:00,2000-01-15 07:00:00,4.540230539159509,4.54537518,4.43638745,4.632556099,0.03713709456321975,0.19616864900000053,4.532206928,Normal,Normal,Normal,16.468842729970326,21.439169139465875,21.44,OCH power behavior is within the normal dataset distribution.
18|/D1/OA-W/EGR_OCM|4|191400,18,/D1/OA-W/EGR_OCM,4,191400,344,2000-01-01 00:00:00,2000-01-15 07:00:00,4.5232848837209305,4.52,4.44,4.6,0.04004327401893448,0.15999999999999925,4.56,Normal,Normal,Normal,11.869436201780417,21.17952522255193,21.18,OCH power behavior is within the normal dataset distribution.
19|/D1/OA-W/EGR_OCM|11|193100,19,/D1/OA-W/EGR_OCM,11,193100,163,2000-01-08 13:00:00,2000-01-15 07:00:00,4.476257668711656,4.47,4.44,4.59,0.020369606066923843,0.14999999999999947,4.56,Normal,Normal,Normal,10.3486646884273,21.17952522255193,21.18,OCH power behavior is within the normal dataset distribution.
19|/D2/OA-W/EGR_OCM|11|192000,19,/D2/OA-W/EGR_OCM,11,192000,163,2000-01-08 13:00:00,2000-01-15 07:00:00,4.488650306748466,4.49,4.44,4.53,0.016273713463905964,0.08999999999999986,4.5,Normal,Normal,Normal,1.7804154302670623,21.17952522255193,21.18,OCH power behavior is within the normal dataset distribution.
40|/D2/OA-W/EGR_OCM|11|193800,40,/D2/OA-W/EGR_OCM,11,193800,163,2000-01-08 13:00:00,2000-01-15 07:00:00,4.486871165644172,4.48,4.44,4.54,0.01900362124011694,0.09999999999999964,4.5,Normal,Normal,Normal,2.6706231454005933,21.17952522255193,21.18,OCH power behavior is within the normal dataset distribution.
30|/TO_EAST_OCM|11|192500,30,/TO_EAST_OCM,11,192500,163,2000-01-08 13:00:00,2000-01-15 07:00:00,5.087630258527607,5.087098603,4.987098603,5.207098603,0.044620254183849795,0.22000000000000064,5.007098603,Normal,Normal,Normal,21.142433234421365,6.3798219584569775,21.14,OCH power behavior is within the normal dataset distribution.
40|/D2/OA-W/EGR_OCM|11|191400,40,/D2/OA-W/EGR_OCM,11,191400,163,2000-01-08 13:00:00,2000-01-15 07:00:00,5.688527607361963,5.68,5.57,5.79,0.04685455732125546,0.21999999999999975,5.66,Normal,Normal,Normal,21.031157270029674,0.667655786350152,21.03,OCH power behavior is within the normal dataset distribution.
23|/TO_EAST_OCM|11|193800,23,/TO_EAST_OCM,11,193800,163,2000-01-08 13:00:00,2000-01-15 07:00:00,4.48582610818405,4.484858381,4.441142296,4.553020608,0.022820638605439522,0.11187831199999998,4.461142296,Normal,Normal,Normal,3.857566765578635,20.99406528189911,20.99,OCH power behavior is within the normal dataset distribution.
43|/TO_EAST_OCM|11|193100,43,/TO_EAST_OCM,11,193100,163,2000-01-08 13:00:00,2000-01-15 07:00:00,4.49485256806135,4.495311385,4.442206928,4.569319844,0.02423132710853773,0.12711291599999974,4.509319844,Normal,Normal,Normal,5.563798219584569,20.91988130563798,20.92,OCH power behavior is within the normal dataset distribution.
41|/TO_EAST_OCM|11|191400,41,/TO_EAST_OCM,11,191400,163,2000-01-08 13:00:00,2000-01-15 07:00:00,4.792255135822086,4.786125474,4.6942917,4.911723861,0.047986754742704106,0.21743216099999962,4.736125474,Normal,Normal,Normal,20.6973293768546,12.685459940652821,20.7,OCH power behavior is within the normal dataset distribution.
41|/TO_EAST_OCM|11|193100,41,/TO_EAST_OCM,11,193100,163,2000-01-08 13:00:00,2000-01-15 07:00:00,4.493245884177914,4.490619634,4.445869831,4.56165487,0.024486388404223923,0.11578503899999948,4.50638745,Normal,Normal,Normal,4.2284866468842734,20.6973293768546,20.7,OCH power behavior is within the normal dataset distribution.
19|/D1/OA-W/EGR_OCM|11|192200,19,/D1/OA-W/EGR_OCM,11,192200,163,2000-01-08 13:00:00,2000-01-15 07:00:00,4.554110429447852,4.56,4.45,4.61,0.031244358727353736,0.16000000000000014,4.56,Normal,Normal,Normal,12.240356083086052,20.511869436201778,20.51,OCH power behavior is within the normal dataset distribution.
31|/TO_EAST_OCM|11|192400,31,/TO_EAST_OCM,11,192400,163,2000-01-08 13:00:00,2000-01-15 07:00:00,5.643837272907976,5.642556099,5.536338915,5.752556099,0.04570798942888459,0.21621718400000045,5.5877201,Normal,Normal,Normal,20.474777448071215,0.7418397626112738,20.47,OCH power behavior is within the normal dataset distribution.
21|/TO_EAST_OCM|11|193500,21,/TO_EAST_OCM,11,193500,163,2000-01-08 13:00:00,2000-01-15 07:00:00,4.53228307791411,4.533769749,4.453735559,4.604858381,0.027108586595119513,0.1511228219999996,4.516476925,Normal,Normal,Normal,11.201780415430267,20.32640949554896,20.33,OCH power behavior is within the normal dataset distribution.
30|/TO_EAST_OCM|11|193100,30,/TO_EAST_OCM,11,193100,163,2000-01-08 13:00:00,2000-01-15 07:00:00,4.728787074337423,4.724454798,4.63065336,4.846001064,0.03932265611832222,0.21534770400000003,4.677491565,Normal,Normal,Normal,20.252225519287833,13.798219584569738,20.25,OCH power behavior is within the normal dataset distribution.
32|/TO_EAST_OCM|11|192200,32,/TO_EAST_OCM,11,192200,163,2000-01-08 13:00:00,2000-01-15 07:00:00,5.902695004085889,5.900346008,5.805325861,6.020484161,0.045786614650599015,0.2151582999999997,5.895648213,Normal,Normal,Normal,20.178041543026705,0.07418397626113293,20.18,OCH power behavior is within the normal dataset distribution.
40|/D2/OA-W/EGR_OCM|11|192000,40,/D2/OA-W/EGR_OCM,11,192000,163,2000-01-08 13:00:00,2000-01-15 07:00:00,4.534907975460122,4.54,4.46,4.61,0.030979246301862724,0.15000000000000036,4.48,Normal,Normal,Normal,10.682492581602373,20.14094955489614,20.14,OCH power behavior is within the normal dataset distribution.
40|/D2/OA-W/EGR_OCM|11|194400,40,/D2/OA-W/EGR_OCM,11,194400,163,2000-01-08 13:00:00,2000-01-15 07:00:00,4.500306748466257,4.5,4.46,4.56,0.019354500318327413,0.09999999999999964,4.52,Normal,Normal,Normal,2.6706231454005933,20.14094955489614,20.14,OCH power behavior is within the normal dataset distribution.
31|/TO_EAST_OCM|11|192200,31,/TO_EAST_OCM,11,192200,163,2000-01-08 13:00:00,2000-01-15 07:00:00,5.895443210368098,5.890484161,5.795325861,6.010346008,0.0411706996210666,0.21502014699999972,5.856338915,Normal,Normal,Normal,20.10385756676558,0.14836795252225476,20.1,OCH power behavior is within the normal dataset distribution.
31|/TO_EAST_OCM|11|193200,31,/TO_EAST_OCM,11,193200,163,2000-01-08 13:00:00,2000-01-15 07:00:00,4.692381307809816,4.69112577,4.59537518,4.808824836,0.0359970643059273,0.21344965600000076,4.69806535,Normal,Normal,Normal,20.02967359050445,14.688427299703266,20.03,OCH power behavior is within the normal dataset distribution.
44|/TO_EAST_OCM|11|192400,44,/TO_EAST_OCM,11,192400,163,2000-01-08 13:00:00,2000-01-15 07:00:00,4.545100394141104,4.54578636,4.460299957,4.620484161,0.031241811812292408,0.1601842040000001,4.585325861,Normal,Normal,Normal,12.462908011869436,20.029673590504448,20.03,OCH power behavior is within the normal dataset distribution.
31|/TO_WEST_OCM|11|192500,31,/TO_WEST_OCM,11,192500,163,2000-01-08 13:00:00,2000-01-15 07:00:00,4.729853817251533,4.732206928,4.605869831,4.819239064,0.04414034176061178,0.21336923299999988,4.638824836,Normal,Normal,Normal,19.955489614243323,14.317507418397623,19.96,OCH power behavior is within the normal dataset distribution.
32|/TO_WEST_OCM|11|192500,32,/TO_WEST_OCM,11,192500,163,2000-01-08 13:00:00,2000-01-15 07:00:00,4.703460782349693,4.70165487,4.59165487,4.802781939,0.04472808242603211,0.21112706899999978,4.59165487,Normal,Normal,Normal,19.80712166172107,14.762611275964389,19.81,OCH power behavior is within the normal dataset distribution.
19|/D2/OA-W/EGR_OCM|11|192200,19,/D2/OA-W/EGR_OCM,11,192200,163,2000-01-08 13:00:00,2000-01-15 07:00:00,4.570736196319018,4.59,4.47,4.64,0.046222199281626186,0.16999999999999993,4.59,Normal,Normal,Normal,13.612759643916913,19.69584569732937,19.7,OCH power behavior is within the normal dataset distribution.
19|/D2/OA-W/EGR_OCM|11|193500,19,/D2/OA-W/EGR_OCM,11,193500,163,2000-01-08 13:00:00,2000-01-15 07:00:00,4.502147239263804,4.5,4.47,4.53,0.014217982496890923,0.0600000000000005,4.5,Normal,Normal,Normal,0.22255192878338279,19.69584569732937,19.7,OCH power behavior is within the normal dataset distribution.
29|/TO_EAST_OCM|11|194400,29,/TO_EAST_OCM,11,194400,163,2000-01-08 13:00:00,2000-01-15 07:00:00,4.562392638036809,4.56,4.47,4.68,0.04431696099561309,0.20999999999999996,4.56,Normal,Normal,Normal,19.510385756676556,19.69584569732937,19.7,OCH power behavior is within the normal dataset distribution.
19|/D1/OA-W/EGR_OCM|11|191400,19,/D1/OA-W/EGR_OCM,11,191400,163,2000-01-08 13:00:00,2000-01-15 07:00:00,4.64840490797546,4.65,4.55,4.76,0.042989036505994074,0.20999999999999996,4.64,Normal,Normal,Normal,19.510385756676556,15.949554896142438,19.51,OCH power behavior is within the normal dataset distribution.
19|/D2/OA-W/EGR_OCM|11|192400,19,/D2/OA-W/EGR_OCM,11,192400,163,2000-01-08 13:00:00,2000-01-15 07:00:00,4.646196319018405,4.66,4.5,4.71,0.03876501841910288,0.20999999999999996,4.63,Normal,Normal,Normal,19.510385756676556,18.212166172106826,19.51,OCH power behavior is within the normal dataset distribution.
24|/TO_EAST_OCM|11|192300,24,/TO_EAST_OCM,11,192300,163,2000-01-08 13:00:00,2000-01-15 07:00:00,5.222269938650307,5.21,5.12,5.33,0.041711836456975786,0.20999999999999996,5.2,Normal,Normal,Normal,19.510385756676556,4.747774480712163,19.51,OCH power behavior is within the normal dataset distribution.
37|/TO_WEST_OCM|11|193200,37,/TO_WEST_OCM,11,193200,163,2000-01-08 13:00:00,2000-01-15 07:00:00,4.558014990785276,4.564156725,4.471552666,4.604615892,0.027234760150794398,0.13306322599999998,4.535682521,Normal,Normal,Normal,6.824925816023739,19.36201780415431,19.36,OCH power behavior is within the normal dataset distribution.
31|/TO_EAST_OCM|11|193000,31,/TO_EAST_OCM,11,193000,163,2000-01-08 13:00:00,2000-01-15 07:00:00,4.89732759415951,4.897491565,4.79638745,5.006001064,0.04731111180597743,0.20961361400000023,4.947491565,Normal,Normal,Normal,19.287833827893174,9.866468842729969,19.29,OCH power behavior is within the normal dataset distribution.
30|/TO_EAST_OCM|11|193000,30,/TO_EAST_OCM,11,193000,163,2000-01-08 13:00:00,2000-01-15 07:00:00,4.755851659846626,4.755869831,4.657491565,4.866928029,0.04174892966595768,0.20943646400000038,4.725869831,Normal,Normal,Normal,19.21364985163205,13.204747774480708,19.21,OCH power behavior is within the normal dataset distribution.
19|/D2/OA-W/EGR_OCM|11|193800,19,/D2/OA-W/EGR_OCM,11,193800,163,2000-01-08 13:00:00,2000-01-15 07:00:00,4.52521472392638,4.52,4.48,4.57,0.017368106974925347,0.08999999999999986,4.57,Normal,Normal,Normal,1.7804154302670623,19.13946587537092,19.14,OCH power behavior is within the normal dataset distribution.
32|/TO_EAST_OCM|11|193100,32,/TO_EAST_OCM,11,193100,163,2000-01-08 13:00:00,2000-01-15 07:00:00,4.6778408891717795,4.677491565,4.570619634,4.77638745,0.03909992914796595,0.20576781599999983,4.666928029,Normal,Normal,Normal,18.84272997032641,15.43026706231454,18.84,OCH power behavior is within the normal dataset distribution.
26|/TO_EAST_OCM|11|192200,26,/TO_EAST_OCM,11,192200,163,2000-01-08 13:00:00,2000-01-15 07:00:00,5.324401630141105,5.325648213,5.215947527,5.421232437,0.033739504949930166,0.2052849099999996,5.301036742,Normal,Normal,Normal,18.694362017804153,3.4866468842729925,18.69,OCH power behavior is within the normal dataset distribution.
19|/D2/OA-W/EGR_OCM|11|193000,19,/D2/OA-W/EGR_OCM,11,193000,163,2000-01-08 13:00:00,2000-01-15 07:00:00,4.558343558282209,4.54,4.49,4.64,0.04379051991212333,0.14999999999999947,4.59,Normal,Normal,Normal,10.3486646884273,18.65727002967359,18.66,OCH power behavior is within the normal dataset distribution.
19|/D2/OA-W/EGR_OCM|11|193200,19,/D2/OA-W/EGR_OCM,11,193200,163,2000-01-08 13:00:00,2000-01-15 07:00:00,4.586196319018405,4.6,4.49,4.64,0.03966228716808673,0.14999999999999947,4.61,Normal,Normal,Normal,10.3486646884273,18.65727002967359,18.66,OCH power behavior is within the normal dataset distribution.
28|/TO_EAST_OCM|11|193000,28,/TO_EAST_OCM,11,193000,163,2000-01-08 13:00:00,2000-01-15 07:00:00,5.120456725478528,5.12207854,5.003379897,5.208207545,0.036540433164776634,0.2048276479999993,5.143379897,Normal,Normal,Normal,18.620178041543024,6.083086053412467,18.62,OCH power behavior is within the normal dataset distribution.
42|/TO_EAST_OCM|11|193200,42,/TO_EAST_OCM,11,193200,163,2000-01-08 13:00:00,2000-01-15 07:00:00,4.570871563,4.571451148,4.496338915,4.631692872,0.026523057340529704,0.1353539570000004,4.591957607,Normal,Normal,Normal,7.270029673590504,18.471810089020767,18.47,OCH power behavior is within the normal dataset distribution.
30|/TO_EAST_OCM|11|192300,30,/TO_EAST_OCM,11,192300,163,2000-01-08 13:00:00,2000-01-15 07:00:00,5.331394212957055,5.334000795,5.237491565,5.438824836,0.042625360353108495,0.2013332710000002,5.276928029,Normal,Normal,Normal,18.24925816023739,3.189910979228483,18.25,OCH power behavior is within the normal dataset distribution.
19|/D2/OA-W/EGR_OCM|11|192300,19,/D2/OA-W/EGR_OCM,11,192300,163,2000-01-08 13:00:00,2000-01-15 07:00:00,4.571656441717791,4.56,4.5,4.7,0.04553202378249409,0.20000000000000018,4.5,Normal,Normal,Normal,17.69287833827893,18.212166172106826,18.21,OCH power behavior is within the normal dataset distribution.
39|/D2/OA-W/EGR_OCM|11|192200,39,/D2/OA-W/EGR_OCM,11,192200,163,2000-01-08 13:00:00,2000-01-15 07:00:00,4.543926380368098,4.54,4.5,4.6,0.025323477196293232,0.09999999999999964,4.5,Normal,Normal,Normal,2.6706231454005933,18.212166172106826,18.21,OCH power behavior is within the normal dataset distribution.
19|/D1/OA-W/EGR_OCM|11|192500,19,/D1/OA-W/EGR_OCM,11,192500,163,2000-01-08 13:00:00,2000-01-15 07:00:00,4.558343558282209,4.55,4.51,4.66,0.03257022429639179,0.15000000000000036,4.55,Normal,Normal,Normal,10.682492581602373,17.767062314540063,17.77,OCH power behavior is within the normal dataset distribution.
19|/D1/OA-W/EGR_OCM|11|194400,19,/D1/OA-W/EGR_OCM,11,194400,163,2000-01-08 13:00:00,2000-01-15 07:00:00,4.54,4.54,4.51,4.58,0.014907119849998603,0.07000000000000028,4.54,Normal,Normal,Normal,0.33382789317507416,17.767062314540063,17.77,OCH power behavior is within the normal dataset distribution.
19|/D2/OA-W/EGR_OCM|11|192600,19,/D2/OA-W/EGR_OCM,11,192600,163,2000-01-08 13:00:00,2000-01-15 07:00:00,4.557116564417178,4.56,4.51,4.59,0.01620562036250986,0.08000000000000007,4.57,Normal,Normal,Normal,0.7789317507418397,17.767062314540063,17.77,OCH power behavior is within the normal dataset distribution.
40|/D2/OA-W/EGR_OCM|11|193300,40,/D2/OA-W/EGR_OCM,11,193300,163,2000-01-08 13:00:00,2000-01-15 07:00:00,4.577361963190184,4.58,4.51,4.64,0.029727740315574843,0.1299999999999999,4.54,Normal,Normal,Normal,6.045994065281899,17.767062314540063,17.77,OCH power behavior is within the normal dataset distribution.
24|/TO_EAST_OCM|11|192000,24,/TO_EAST_OCM,11,192000,163,2000-01-08 13:00:00,2000-01-15 07:00:00,5.617423312883435,5.62,5.52,5.72,0.038755150307756385,0.20000000000000018,5.59,Normal,Normal,Normal,17.69287833827893,0.9643916913946615,17.69,OCH power behavior is within the normal dataset distribution.
27|/TO_EAST_OCM|11|192500,27,/TO_EAST_OCM,11,192500,163,2000-01-08 13:00:00,2000-01-15 07:00:00,4.711701362312883,4.710619634,4.625869831,4.825869831,0.03675522177811014,0.20000000000000018,4.654000795,Normal,Normal,Normal,17.69287833827893,13.946587537091993,17.69,OCH power behavior is within the normal dataset distribution.
29|/TO_EAST_OCM|11|192500,29,/TO_EAST_OCM,11,192500,163,2000-01-08 13:00:00,2000-01-15 07:00:00,4.869570552147239,4.87,4.75,4.95,0.038799097820291825,0.20000000000000018,4.89,Normal,Normal,Normal,17.69287833827893,10.719584569732943,17.69,OCH power behavior is within the normal dataset distribution.
29|/TO_EAST_OCM|11|192600,29,/TO_EAST_OCM,11,192600,163,2000-01-08 13:00:00,2000-01-15 07:00:00,4.8846012269938655,4.88,4.79,4.99,0.039678420275034064,0.20000000000000018,4.83,Normal,Normal,Normal,17.69287833827893,10.126112759643913,17.69,OCH power behavior is within the normal dataset distribution.
34|/TO_WEST_OCM|11|192500,34,/TO_WEST_OCM,11,192500,163,2000-01-08 13:00:00,2000-01-15 07:00:00,4.617393857705522,4.62112577,4.510619634,4.690136468,0.03381495420645896,0.17951683400000018,4.60165487,Normal,Normal,Normal,15.059347181008903,17.507418397626118,17.51,OCH power behavior is within the normal dataset distribution.
19|/D1/OA-W/EGR_OCM|11|193500,19,/D1/OA-W/EGR_OCM,11,193500,163,2000-01-08 13:00:00,2000-01-15 07:00:00,4.541840490797545,4.54,4.52,4.57,0.012081986581586188,0.05000000000000071,4.52,Normal,Normal,Normal,0.0741839762611276,17.17359050445104,17.17,OCH power behavior is within the normal dataset distribution.
44|/TO_EAST_OCM|11|192500,44,/TO_EAST_OCM,11,192500,163,2000-01-08 13:00:00,2000-01-15 07:00:00,4.600436868055215,4.601036742,4.526338915,4.667098603,0.028780669454880257,0.14075968800000016,4.591692872,Normal,Normal,Normal,8.753709198813056,16.988130563798222,16.99,OCH power behavior is within the normal dataset distribution.
27|/TO_EAST_OCM|11|192300,27,/TO_EAST_OCM,11,192300,163,2000-01-08 13:00:00,2000-01-15 07:00:00,4.961291114478527,4.963626343,4.8577201,5.056928029,0.03764208449785305,0.19920792899999995,4.880136468,Normal,Normal,Normal,16.913946587537094,8.531157270029677,16.91,OCH power behavior is within the normal dataset distribution.
52|/TO_WEST_OCM|11|192300,52,/TO_WEST_OCM,11,192300,163,2000-01-08 13:00:00,2000-01-15 07:00:00,4.5835174999938655,4.584000795,4.539319844,4.634644626,0.02007211599416929,0.09532478199999961,4.586001064,Normal,Normal,Normal,2.3738872403560833,16.691394658753712,16.69,OCH power behavior is within the normal dataset distribution.
28|/TO_EAST_OCM|11|192400,28,/TO_EAST_OCM,11,192400,163,2000-01-08 13:00:00,2000-01-15 07:00:00,5.785075068558283,5.788824836,5.672245351,5.870136468,0.03259219092636617,0.19789111700000017,5.754029077,Normal,Normal,Normal,16.61721068249258,0.29673590504450953,16.62,OCH power behavior is within the normal dataset distribution.
19|/D1/OA-W/EGR_OCM|11|192000,19,/D1/OA-W/EGR_OCM,11,192000,163,2000-01-08 13:00:00,2000-01-15 07:00:00,4.5862576687116565,4.59,4.54,4.62,0.014145884083607379,0.08000000000000007,4.59,Normal,Normal,Normal,0.7789317507418397,16.468842729970323,16.47,OCH power behavior is within the normal dataset distribution.
19|/D1/OA-W/EGR_OCM|11|193800,19,/D1/OA-W/EGR_OCM,11,193800,163,2000-01-08 13:00:00,2000-01-15 07:00:00,4.5788957055214725,4.58,4.54,4.6,0.010482562532419101,0.05999999999999961,4.59,Normal,Normal,Normal,0.1483679525222552,16.468842729970323,16.47,OCH power behavior is within the normal dataset distribution.
19|/D2/OA-W/EGR_OCM|11|192500,19,/D2/OA-W/EGR_OCM,11,192500,163,2000-01-08 13:00:00,2000-01-15 07:00:00,4.5891411042944785,4.58,4.54,4.69,0.03414563531578643,0.15000000000000036,4.56,Normal,Normal,Normal,10.682492581602373,16.468842729970323,16.47,OCH power behavior is within the normal dataset distribution.
32|/TO_EAST_OCM|11|192500,32,/TO_EAST_OCM,11,192500,163,2000-01-08 13:00:00,2000-01-15 07:00:00,5.300591287220859,5.29806535,5.2077201,5.402556099,0.0465544849695312,0.19483599899999948,5.253626343,Normal,Normal,Normal,16.394658753709198,3.5608308605341255,16.39,OCH power behavior is within the normal dataset distribution.
28|/TO_EAST_OCM|11|192500,28,/TO_EAST_OCM,11,192500,163,2000-01-08 13:00:00,2000-01-15 07:00:00,5.218681392901841,5.218824836,5.1077201,5.301451148,0.035065465113799286,0.19373104800000007,5.176569133,Normal,Normal,Normal,16.320474777448073,4.896142433234418,16.32,OCH power behavior is within the normal dataset distribution.
27|/TO_EAST_OCM|11|193100,27,/TO_EAST_OCM,11,193100,163,2000-01-08 13:00:00,2000-01-15 07:00:00,4.622919130595092,4.625203652,4.542206928,4.716001064,0.03393529390463234,0.1737941360000006,4.60065336,Normal,Normal,Normal,14.169139465875372,16.246290801186948,16.25,OCH power behavior is within the normal dataset distribution.
22|/TO_EAST_OCM|11|193000,22,/TO_EAST_OCM,11,193000,163,2000-01-08 13:00:00,2000-01-15 07:00:00,4.989846531435583,4.97997514,4.904644626,5.094644626,0.05298150913100518,0.1900000000000004,4.926001064,Normal,Normal,Normal,16.209198813056382,7.566765578635016,16.21,OCH power behavior is within the normal dataset distribution.
24|/TO_EAST_OCM|11|193800,24,/TO_EAST_OCM,11,193800,163,2000-01-08 13:00:00,2000-01-15 07:00:00,4.7959509202453985,4.8,4.7,4.89,0.037012477655979176,0.1899999999999995,4.78,Normal,Normal,Normal,16.060830860534125,12.277448071216613,16.06,OCH power behavior is within the normal dataset distribution.
21|/TO_EAST_OCM|11|193800,21,/TO_EAST_OCM,11,193800,163,2000-01-08 13:00:00,2000-01-15 07:00:00,4.627987131171779,4.62919134,4.547971399,4.680988238,0.025337077394236063,0.1330168390000006,4.624494738,Normal,Normal,Normal,6.750741839762611,16.02373887240356,16.02,OCH power behavior is within the normal dataset distribution.
42|/TO_EAST_OCM|11|193100,42,/TO_EAST_OCM,11,193100,163,2000-01-08 13:00:00,2000-01-15 07:00:00,4.60278476503681,4.60112577,4.554454798,4.69165487,0.02420400097815568,0.13720007199999973,4.61165487,Normal,Normal,Normal,7.71513353115727,15.875370919881304,15.88,OCH power behavior is within the normal dataset distribution.
43|/TO_EAST_OCM|11|192300,43,/TO_EAST_OCM,11,192300,163,2000-01-08 13:00:00,2000-01-15 07:00:00,4.636351565061349,4.636131713,4.56739785,4.70288985,0.02963676354201663,0.13549200000000017,4.604454798,Normal,Normal,Normal,7.418397626112759,15.578635014836795,15.58,OCH power behavior is within the normal dataset distribution.
19|/D2/OA-W/EGR_OCM|11|194400,19,/D2/OA-W/EGR_OCM,11,194400,163,2000-01-08 13:00:00,2000-01-15 07:00:00,4.62558282208589,4.63,4.58,4.67,0.015873658571076494,0.08999999999999986,4.65,Normal,Normal,Normal,1.7804154302670623,15.281899109792285,15.28,OCH power behavior is within the normal dataset distribution.
40|/D1/OA-W/IGR_OCM|2|191400,40,/D1/OA-W/IGR_OCM,2,191400,163,2000-01-08 13:00:00,2000-01-15 07:00:00,5.339570552147239,5.33,5.28,5.46,0.043081170778185324,0.17999999999999972,5.33,Normal,Normal,Normal,15.244807121661722,2.9673590504451064,15.24,OCH power behavior is within the normal dataset distribution.
19|/D2/OA-W/EGR_OCM|11|196100,19,/D2/OA-W/EGR_OCM,11,196100,163,2000-01-08 13:00:00,2000-01-15 07:00:00,4.6342944785276075,4.63,4.59,4.67,0.013697315459849712,0.08000000000000007,4.59,Normal,Normal,Normal,0.7789317507418397,14.985163204747776,14.99,OCH power behavior is within the normal dataset distribution.
39|/D2/OA-W/EGR_OCM|11|193200,39,/D2/OA-W/EGR_OCM,11,193200,163,2000-01-08 13:00:00,2000-01-15 07:00:00,4.6579754601226995,4.66,4.59,4.71,0.023782956580433,0.1200000000000001,4.59,Normal,Normal,Normal,4.599406528189911,14.985163204747776,14.99,OCH power behavior is within the normal dataset distribution.
40|/D2/OA-W/EGR_OCM|11|192500,40,/D2/OA-W/EGR_OCM,11,192500,163,2000-01-08 13:00:00,2000-01-15 07:00:00,4.666257668711657,4.66,4.59,4.73,0.02664549830115265,0.14000000000000057,4.62,Normal,Normal,Normal,8.271513353115727,14.985163204747776,14.99,OCH power behavior is within the normal dataset distribution.
26|/TO_EAST_OCM|11|192500,26,/TO_EAST_OCM,11,192500,163,2000-01-08 13:00:00,2000-01-15 07:00:00,5.013713786944785,5.012556099,4.907098603,5.083246599,0.032543241173279246,0.17614799600000008,4.9577201,Normal,Normal,Normal,14.76261127596439,7.492581602373882,14.76,OCH power behavior is within the normal dataset distribution.
25|/TO_EAST_OCM|11|193200,25,/TO_EAST_OCM,11,193200,163,2000-01-08 13:00:00,2000-01-15 07:00:00,4.80441539697546,4.803626343,4.7177201,4.893626343,0.031078939928170627,0.17590624300000002,4.762556099,Normal,Normal,Normal,14.614243323442135,11.646884272997038,14.61,OCH power behavior is within the normal dataset distribution.
28|/TO_EAST_OCM|11|193200,28,/TO_EAST_OCM,11,193200,163,2000-01-08 13:00:00,2000-01-15 07:00:00,4.73906255696319,4.73806535,4.646131713,4.821232437,0.034307881882066425,0.17510072399999999,4.7677201,Normal,Normal,Normal,14.465875370919882,13.427299703264095,14.47,OCH power behavior is within the normal dataset distribution.
28|/TO_EAST_OCM|11|192300,28,/TO_EAST_OCM,11,192300,163,2000-01-08 13:00:00,2000-01-15 07:00:00,5.561383050619632,5.562245351,5.476822363,5.651692872,0.03195046628751736,0.17487050899999979,5.531957607,Normal,Normal,Normal,14.391691394658753,1.5578635014836806,14.39,OCH power behavior is within the normal dataset distribution.
26|/TO_EAST_OCM|11|192300,26,/TO_EAST_OCM,11,192300,163,2000-01-08 13:00:00,2000-01-15 07:00:00,5.178964954128834,5.178433597,5.08739785,5.262245351,0.033359794991412124,0.17484750099999946,5.13288985,Normal,Normal,Normal,14.317507418397627,5.118694362017806,14.32,OCH power behavior is within the normal dataset distribution.
41|/TO_EAST_OCM|11|192500,41,/TO_EAST_OCM,11,192500,163,2000-01-08 13:00:00,2000-01-15 07:00:00,5.107750069404908,5.110403572,5.020864066,5.195302835,0.02894784137784678,0.174438769,5.130403572,Normal,Normal,Normal,14.243323442136498,5.712166172106825,14.24,OCH power behavior is within the normal dataset distribution.
43|/TO_EAST_OCM|11|193000,43,/TO_EAST_OCM,11,193000,163,2000-01-08 13:00:00,2000-01-15 07:00:00,4.671582729374234,4.668824836,4.608433597,4.739239064,0.025626760181391685,0.13080546700000006,4.668824836,Normal,Normal,Normal,6.6765578635014835,14.169139465875368,14.17,OCH power behavior is within the normal dataset distribution.
52|/TO_WEST_OCM|11|192500,52,/TO_WEST_OCM,11,192500,163,2000-01-08 13:00:00,2000-01-15 07:00:00,4.6779230013496935,4.67739785,4.622556099,4.722556099,0.016457880487277934,0.10000000000000053,4.696569133,Normal,Normal,Normal,2.893175074183976,14.020771513353115,14.02,OCH power behavior is within the normal dataset distribution.
19|/D1/OA-W/EGR_OCM|11|196100,19,/D1/OA-W/EGR_OCM,11,196100,163,2000-01-08 13:00:00,2000-01-15 07:00:00,4.676871165644172,4.68,4.63,4.71,0.015093186771006328,0.08000000000000007,4.66,Normal,Normal,Normal,0.7789317507418397,13.87240356083086,13.87,OCH power behavior is within the normal dataset distribution.
28|/TO_EAST_OCM|11|192200,28,/TO_EAST_OCM,11,192200,163,2000-01-08 13:00:00,2000-01-15 07:00:00,5.862016758319018,5.865648213,5.780346008,5.951451148,0.035503505303587646,0.17110513999999988,5.806822363,Normal,Normal,Normal,13.87240356083086,0.2225519287833877,13.87,OCH power behavior is within the normal dataset distribution.
24|/TO_EAST_OCM|11|193500,24,/TO_EAST_OCM,11,193500,163,2000-01-08 13:00:00,2000-01-15 07:00:00,4.912515337423313,4.91,4.81,4.98,0.0369240722157027,0.17000000000000082,4.81,Normal,Normal,Normal,13.798219584569733,9.495548961424326,13.8,OCH power behavior is within the normal dataset distribution.
41|/TO_EAST_OCM|11|193000,41,/TO_EAST_OCM,11,193000,163,2000-01-08 13:00:00,2000-01-15 07:00:00,4.69449029798773,4.693626343,4.633626343,4.772245351,0.025339072112421895,0.13861900799999916,4.6677201,Normal,Normal,Normal,7.789317507418398,13.649851632047483,13.65,OCH power behavior is within the normal dataset distribution.
24|/TO_EAST_OCM|11|192200,24,/TO_EAST_OCM,11,192200,163,2000-01-08 13:00:00,2000-01-15 07:00:00,5.411349693251533,5.41,5.32,5.49,0.0314567180095125,0.16999999999999993,5.32,Normal,Normal,Normal,13.612759643916913,2.670623145400597,13.61,OCH power behavior is within the normal dataset distribution.
31|/TO_EAST_OCM|11|193100,31,/TO_EAST_OCM,11,193100,163,2000-01-08 13:00:00,2000-01-15 07:00:00,4.904452844294479,4.904000795,4.828207545,4.997491565,0.03439356601028115,0.1692840200000001,4.909676277,Normal,Normal,Normal,13.427299703264095,8.976261127596441,13.43,OCH power behavior is within the normal dataset distribution.
43|/TO_EAST_OCM|11|192200,43,/TO_EAST_OCM,11,192200,163,2000-01-08 13:00:00,2000-01-15 07:00:00,4.709829846644172,4.710299957,4.650484161,4.77578636,0.030597141676870415,0.12530219900000006,4.75031147,Normal,Normal,Normal,5.415430267062315,13.27893175074184,13.28,OCH power behavior is within the normal dataset distribution.
28|/TO_EAST_OCM|11|193100,28,/TO_EAST_OCM,11,193100,163,2000-01-08 13:00:00,2000-01-15 07:00:00,4.917378393877301,4.915869831,4.83537518,5.003379897,0.033721815061169245,0.16800471700000053,4.836928029,Normal,Normal,Normal,13.130563798219585,8.827893175074186,13.13,OCH power behavior is within the normal dataset distribution.
25|/TO_EAST_OCM|11|192300,25,/TO_EAST_OCM,11,192300,163,2000-01-08 13:00:00,2000-01-15 07:00:00,5.274962539914111,5.27739785,5.203626343,5.369239064,0.029840003459663478,0.16561272100000046,5.20739785,Normal,Normal,Normal,12.98219584569733,3.70919881305638,12.98,OCH power behavior is within the normal dataset distribution.
42|/TO_EAST_OCM|11|193000,42,/TO_EAST_OCM,11,193000,163,2000-01-08 13:00:00,2000-01-15 07:00:00,4.785606548226994,4.783626343,4.714029077,4.879239064,0.032029483214920364,0.1652099869999999,4.790136468,Normal,Normal,Normal,12.908011869436201,11.72106824925816,12.91,OCH power behavior is within the normal dataset distribution.
52|/TO_WEST_OCM|11|192400,52,/TO_WEST_OCM,11,192400,163,2000-01-08 13:00:00,2000-01-15 07:00:00,4.721434198889571,4.720299957,4.68031147,4.765302835,0.015193630307013196,0.0849913649999996,4.70031147,Normal,Normal,Normal,1.261127596439169,12.908011869436198,12.91,OCH power behavior is within the normal dataset distribution.
27|/TO_EAST_OCM|11|193000,27,/TO_EAST_OCM,11,193000,163,2000-01-08 13:00:00,2000-01-15 07:00:00,4.818090569920246,4.818988828,4.73065336,4.895203652,0.030655441300470362,0.16455029200000038,4.817491565,Normal,Normal,Normal,12.759643916913946,11.42433234421365,12.76,OCH power behavior is within the normal dataset distribution.
24|/TO_EAST_OCM|11|194400,24,/TO_EAST_OCM,11,194400,163,2000-01-08 13:00:00,2000-01-15 07:00:00,4.899631901840491,4.9,4.82,4.98,0.034656864186616,0.16000000000000014,4.83,Normal,Normal,Normal,12.240356083086052,9.272997032640951,12.24,OCH power behavior is within the normal dataset distribution.
40|/D1/OA-W/IGR_OCM|2|192600,40,/D1/OA-W/IGR_OCM,2,192600,163,2000-01-08 13:00:00,2000-01-15 07:00:00,4.855705521472393,4.85,4.79,4.95,0.03890427195993473,0.16000000000000014,4.83,Normal,Normal,Normal,12.240356083086052,10.126112759643913,12.24,OCH power behavior is within the normal dataset distribution.
25|/TO_EAST_OCM|11|192200,25,/TO_EAST_OCM,11,192200,163,2000-01-08 13:00:00,2000-01-15 07:00:00,5.541679631184048,5.540714409,5.467098603,5.625947527,0.027071623821903146,0.15884892399999995,5.541692872,Normal,Normal,Normal,11.795252225519288,1.6320474777448024,11.8,OCH power behavior is within the normal dataset distribution.
26|/TO_EAST_OCM|11|192400,26,/TO_EAST_OCM,11,192400,163,2000-01-08 13:00:00,2000-01-15 07:00:00,5.503504825822086,5.500136468,5.434454798,5.5877201,0.031004943813659307,0.15326530200000033,5.478433597,Normal,Normal,Normal,11.42433234421365,1.928783382789323,11.42,OCH power behavior is within the normal dataset distribution.
26|/TO_EAST_OCM|11|193100,26,/TO_EAST_OCM,11,193100,163,2000-01-08 13:00:00,2000-01-15 07:00:00,5.227133757325154,5.22638745,5.15165487,5.304644626,0.030149052323646022,0.1529897560000002,5.182781939,Normal,Normal,Normal,11.350148367952523,4.4510385756676545,11.35,OCH power behavior is within the normal dataset distribution.
25|/TO_EAST_OCM|11|193000,25,/TO_EAST_OCM,11,193000,163,2000-01-08 13:00:00,2000-01-15 07:00:00,5.153011671306748,5.15065336,5.083379897,5.235311385,0.031952486592841944,0.15193148799999978,5.10997514,Normal,Normal,Normal,11.275964391691394,5.267062314540061,11.28,OCH power behavior is within the normal dataset distribution.
25|/TO_EAST_OCM|11|192400,25,/TO_EAST_OCM,11,192400,163,2000-01-08 13:00:00,2000-01-15 07:00:00,5.591657748429448,5.592556099,5.514454798,5.66537518,0.028808115955366826,0.1509203819999998,5.548433597,Normal,Normal,Normal,11.127596439169139,1.0385756676557834,11.13,OCH power behavior is within the normal dataset distribution.
23|/TO_EAST_OCM|11|192400,23,/TO_EAST_OCM,11,192400,163,2000-01-08 13:00:00,2000-01-15 07:00:00,5.183041050662577,5.181232437,5.105947527,5.256569133,0.029681715965542213,0.15062160600000052,5.151957607,Normal,Normal,Normal,10.979228486646884,4.970326409495551,10.98,OCH power behavior is within the normal dataset distribution.
52|/TO_WEST_OCM|11|192200,52,/TO_WEST_OCM,11,192200,163,2000-01-08 13:00:00,2000-01-15 07:00:00,4.799065010668712,4.7977201,4.7477201,4.841957607,0.02022803310439074,0.09423750699999989,4.786131713,Normal,Normal,Normal,2.2997032640949553,10.905044510385753,10.91,OCH power behavior is within the normal dataset distribution.
38|/TO_WEST_OCM|11|192500,38,/TO_WEST_OCM,11,192500,163,2000-01-08 13:00:00,2000-01-15 07:00:00,4.802304175564417,4.804454798,4.749676277,4.845869831,0.019145085902226692,0.09619355400000007,4.80112577,Normal,Normal,Normal,2.4480712166172105,10.830860534124632,10.83,OCH power behavior is within the normal dataset distribution.
52|/TO_WEST_OCM|11|193100,52,/TO_WEST_OCM,11,193100,163,2000-01-08 13:00:00,2000-01-15 07:00:00,4.794794325030675,4.794029077,4.752556099,4.834454798,0.01561525231249074,0.08189869899999991,4.803246599,Normal,Normal,Normal,1.112759643916914,10.534124629080122,10.53,OCH power behavior is within the normal dataset distribution.
36|/TO_WEST_OCM|11|192500,36,/TO_WEST_OCM,11,192500,163,2000-01-08 13:00:00,2000-01-15 07:00:00,4.817928546858896,4.81807805,4.752781939,4.87537518,0.02524250825610759,0.12259324099999969,4.808687478,Normal,Normal,Normal,4.9703264094955495,10.45994065281899,10.46,OCH power behavior is within the normal dataset distribution.
43|/TO_EAST_OCM|11|192400,43,/TO_EAST_OCM,11,192400,163,2000-01-08 13:00:00,2000-01-15 07:00:00,4.891612876380368,4.890587774,4.805325861,4.945302835,0.028743059116625606,0.13997697399999964,4.94031147,Normal,Normal,Normal,8.011869436201781,9.643916913946594,9.64,OCH power behavior is within the normal dataset distribution.
42|/TO_EAST_OCM|11|192400,42,/TO_EAST_OCM,11,192400,163,2000-01-08 13:00:00,2000-01-15 07:00:00,5.247055655509203,5.245533089,5.180403572,5.325325861,0.027937001055967716,0.14492228899999926,5.270299957,Normal,Normal,Normal,9.495548961424333,3.857566765578635,9.5,OCH power behavior is within the normal dataset distribution.
41|/TO_EAST_OCM|11|192300,41,/TO_EAST_OCM,11,192300,163,2000-01-08 13:00:00,2000-01-15 07:00:00,4.875230873638037,4.871957607,4.811451148,4.942245351,0.02785286476215859,0.13079420300000066,4.88739785,Normal,Normal,Normal,6.602373887240357,9.421364985163205,9.42,OCH power behavior is within the normal dataset distribution.
42|/TO_EAST_OCM|11|192300,42,/TO_EAST_OCM,11,192300,163,2000-01-08 13:00:00,2000-01-15 07:00:00,5.07204282711043,5.073246599,4.98739785,5.132245351,0.028946726392064297,0.1448475010000001,5.066569133,Normal,Normal,Normal,9.421364985163205,6.305637982195844,9.42,OCH power behavior is within the normal dataset distribution.
25|/TO_EAST_OCM|11|193100,25,/TO_EAST_OCM,11,193100,163,2000-01-08 13:00:00,2000-01-15 07:00:00,4.963977651466258,4.962206928,4.885869831,5.030136468,0.028487438066906783,0.1442666370000003,4.89806535,Normal,Normal,Normal,9.27299703264095,8.01186943620178,9.27,OCH power behavior is within the normal dataset distribution.
52|/TO_WEST_OCM|11|193000,52,/TO_WEST_OCM,11,193000,163,2000-01-08 13:00:00,2000-01-15 07:00:00,4.867205739429449,4.86537518,4.820619634,4.9049035,0.016472370551523546,0.08428386599999982,4.848433597,Normal,Normal,Normal,1.1869436201780417,9.198813056379818,9.2,OCH power behavior is within the normal dataset distribution.
21|/TO_EAST_OCM|11|192300,21,/TO_EAST_OCM,11,192300,163,2000-01-08 13:00:00,2000-01-15 07:00:00,5.2449912632453985,5.24537518,5.173246599,5.315869831,0.026908585389185707,0.14262323200000004,5.209239064,Normal,Normal,Normal,9.050445103857568,3.9688427299703233,9.05,OCH power behavior is within the normal dataset distribution.
43|/TO_EAST_OCM|11|192500,43,/TO_EAST_OCM,11,192500,163,2000-01-08 13:00:00,2000-01-15 07:00:00,4.911817215171779,4.915947527,4.83739785,4.971232437,0.027704315049343113,0.13383458699999995,4.92288985,Normal,Normal,Normal,7.121661721068249,8.753709198813054,8.75,OCH power behavior is within the normal dataset distribution.
38|/TO_WEST_OCM|11|193200,38,/TO_WEST_OCM,11,193200,163,2000-01-08 13:00:00,2000-01-15 07:00:00,4.925891660159509,4.927787631,4.86509799,4.967787631,0.01813238326200349,0.10268964100000044,4.913238287,Normal,Normal,Normal,3.115727002967359,8.308605341246288,8.31,OCH power behavior is within the normal dataset distribution.
23|/TO_EAST_OCM|11|192300,23,/TO_EAST_OCM,11,192300,163,2000-01-08 13:00:00,2000-01-15 07:00:00,4.940760272361963,4.939676277,4.875869831,5.009676277,0.02841424870250019,0.13380644599999947,4.894454798,Normal,Normal,Normal,7.047477744807122,8.234421364985167,8.23,OCH power behavior is within the normal dataset distribution.
21|/TO_EAST_OCM|11|192500,21,/TO_EAST_OCM,11,192500,163,2000-01-08 13:00:00,2000-01-15 07:00:00,5.416454292134969,5.41806535,5.35288985,5.49288985,0.024581291763311103,0.13999999999999968,5.36739785,Normal,Normal,Normal,8.086053412462908,2.3738872403560873,8.09,OCH power behavior is within the normal dataset distribution.
23|/TO_EAST_OCM|11|193000,23,/TO_EAST_OCM,11,193000,163,2000-01-08 13:00:00,2000-01-15 07:00:00,5.177663830337424,5.179319844,5.111354496,5.25065336,0.02647822819158948,0.13929886400000058,5.155311385,Normal,Normal,Normal,7.937685459940654,4.821958456973297,7.94,OCH power behavior is within the normal dataset distribution.
26|/TO_EAST_OCM|11|193000,26,/TO_EAST_OCM,11,193000,163,2000-01-08 13:00:00,2000-01-15 07:00:00,5.394343581809816,5.393595326,5.33207854,5.468988828,0.02968819720415651,0.13691028799999927,5.373595326,Normal,Normal,Normal,7.640949554896142,2.522255192878342,7.64,OCH power behavior is within the normal dataset distribution.
52|/TO_WEST_OCM|11|193200,52,/TO_WEST_OCM,11,193200,163,2000-01-08 13:00:00,2000-01-15 07:00:00,4.951999689766871,4.95288985,4.912245351,4.98739785,0.016468872124733944,0.07515249899999965,4.942556099,Normal,Normal,Normal,0.5192878338278931,7.270029673590505,7.27,OCH power behavior is within the normal dataset distribution.
26|/TO_EAST_OCM|11|193200,26,/TO_EAST_OCM,11,193200,163,2000-01-08 13:00:00,2000-01-15 07:00:00,5.105780647098159,5.102245351,5.032245351,5.167098603,0.029862050029788326,0.1348532520000001,5.080714409,Normal,Normal,Normal,7.195845697329377,5.637982195845693,7.2,OCH power behavior is within the normal dataset distribution.
25|/TO_EAST_OCM|11|192500,25,/TO_EAST_OCM,11,192500,163,2000-01-08 13:00:00,2000-01-15 07:00:00,5.046020693717792,5.048433597,4.97739785,5.100136468,0.027382332472303025,0.12273861799999963,5.002556099,Normal,Normal,Normal,5.044510385756676,6.676557863501486,6.68,OCH power behavior is within the normal dataset distribution.
23|/TO_EAST_OCM|11|192200,23,/TO_EAST_OCM,11,192200,163,2000-01-08 13:00:00,2000-01-15 07:00:00,5.05814567896319,5.060346008,4.990346008,5.120484161,0.02847656577232275,0.13013815299999987,5.000714409,Normal,Normal,Normal,6.454005934718101,6.231454005934722,6.45,OCH power behavior is within the normal dataset distribution.
41|/TO_EAST_OCM|11|192200,41,/TO_EAST_OCM,11,192200,163,2000-01-08 13:00:00,2000-01-15 07:00:00,5.039851216319018,5.04031147,4.985302835,5.105302835,0.02857185215108169,0.1200000000000001,5.015302835,Normal,Normal,Normal,4.599406528189911,6.454005934718099,6.45,OCH power behavior is within the normal dataset distribution.
42|/TO_EAST_OCM|11|192200,42,/TO_EAST_OCM,11,192200,163,2000-01-08 13:00:00,2000-01-15 07:00:00,5.2294675316503065,5.23031147,5.16031147,5.290403572,0.027978269752150557,0.13009210199999988,5.270714409,Normal,Normal,Normal,6.379821958456973,4.228486646884278,6.38,OCH power behavior is within the normal dataset distribution.
21|/TO_EAST_OCM|11|192200,21,/TO_EAST_OCM,11,192200,163,2000-01-08 13:00:00,2000-01-15 07:00:00,5.401270748932515,5.400864066,5.326131713,5.456131713,0.0226793338552298,0.13000000000000078,5.335440989,Normal,Normal,Normal,6.3056379821958455,2.596439169139464,6.31,OCH power behavior is within the normal dataset distribution.
41|/TO_EAST_OCM|11|192400,41,/TO_EAST_OCM,11,192400,163,2000-01-08 13:00:00,2000-01-15 07:00:00,5.0778175649938655,5.075648213,5.005325861,5.130346008,0.028140834132698658,0.12502014699999986,5.075302835,Normal,Normal,Normal,5.267062314540059,6.008902077151335,6.01,OCH power behavior is within the normal dataset distribution.
23|/TO_EAST_OCM|11|192500,23,/TO_EAST_OCM,11,192500,163,2000-01-08 13:00:00,2000-01-15 07:00:00,5.096918092018405,5.097098603,5.03288985,5.162556099,0.02357485506035243,0.12966624899999957,5.03288985,Normal,Normal,Normal,5.786350148367952,5.56379821958457,5.79,OCH power behavior is within the normal dataset distribution.
23|/TO_EAST_OCM|11|193100,23,/TO_EAST_OCM,11,193100,163,2000-01-08 13:00:00,2000-01-15 07:00:00,5.105305051766871,5.108824836,5.044029077,5.169239064,0.023688317274737875,0.12520998699999986,5.06806535,Normal,Normal,Normal,5.341246290801187,5.489614243323437,5.49,OCH power behavior is within the normal dataset distribution.
23|/TO_EAST_OCM|11|193200,23,/TO_EAST_OCM,11,193200,163,2000-01-08 13:00:00,2000-01-15 07:00:00,5.134240151582822,5.1349035,5.083626343,5.189676276,0.020779375754455712,0.10604993300000043,5.083626343,Normal,Normal,Normal,3.4124629080118694,5.192878338278928,5.19,OCH power behavior is within the normal dataset distribution.
21|/TO_EAST_OCM|11|193000,21,/TO_EAST_OCM,11,193000,163,2000-01-08 13:00:00,2000-01-15 07:00:00,5.643185613079755,5.643379897,5.576713655,5.697449151,0.023446370453766942,0.120735496,5.599319844,Normal,Normal,Normal,4.896142433234421,0.5934718100890191,4.9,OCH power behavior is within the normal dataset distribution.
42|/TO_EAST_OCM|11|192500,42,/TO_EAST_OCM,11,192500,163,2000-01-08 13:00:00,2000-01-15 07:00:00,5.267064248680982,5.265947527,5.205648213,5.320484161,0.025978131320254182,0.11483594800000052,5.281036742,Normal,Normal,Normal,4.080118694362018,3.6350148367952473,4.08,OCH power behavior is within the normal dataset distribution.
21|/TO_EAST_OCM|11|192400,21,/TO_EAST_OCM,11,192400,163,2000-01-08 13:00:00,2000-01-15 07:00:00,5.506639475441718,5.510484161,5.440403572,5.551036742,0.023794152275810432,0.11063316999999984,5.440403572,Normal,Normal,Normal,3.783382789317508,1.85459940652819,3.78,OCH power behavior is within the normal dataset distribution.
21|/TO_EAST_OCM|11|193100,21,/TO_EAST_OCM,11,193100,163,2000-01-08 13:00:00,2000-01-15 07:00:00,5.565789216006135,5.56537518,5.509676276,5.61112577,0.022788854073741892,0.1014494939999997,5.549239064,Normal,Normal,Normal,3.0415430267062313,1.1869436201780381,3.04,OCH power behavior is within the normal dataset distribution.
21|/TO_EAST_OCM|11|193200,21,/TO_EAST_OCM,11,193200,163,2000-01-08 13:00:00,2000-01-15 07:00:00,5.5570239973190185,5.55806535,5.51288985,5.603246599,0.017461165819384575,0.09035674900000057,5.54288985,Normal,Normal,Normal,1.9287833827893175,1.1127596439169163,1.93,OCH power behavior is within the normal dataset distribution.
18|/D1/OA-W/IGR_OCM|4|191900,18,/D1/OA-W/IGR_OCM,4,191900,344,2000-01-01 00:00:00,2000-01-15 07:00:00,6.179622093023256,8.425,3.02,8.93,2.567087634621254,5.91,3.09,Warning,Normal,Warning,98.96142433234422,68.21216617210682,98.96,"OCH power is outside normal distribution. Check channel equalization, amplifier tilt and wavelength-specific power drift."
10|/D2/OA-W/IGR_OCM|4|191600,10,/D2/OA-W/IGR_OCM,4,191600,344,2000-01-01 00:00:00,2000-01-15 07:00:00,0.3081104651213256,0.38,-0.61,0.84,0.3106274652394663,1.45,4.34e-10,Normal,Warning,Warning,82.71513353115726,98.88724035608308,98.89,"OCH power is outside normal distribution. Check channel equalization, amplifier tilt and wavelength-specific power drift."
17|/TO_EAST_OCM|4|191900,17,/TO_EAST_OCM,4,191900,344,2000-01-01 00:00:00,2000-01-15 07:00:00,6.457708642415697,8.5348451975,3.13210707,9.008834208,2.36971945211871,5.876727138,3.351926141,Warning,Normal,Warning,98.88724035608308,64.39169139465875,98.89,"OCH power is outside normal distribution. Check channel equalization, amplifier tilt and wavelength-specific power drift."
17|/TO_EAST_OCM|4|191800,17,/TO_EAST_OCM,4,191800,344,2000-01-01 00:00:00,2000-01-15 07:00:00,7.1174523751075585,9.0603083555,3.967546772,9.84248613,2.285648974726922,5.874939357999999,4.577158881,Warning,Normal,Warning,98.81305637982196,37.908011869436194,98.81,"OCH power is outside normal distribution. Check channel equalization, amplifier tilt and wavelength-specific power drift."
53|/TO_EAST_OCM|11|194400,53,/TO_EAST_OCM,11,194400,163,2000-01-08 13:00:00,2000-01-15 07:00:00,1.0947752231411043,1.126242737,-0.565844947,1.365730943,0.21262587131491395,1.93157589,1.008068953,Normal,Warning,Warning,86.94362017804154,98.81305637982196,98.81,"OCH power is outside normal distribution. Check channel equalization, amplifier tilt and wavelength-specific power drift."
10|/D2/OA-W/IGR_OCM|4|191800,10,/D2/OA-W/IGR_OCM,4,191800,344,2000-01-01 00:00:00,2000-01-15 07:00:00,0.48968023255940113,0.615,-0.48,1.16,0.37320870447992116,1.64,0.21,Normal,Warning,Warning,83.45697329376854,98.73887240356083,98.74,"OCH power is outside normal distribution. Check channel equalization, amplifier tilt and wavelength-specific power drift."
14|/TO_EAST_OCM|4|191900,14,/TO_EAST_OCM,4,191900,344,2000-01-01 00:00:00,2000-01-15 07:00:00,6.557450736834303,8.87218261,3.431471332,9.305128751,2.617321984708173,5.873657419,3.531502136,Warning,Normal,Warning,98.73887240356083,55.118694362017806,98.74,"OCH power is outside normal distribution. Check channel equalization, amplifier tilt and wavelength-specific power drift."
10|/D2/OA-W/IGR_OCM|4|191900,10,/D2/OA-W/IGR_OCM,4,191900,344,2000-01-01 00:00:00,2000-01-15 07:00:00,0.4844476744198663,0.64,-0.47,1.13,0.37971024343957566,1.5999999999999999,0.02,Normal,Warning,Warning,83.23442136498517,98.66468842729971,98.66,"OCH power is outside normal distribution. Check channel equalization, amplifier tilt and wavelength-specific power drift."
15|/TO_EAST_OCM|4|191800,15,/TO_EAST_OCM,4,191800,344,2000-01-01 00:00:00,2000-01-15 07:00:00,7.207390350770349,9.1780005725,4.064771578,9.935340224,2.326720861968514,5.870568646000001,4.711595913,Warning,Normal,Warning,98.66468842729971,34.86646884272997,98.66,"OCH power is outside normal distribution. Check channel equalization, amplifier tilt and wavelength-specific power drift."
13|/D2/OA-W/EGR_OCM|4|191400,13,/D2/OA-W/EGR_OCM,4,191400,344,2000-01-01 00:00:00,2000-01-15 07:00:00,6.439796511627907,8.425,3.23,9.09,2.3186733953183,5.859999999999999,4.04,Warning,Normal,Warning,98.59050445103857,61.79525222551929,98.59,"OCH power is outside normal distribution. Check channel equalization, amplifier tilt and wavelength-specific power drift."
47|/TO_EAST_OCM|11|196100,47,/TO_EAST_OCM,11,196100,163,2000-01-08 13:00:00,2000-01-15 07:00:00,-0.015398772987496933,-0.02,-0.46,0.42,0.20189914790555377,0.88,-0.29,Normal,Warning,Warning,71.51335311572701,98.59050445103857,98.59,"OCH power is outside normal distribution. Check channel equalization, amplifier tilt and wavelength-specific power drift."
13|/D1/OA-W/IGR_OCM|4|191600,13,/D1/OA-W/IGR_OCM,4,191600,344,2000-01-01 00:00:00,2000-01-15 07:00:00,6.080377906976745,7.97,2.9,8.7,2.2289598372100166,5.799999999999999,3.83,Warning,Normal,Warning,98.51632047477746,71.58753709198812,98.52,"OCH power is outside normal distribution. Check channel equalization, amplifier tilt and wavelength-specific power drift."
49|/TO_EAST_OCM|11|196100,49,/TO_EAST_OCM,11,196100,163,2000-01-08 13:00:00,2000-01-15 07:00:00,-0.11392638034413498,-0.09,-0.44,0.25,0.1572465061233164,0.69,-0.33,Normal,Warning,Warning,64.98516320474778,98.51632047477746,98.52,"OCH power is outside normal distribution. Check channel equalization, amplifier tilt and wavelength-specific power drift."
10|/D2/OA-W/IGR_OCM|4|191700,10,/D2/OA-W/IGR_OCM,4,191700,344,2000-01-01 00:00:00,2000-01-15 07:00:00,0.2374418604651163,0.25,-0.4,0.6,0.14231272628206765,1.0,0.34,Normal,Warning,Warning,75.4080118694362,98.44213649851632,98.44,"OCH power is outside normal distribution. Check channel equalization, amplifier tilt and wavelength-specific power drift."
16|/TO_EAST_OCM|4|191600,16,/TO_EAST_OCM,4,191600,344,2000-01-01 00:00:00,2000-01-15 07:00:00,7.006546736142441,9.001239302,3.852444908,9.650081134,2.3426343966480023,5.797636226000001,4.42307066,Warning,Normal,Warning,98.44213649851632,41.3946587537092,98.44,"OCH power is outside normal distribution. Check channel equalization, amplifier tilt and wavelength-specific power drift."
18|/D1/OA-W/IGR_OCM|4|191700,18,/D1/OA-W/IGR_OCM,4,191700,344,2000-01-01 00:00:00,2000-01-15 07:00:00,5.740116279069767,7.825,2.68,8.42,2.4471149165928443,5.74,2.84,Warning,Normal,Warning,98.3679525222552,76.55786350148368,98.37,"OCH power is outside normal distribution. Check channel equalization, amplifier tilt and wavelength-specific power drift."
51|/TO_EAST_OCM|11|196100,51,/TO_EAST_OCM,11,196100,163,2000-01-08 13:00:00,2000-01-15 07:00:00,0.2514723926513497,0.26,-0.34,0.64,0.20719833977175017,0.98,0.15,Normal,Warning,Warning,74.85163204747775,98.3679525222552,98.37,"OCH power is outside normal distribution. Check channel equalization, amplifier tilt and wavelength-specific power drift."
13|/D1/OA-W/IGR_OCM|4|191800,13,/D1/OA-W/IGR_OCM,4,191800,344,2000-01-01 00:00:00,2000-01-15 07:00:00,6.2951453488372096,8.114999999999998,3.27,9.0,2.1638096686213233,5.73,4.01,Warning,Normal,Warning,98.29376854599407,60.42284866468843,98.29,"OCH power is outside normal distribution. Check channel equalization, amplifier tilt and wavelength-specific power drift."
52|/TO_EAST_OCM|11|196100,52,/TO_EAST_OCM,11,196100,163,2000-01-08 13:00:00,2000-01-15 07:00:00,0.20300613497198775,0.2,-0.25,0.56,0.17981174987508705,0.81,0.15,Normal,Warning,Warning,69.13946587537092,98.29376854599407,98.29,"OCH power is outside normal distribution. Check channel equalization, amplifier tilt and wavelength-specific power drift."
10|/D2/OA-W/IGR_OCM|4|191500,10,/D2/OA-W/IGR_OCM,4,191500,344,2000-01-01 00:00:00,2000-01-15 07:00:00,0.5844767441860466,0.65,-0.24,1.12,0.28631521403856963,1.36,0.52,Normal,Warning,Warning,81.973293768546,98.21958456973294,98.22,"OCH power is outside normal distribution. Check channel equalization, amplifier tilt and wavelength-specific power drift."
13|/D2/OA-W/EGR_OCM|4|191800,13,/D2/OA-W/EGR_OCM,4,191800,344,2000-01-01 00:00:00,2000-01-15 07:00:00,6.4498837209302335,8.285,3.39,9.1,2.1674688623458005,5.709999999999999,4.11,Warning,Normal,Warning,98.21958456973294,57.08456973293769,98.22,"OCH power is outside normal distribution. Check channel equalization, amplifier tilt and wavelength-specific power drift."
13|/D2/OA-W/EGR_OCM|4|191600,13,/D2/OA-W/EGR_OCM,4,191600,344,2000-01-01 00:00:00,2000-01-15 07:00:00,6.266831395348837,8.135,3.14,8.84,2.2190587439495473,5.699999999999999,4.09,Warning,Normal,Warning,98.1454005934718,64.16913946587538,98.15,"OCH power is outside normal distribution. Check channel equalization, amplifier tilt and wavelength-specific power drift."
37|/TO_EAST_OCM|11|196100,37,/TO_EAST_OCM,11,196100,163,2000-01-08 13:00:00,2000-01-15 07:00:00,0.3758895705548098,0.38,-0.2,0.98,0.2189501607974575,1.18,0.52,Normal,Warning,Warning,79.67359050445104,98.1454005934718,98.15,"OCH power is outside normal distribution. Check channel equalization, amplifier tilt and wavelength-specific power drift."
14|/TO_EAST_OCM|4|191500,14,/TO_EAST_OCM,4,191500,344,2000-01-01 00:00:00,2000-01-15 07:00:00,7.003323765857558,9.2348770125,3.971446589,9.609560169,2.5074567314541234,5.63811358,4.205744599,Warning,Normal,Warning,98.07121661721068,37.759643916913944,98.07,"OCH power is outside normal distribution. Check channel equalization, amplifier tilt and wavelength-specific power drift."
45|/TO_WEST_OCM|11|196100,45,/TO_WEST_OCM,11,196100,163,2000-01-08 13:00:00,2000-01-15 07:00:00,0.22368098160307975,0.24,-0.16,0.59,0.1642827923643861,0.75,0.19,Normal,Warning,Warning,67.43323442136499,98.07121661721068,98.07,"OCH power is outside normal distribution. Check channel equalization, amplifier tilt and wavelength-specific power drift."
43|/TO_WEST_OCM|11|193300,43,/TO_WEST_OCM,11,193300,163,2000-01-08 13:00:00,2000-01-15 07:00:00,1.689445514969325,1.731036083,-0.135920749,2.296470707,0.2594697058049764,2.432391456,1.661103621,Warning,Warning,Warning,90.3560830860534,97.99703264094956,98.0,"OCH power is outside normal distribution. Check channel equalization, amplifier tilt and wavelength-specific power drift."
7|/TO_EAST_OCM|4|191400,7,/TO_EAST_OCM,4,191400,344,2000-01-01 00:00:00,2000-01-15 07:00:00,6.432790697674419,8.21,3.43,9.05,2.0639064837238976,5.620000000000001,4.27,Warning,Normal,Warning,97.99703264094956,55.341246290801195,98.0,"OCH power is outside normal distribution. Check channel equalization, amplifier tilt and wavelength-specific power drift."
34|/TO_WEST_OCM|11|196100,34,/TO_WEST_OCM,11,196100,163,2000-01-08 13:00:00,2000-01-15 07:00:00,0.15337423313948467,0.16,-0.06,0.37,0.08813724466185738,0.43,0.37,Normal,Warning,Warning,49.70326409495549,97.92284866468842,97.92,"OCH power is outside normal distribution. Check channel equalization, amplifier tilt and wavelength-specific power drift."
7|/TO_EAST_OCM|4|191800,7,/TO_EAST_OCM,4,191800,344,2000-01-01 00:00:00,2000-01-15 07:00:00,6.299215116279069,8.04,3.32,8.84,2.0323251330191803,5.52,4.19,Warning,Normal,Warning,97.92284866468842,59.05044510385758,97.92,"OCH power is outside normal distribution. Check channel equalization, amplifier tilt and wavelength-specific power drift."
35|/TO_WEST_OCM|11|196100,35,/TO_WEST_OCM,11,196100,163,2000-01-08 13:00:00,2000-01-15 07:00:00,0.11926380370228222,0.12,-0.05,0.31,0.07297520531116784,0.36,0.17,Normal,Warning,Warning,43.24925816023739,97.8486646884273,97.85,"OCH power is outside normal distribution. Check channel equalization, amplifier tilt and wavelength-specific power drift."
5|/TO_EAST_OCM|4|191400,5,/TO_EAST_OCM,4,191400,344,2000-01-01 00:00:00,2000-01-15 07:00:00,7.130885719093023,8.948532952,4.20825725,9.720042842,2.0823356798399226,5.511785592,4.96343064,Warning,Normal,Warning,97.8486646884273,29.52522255192879,97.85,"OCH power is outside normal distribution. Check channel equalization, amplifier tilt and wavelength-specific power drift."
10|/D2/OA-W/IGR_OCM|4|191400,10,/D2/OA-W/IGR_OCM,4,191400,344,2000-01-01 00:00:00,2000-01-15 07:00:00,0.5888662790697674,0.61,-0.01,0.84,0.12839509278331984,0.85,0.62,Normal,Warning,Warning,70.10385756676558,97.77448071216617,97.77,"OCH power is outside normal distribution. Check channel equalization, amplifier tilt and wavelength-specific power drift."
12|/TO_EAST_OCM|4|191400,12,/TO_EAST_OCM,4,191400,344,2000-01-01 00:00:00,2000-01-15 07:00:00,7.120751505395349,8.9683287335,4.107668731,9.607684719,2.1605590053856556,5.5000159879999995,4.918796545,Warning,Normal,Warning,97.77448071216617,33.382789317507424,97.77,"OCH power is outside normal distribution. Check channel equalization, amplifier tilt and wavelength-specific power drift."
48|/TO_WEST_OCM|11|196100,48,/TO_WEST_OCM,11,196100,163,2000-01-08 13:00:00,2000-01-15 07:00:00,0.1851533742357914,0.18,4.34e-10,0.44,0.0901463544411736,0.439999999566,0.36,Normal,Warning,Warning,50.07418397626113,97.70029673590504,97.7,"OCH power is outside normal distribution. Check channel equalization, amplifier tilt and wavelength-specific power drift."
5|/TO_EAST_OCM|4|191800,5,/TO_EAST_OCM,4,191800,344,2000-01-01 00:00:00,2000-01-15 07:00:00,7.623411499619186,9.448657148999999,4.695404528,10.18136673,2.092398076960162,5.4859622020000005,5.425141451,Warning,Normal,Warning,97.70029673590504,12.611275964391687,97.7,"OCH power is outside normal distribution. Check channel equalization, amplifier tilt and wavelength-specific power drift."
30|/TO_WEST_OCM|11|193500,30,/TO_WEST_OCM,11,193500,163,2000-01-08 13:00:00,2000-01-15 07:00:00,0.8989181978711656,0.746059786,0.054508091,2.018329057,0.5079839188172445,1.963820966,1.828595405,Normal,Warning,Warning,87.98219584569733,97.62611275964392,97.63,"OCH power is outside normal distribution. Check channel equalization, amplifier tilt and wavelength-specific power drift."
5|/TO_EAST_OCM|4|191600,5,/TO_EAST_OCM,4,191600,344,2000-01-01 00:00:00,2000-01-15 07:00:00,7.3583737691279065,9.154946322,4.451857312,9.88248613,2.071982160194926,5.430628818000001,5.225211099,Warning,Normal,Warning,97.62611275964392,20.40059347181009,97.63,"OCH power is outside normal distribution. Check channel equalization, amplifier tilt and wavelength-specific power drift."
26|/TO_WEST_OCM|11|196100,26,/TO_WEST_OCM,11,196100,163,2000-01-08 13:00:00,2000-01-15 07:00:00,0.5917791411042944,0.63,0.11,1.06,0.23332783127216378,0.9500000000000001,0.79,Normal,Warning,Warning,74.25816023738872,97.55192878338279,97.55,"OCH power is outside normal distribution. Check channel equalization, amplifier tilt and wavelength-specific power drift."
6|/TO_EAST_OCM|4|191800,6,/TO_EAST_OCM,4,191800,344,2000-01-01 00:00:00,2000-01-15 07:00:00,7.008770637947674,8.769136278,4.111462976,9.527586618,2.021882331082823,5.4161236420000005,4.880868733,Warning,Normal,Warning,97.55192878338279,33.30860534124629,97.55,"OCH power is outside normal distribution. Check channel equalization, amplifier tilt and wavelength-specific power drift."
2|/D1/OA-W/EGR_OCM|11|191800,2,/D1/OA-W/EGR_OCM,11,191800,344,2000-01-01 00:00:00,2000-01-15 07:00:00,5.396802325581396,7.0,2.5,7.9,2.1097071788843085,5.4,2.8,Warning,Normal,Warning,97.47774480712165,79.67359050445104,97.48,"OCH power is outside normal distribution. Check channel equalization, amplifier tilt and wavelength-specific power drift."
38|/TO_EAST_OCM|11|196100,38,/TO_EAST_OCM,11,196100,163,2000-01-08 13:00:00,2000-01-15 07:00:00,0.682883435582822,0.71,0.12,1.17,0.2119157878584781,1.0499999999999998,0.72,Normal,Warning,Warning,76.8545994065282,97.47774480712165,97.48,"OCH power is outside normal distribution. Check channel equalization, amplifier tilt and wavelength-specific power drift."
15|/TO_EAST_OCM|4|191500,15,/TO_EAST_OCM,4,191500,344,2000-01-01 00:00:00,2000-01-15 07:00:00,6.505307967680232,8.6040394125,3.682758236,9.073022641,2.3987880368731833,5.390264405,3.995002697,Warning,Normal,Warning,97.40356083086054,46.36498516320475,97.4,"OCH power is outside normal distribution. Check channel equalization, amplifier tilt and wavelength-specific power drift."
28|/TO_WEST_OCM|11|196100,28,/TO_WEST_OCM,11,196100,163,2000-01-08 13:00:00,2000-01-15 07:00:00,0.7228220858895705,0.76,0.2,1.28,0.2541471072072137,1.08,0.91,Normal,Warning,Warning,77.70771513353115,97.40356083086054,97.4,"OCH power is outside normal distribution. Check channel equalization, amplifier tilt and wavelength-specific power drift."
17|/TO_EAST_OCM|4|191500,17,/TO_EAST_OCM,4,191500,344,2000-01-01 00:00:00,2000-01-15 07:00:00,6.172357719485465,8.222427740499999,3.257935285,8.618020048,2.352746538676697,5.360084763,3.42722174,Warning,Normal,Warning,97.3293768545994,60.905044510385764,97.33,"OCH power is outside normal distribution. Check channel equalization, amplifier tilt and wavelength-specific power drift."
43|/TO_WEST_OCM|11|192600,43,/TO_WEST_OCM,11,192600,163,2000-01-08 13:00:00,2000-01-15 07:00:00,2.0504623202699386,2.072150081,0.262196214,2.398394861,0.21194446392571514,2.136198647,1.961221672,Normal,Warning,Warning,89.68842729970326,97.3293768545994,97.33,"OCH power is outside normal distribution. Check channel equalization, amplifier tilt and wavelength-specific power drift."
16|/TO_EAST_OCM|4|191500,16,/TO_EAST_OCM,4,191500,344,2000-01-01 00:00:00,2000-01-15 07:00:00,6.971963426197674,9.039390617,4.177264108,9.529968219,2.349905922896717,5.352704111,4.543489518,Warning,Normal,Warning,97.25519287833828,31.008902077151333,97.26,"OCH power is outside normal distribution. Check channel equalization, amplifier tilt and wavelength-specific power drift."
36|/TO_WEST_OCM|11|196100,36,/TO_WEST_OCM,11,196100,163,2000-01-08 13:00:00,2000-01-15 07:00:00,0.46932515337423314,0.47,0.27,0.68,0.08122616523607284,0.41000000000000003,0.49,Normal,Warning,Warning,47.8486646884273,97.25519287833828,97.26,"OCH power is outside normal distribution. Check channel equalization, amplifier tilt and wavelength-specific power drift."
6|/TO_EAST_OCM|4|191400,6,/TO_EAST_OCM,4,191400,344,2000-01-01 00:00:00,2000-01-15 07:00:00,6.841310595197674,8.611471253000001,3.977586618,9.330249479,2.015460323529566,5.352662861000001,4.709945807,Warning,Normal,Warning,97.18100890207715,37.31454005934718,97.18,"OCH power is outside normal distribution. Check channel equalization, amplifier tilt and wavelength-specific power drift."
27|/TO_WEST_OCM|11|196100,27,/TO_WEST_OCM,11,196100,163,2000-01-08 13:00:00,2000-01-15 07:00:00,0.9057055214723926,0.93,0.39,1.47,0.24310737688873224,1.08,1.08,Normal,Warning,Warning,77.70771513353115,97.1439169139466,97.14,"OCH power is outside normal distribution. Check channel equalization, amplifier tilt and wavelength-specific power drift."
45|/TO_EAST_OCM|11|196100,45,/TO_EAST_OCM,11,196100,163,2000-01-08 13:00:00,2000-01-15 07:00:00,0.6085889570552148,0.63,0.39,0.85,0.08656601919789161,0.45999999999999996,0.59,Normal,Warning,Warning,52.040059347181014,97.1439169139466,97.14,"OCH power is outside normal distribution. Check channel equalization, amplifier tilt and wavelength-specific power drift."
4|/TO_EAST_OCM|4|191800,4,/TO_EAST_OCM,4,191800,344,2000-01-01 00:00:00,2000-01-15 07:00:00,7.276446325906977,9.016206629,4.435404528,9.78417926,2.004657151774545,5.348774732,5.160907675,Warning,Normal,Warning,97.10682492581603,21.513353115727007,97.11,"OCH power is outside normal distribution. Check channel equalization, amplifier tilt and wavelength-specific power drift."
2|/D1/OA-W/EGR_OCM|11|191600,2,/D1/OA-W/EGR_OCM,11,191600,344,2000-01-01 00:00:00,2000-01-15 07:00:00,4.55203488372093,6.1,1.7,7.0,1.9798684878295036,5.3,1.9,Warning,Warning,Warning,97.03264094955489,91.28338278931751,97.03,"OCH power is outside normal distribution. Check channel equalization, amplifier tilt and wavelength-specific power drift."
37|/TO_WEST_OCM|11|196100,37,/TO_WEST_OCM,11,196100,163,2000-01-08 13:00:00,2000-01-15 07:00:00,0.5751533742331288,0.56,0.4,0.83,0.0844835861640406,0.42999999999999994,0.56,Normal,Warning,Warning,49.62908011869436,97.03264094955489,97.03,"OCH power is outside normal distribution. Check channel equalization, amplifier tilt and wavelength-specific power drift."
12|/TO_EAST_OCM|4|191600,12,/TO_EAST_OCM,4,191600,344,2000-01-01 00:00:00,2000-01-15 07:00:00,7.156720168148256,8.9172688345,4.259690535,9.541595913,2.0710984109735517,5.281905378,5.03266565,Warning,Normal,Warning,96.95845697329378,27.893175074183972,96.96,"OCH power is outside normal distribution. Check channel equalization, amplifier tilt and wavelength-specific power drift."
31|/TO_WEST_OCM|11|196100,31,/TO_WEST_OCM,11,196100,163,2000-01-08 13:00:00,2000-01-15 07:00:00,0.7815950920245399,0.76,0.42,1.19,0.18221858526305493,0.77,0.97,Normal,Warning,Warning,68.026706231454,96.95845697329378,96.96,"OCH power is outside normal distribution. Check channel equalization, amplifier tilt and wavelength-specific power drift."
10|/D1/OA-W/IGR_OCM|4|191800,10,/D1/OA-W/IGR_OCM,4,191800,344,2000-01-01 00:00:00,2000-01-15 07:00:00,5.563517441860465,7.2,2.74,8.02,1.9434814752378957,5.279999999999999,3.52,Warning,Normal,Warning,96.88427299703264,75.66765578635015,96.88,"OCH power is outside normal distribution. Check channel equalization, amplifier tilt and wavelength-specific power drift."
42|/TO_EAST_OCM|11|196100,42,/TO_EAST_OCM,11,196100,163,2000-01-08 13:00:00,2000-01-15 07:00:00,0.5523926380368098,0.55,0.45,0.69,0.043925222033043,0.23999999999999994,0.54,Normal,Warning,Warning,24.554896142433236,96.88427299703264,96.88,"OCH power is outside normal distribution. Check channel equalization, amplifier tilt and wavelength-specific power drift."
30|/TO_WEST_OCM|11|196100,30,/TO_WEST_OCM,11,196100,163,2000-01-08 13:00:00,2000-01-15 07:00:00,0.9628220858895705,0.96,0.47,1.49,0.21080828925316125,1.02,1.21,Normal,Warning,Warning,76.22403560830861,96.81008902077151,96.81,"OCH power is outside normal distribution. Check channel equalization, amplifier tilt and wavelength-specific power drift."
7|/TO_EAST_OCM|4|191600,7,/TO_EAST_OCM,4,191600,344,2000-01-01 00:00:00,2000-01-15 07:00:00,6.583197674418605,8.28,3.71,8.97,1.9695984425640798,5.260000000000001,4.59,Warning,Normal,Warning,96.81008902077151,45.99406528189911,96.81,"OCH power is outside normal distribution. Check channel equalization, amplifier tilt and wavelength-specific power drift."
12|/TO_EAST_OCM|4|191800,12,/TO_EAST_OCM,4,191800,344,2000-01-01 00:00:00,2000-01-15 07:00:00,7.382373061808139,9.112848475,4.54266565,9.801698741,2.02898124244552,5.259033090999999,5.150517781,Warning,Normal,Warning,96.73590504451039,16.172106824925812,96.74,"OCH power is outside normal distribution. Check channel equalization, amplifier tilt and wavelength-specific power drift."
34|/TO_WEST_OCM|11|193500,34,/TO_WEST_OCM,11,193500,163,2000-01-08 13:00:00,2000-01-15 07:00:00,1.4432792900674847,1.308594295,0.552350004,2.556476925,0.5498607278704551,2.004126921,2.409264091,Normal,Warning,Warning,88.79821958456974,96.73590504451039,96.74,"OCH power is outside normal distribution. Check channel equalization, amplifier tilt and wavelength-specific power drift."
15|/TO_EAST_OCM|4|191900,15,/TO_EAST_OCM,4,191900,344,2000-01-01 00:00:00,2000-01-15 07:00:00,6.629754101648256,8.595800254,3.808920342,9.025374853,2.2512872800944077,5.216454511,4.083412662,Warning,Normal,Warning,96.66172106824926,42.433234421364986,96.66,"OCH power is outside normal distribution. Check channel equalization, amplifier tilt and wavelength-specific power drift."
26|/TO_WEST_OCM|11|193500,26,/TO_WEST_OCM,11,193500,163,2000-01-08 13:00:00,2000-01-15 07:00:00,1.3702614879079755,1.248108186,0.554409025,2.497932901,0.4905244944904193,1.943523876,2.287991376,Normal,Warning,Warning,87.31454005934718,96.66172106824926,96.66,"OCH power is outside normal distribution. Check channel equalization, amplifier tilt and wavelength-specific power drift."
36|/TO_WEST_OCM|11|193500,36,/TO_WEST_OCM,11,193500,163,2000-01-08 13:00:00,2000-01-15 07:00:00,1.5429115968466258,1.374858381,0.720605422,2.697446074,0.5438455032490029,1.9768406520000001,2.682473413,Normal,Warning,Warning,88.13056379821958,96.58753709198812,96.59,"OCH power is outside normal distribution. Check channel equalization, amplifier tilt and wavelength-specific power drift."
8|/TO_EAST_OCM|4|191800,8,/TO_EAST_OCM,4,191800,344,2000-01-01 00:00:00,2000-01-15 07:00:00,6.192730491686047,7.8667717565,3.405715114,8.619267386,1.9472928184591412,5.213552272000001,4.099375409,Warning,Normal,Warning,96.58753709198812,56.30563798219585,96.59,"OCH power is outside normal distribution. Check channel equalization, amplifier tilt and wavelength-specific power drift."
32|/TO_WEST_OCM|11|193500,32,/TO_WEST_OCM,11,193500,163,2000-01-08 13:00:00,2000-01-15 07:00:00,1.5744019427177913,1.411142296,0.742350004,2.696059786,0.5172055751998962,1.9537097820000002,2.589666207,Normal,Warning,Warning,87.3887240356083,96.51335311572701,96.51,"OCH power is outside normal distribution. Check channel equalization, amplifier tilt and wavelength-specific power drift."
6|/TO_EAST_OCM|4|191600,6,/TO_EAST_OCM,4,191600,344,2000-01-01 00:00:00,2000-01-15 07:00:00,6.6647606433023245,8.401760164,3.843310481,9.055793313,1.977244461183362,5.212482832000001,4.587668731,Warning,Normal,Warning,96.51335311572701,41.617210682492576,96.51,"OCH power is outside normal distribution. Check channel equalization, amplifier tilt and wavelength-specific power drift."
11|/TO_EAST_OCM|4|191400,11,/TO_EAST_OCM,4,191400,344,2000-01-01 00:00:00,2000-01-15 07:00:00,7.187246984063953,8.8817288685,4.374781274,9.573808077,1.9991439662891806,5.199026803000001,5.08248613,Warning,Normal,Warning,96.43916913946587,23.73887240356083,96.44,"OCH power is outside normal distribution. Check channel equalization, amplifier tilt and wavelength-specific power drift."
35|/TO_EAST_OCM|11|196100,35,/TO_EAST_OCM,11,196100,163,2000-01-08 13:00:00,2000-01-15 07:00:00,1.248282208588957,1.25,0.85,1.69,0.19117116334284703,0.84,1.2,Normal,Warning,Warning,69.73293768545994,96.43916913946587,96.44,"OCH power is outside normal distribution. Check channel equalization, amplifier tilt and wavelength-specific power drift."
28|/TO_WEST_OCM|11|193500,28,/TO_WEST_OCM,11,193500,163,2000-01-08 13:00:00,2000-01-15 07:00:00,1.6769771709877301,1.530650377,0.893769749,2.765360942,0.49899930656209784,1.871591193,2.667446074,Normal,Warning,Warning,85.83086053412462,96.36498516320475,96.36,"OCH power is outside normal distribution. Check channel equalization, amplifier tilt and wavelength-specific power drift."
4|/TO_EAST_OCM|4|191400,4,/TO_EAST_OCM,4,191400,344,2000-01-01 00:00:00,2000-01-15 07:00:00,7.056143919247093,8.780212354500001,4.273708847,9.46791465,1.9756222713824338,5.194205803000001,4.958435717,Warning,Normal,Warning,96.36498516320475,27.44807121661721,96.36,"OCH power is outside normal distribution. Check channel equalization, amplifier tilt and wavelength-specific power drift."
10|/D2/OA-W/EGR_OCM|4|191800,10,/D2/OA-W/EGR_OCM,4,191800,344,2000-01-01 00:00:00,2000-01-15 07:00:00,6.401686046511627,7.905,3.67,8.85,1.8339411130410155,5.18,4.52,Warning,Normal,Warning,96.29080118694363,47.06973293768546,96.29,"OCH power is outside normal distribution. Check channel equalization, amplifier tilt and wavelength-specific power drift."
6|/TO_WEST_OCM|4|191400,6,/TO_WEST_OCM,4,191400,344,2000-01-01 00:00:00,2000-01-15 07:00:00,2.6336719094156975,2.382878916,0.94338544,4.113469487,1.1001483217787118,3.1700840469999996,3.661457767,Warning,Warning,Warning,90.94955489614243,96.29080118694363,96.29,"OCH power is outside normal distribution. Check channel equalization, amplifier tilt and wavelength-specific power drift."
10|/D1/OA-W/IGR_OCM|4|191400,10,/D1/OA-W/IGR_OCM,4,191400,344,2000-01-01 00:00:00,2000-01-15 07:00:00,5.532180232558139,7.16,2.7,7.87,1.9512509740991775,5.17,3.54,Warning,Normal,Warning,96.2166172106825,75.96439169139467,96.22,"OCH power is outside normal distribution. Check channel equalization, amplifier tilt and wavelength-specific power drift."
30|/TO_WEST_OCM|11|193800,30,/TO_WEST_OCM,11,193800,163,2000-01-08 13:00:00,2000-01-15 07:00:00,1.9153035128404907,1.843735559,0.971424274,2.89919134,0.6335924852527407,1.927767066,2.589972033,Normal,Warning,Warning,86.86943620178042,96.21661721068249,96.22,"OCH power is outside normal distribution. Check channel equalization, amplifier tilt and wavelength-specific power drift."
20|/TO_WEST_OCM|11|193500,20,/TO_WEST_OCM,11,193500,163,2000-01-08 13:00:00,2000-01-15 07:00:00,1.8233400088957055,1.684508091,0.991217955,2.981217955,0.5053316186451489,1.99,2.867932901,Normal,Warning,Warning,88.50148367952522,96.14243323442136,96.14,"OCH power is outside normal distribution. Check channel equalization, amplifier tilt and wavelength-specific power drift."
9|/TO_EAST_OCM|4|191800,9,/TO_EAST_OCM,4,191800,344,2000-01-01 00:00:00,2000-01-15 07:00:00,6.658260935648256,8.286206684,3.902954281,9.057895183,1.9260982862116363,5.154940902,4.737388158,Warning,Normal,Warning,96.14243323442136,39.83679525222552,96.14,"OCH power is outside normal distribution. Check channel equalization, amplifier tilt and wavelength-specific power drift."
10|/D2/OA-W/EGR_OCM|4|191400,10,/D2/OA-W/EGR_OCM,4,191400,344,2000-01-01 00:00:00,2000-01-15 07:00:00,6.611976744186046,8.27,3.79,8.94,1.962715034969545,5.1499999999999995,4.67,Warning,Normal,Warning,96.06824925816024,42.95252225519288,96.07,"OCH power is outside normal distribution. Check channel equalization, amplifier tilt and wavelength-specific power drift."
29|/TO_WEST_OCM|11|192400,29,/TO_WEST_OCM,11,192400,163,2000-01-08 13:00:00,2000-01-15 07:00:00,1.9341717791411042,1.88,1.01,3.08,0.5333875157094666,2.0700000000000003,2.89,Normal,Warning,Warning,89.31750741839762,96.06824925816025,96.07,"OCH power is outside normal distribution. Check channel equalization, amplifier tilt and wavelength-specific power drift."
4|/TO_EAST_OCM|4|191600,4,/TO_EAST_OCM,4,191600,344,2000-01-01 00:00:00,2000-01-15 07:00:00,7.133205059226744,8.8398521095,4.367251169,9.513335819,1.9715401198165945,5.14608465,5.067895183,Warning,Normal,Warning,95.99406528189911,24.258160237388726,95.99,"OCH power is outside normal distribution. Check channel equalization, amplifier tilt and wavelength-specific power drift."
52|/TO_EAST_OCM|11|192000,52,/TO_EAST_OCM,11,192000,163,2000-01-08 13:00:00,2000-01-15 07:00:00,1.4116982687730062,1.384387504,1.041105746,1.777719525,0.17775837887692067,0.736613779,1.382131515,Normal,Warning,Warning,67.06231454005935,95.99406528189911,95.99,"OCH power is outside normal distribution. Check channel equalization, amplifier tilt and wavelength-specific power drift."
16|/TO_EAST_OCM|4|191900,16,/TO_EAST_OCM,4,191900,344,2000-01-01 00:00:00,2000-01-15 07:00:00,7.020272670116279,8.9675474985,4.202113892,9.342096756,2.212207434413624,5.139982864,4.23400008,Warning,Normal,Warning,95.91988130563797,29.67359050445104,95.92,"OCH power is outside normal distribution. Check channel equalization, amplifier tilt and wavelength-specific power drift."
49|/TO_WEST_OCM|11|196100,49,/TO_WEST_OCM,11,196100,163,2000-01-08 13:00:00,2000-01-15 07:00:00,1.2562576687116565,1.25,1.06,1.5,0.08882696377394075,0.43999999999999995,1.35,Normal,Warning,Warning,50.333827893175076,95.91988130563797,95.92,"OCH power is outside normal distribution. Check channel equalization, amplifier tilt and wavelength-specific power drift."
39|/D2/OA-W/EGR_OCM|11|193100,39,/D2/OA-W/EGR_OCM,11,193100,163,2000-01-08 13:00:00,2000-01-15 07:00:00,2.0626993865030676,2.0,1.1,3.08,0.5005442240050387,1.98,3.04,Normal,Warning,Warning,88.27893175074183,95.84569732937686,95.85,"OCH power is outside normal distribution. Check channel equalization, amplifier tilt and wavelength-specific power drift."
8|/TO_EAST_OCM|4|191400,8,/TO_EAST_OCM,4,191400,344,2000-01-01 00:00:00,2000-01-15 07:00:00,6.2366458717441855,7.941696902,3.459153735,8.577439468,1.9682176599054337,5.118285733,4.194585778,Warning,Normal,Warning,95.84569732937686,53.85756676557863,95.85,"OCH power is outside normal distribution. Check channel equalization, amplifier tilt and wavelength-specific power drift."
14|/TO_EAST_OCM|4|191700,14,/TO_EAST_OCM,4,191700,344,2000-01-01 00:00:00,2000-01-15 07:00:00,6.951428920508721,8.981892885499999,4.249264964,9.361575774,2.2837266819172175,5.11231081,4.48522704,Warning,Normal,Warning,95.77151335311572,28.189910979228483,95.77,"OCH power is outside normal distribution. Check channel equalization, amplifier tilt and wavelength-specific power drift."
36|/TO_EAST_OCM|11|196100,36,/TO_EAST_OCM,11,196100,163,2000-01-08 13:00:00,2000-01-15 07:00:00,1.6674846625766873,1.68,1.12,2.11,0.22169477281653607,0.9899999999999998,1.6,Normal,Warning,Warning,74.96290801186943,95.77151335311572,95.77,"OCH power is outside normal distribution. Check channel equalization, amplifier tilt and wavelength-specific power drift."
1|/D1/OA-W/IGR_OCM|11|191800,1,/D1/OA-W/IGR_OCM,11,191800,344,2000-01-01 00:00:00,2000-01-15 07:00:00,6.995639534883721,8.6,4.2,9.3,1.9681009029383436,5.1000000000000005,4.9,Warning,Normal,Warning,95.6973293768546,30.08160237388724,95.7,"OCH power is outside normal distribution. Check channel equalization, amplifier tilt and wavelength-specific power drift."
44|/TO_EAST_OCM|11|196100,44,/TO_EAST_OCM,11,196100,163,2000-01-08 13:00:00,2000-01-15 07:00:00,1.2984049079754603,1.29,1.16,1.45,0.05777699123789524,0.29000000000000004,1.28,Normal,Warning,Warning,33.01186943620178,95.6973293768546,95.7,"OCH power is outside normal distribution. Check channel equalization, amplifier tilt and wavelength-specific power drift."
13|/D2/OA-W/EGR_OCM|4|191500,13,/D2/OA-W/EGR_OCM,4,191500,344,2000-01-01 00:00:00,2000-01-15 07:00:00,6.265872093023256,8.184999999999999,3.55,8.64,2.202501584881498,5.090000000000001,3.68,Warning,Normal,Warning,95.62314540059347,51.07566765578635,95.62,"OCH power is outside normal distribution. Check channel equalization, amplifier tilt and wavelength-specific power drift."
32|/TO_WEST_OCM|11|196100,32,/TO_WEST_OCM,11,196100,163,2000-01-08 13:00:00,2000-01-15 07:00:00,1.482760736196319,1.49,1.17,1.81,0.15064998409590538,0.6400000000000001,1.56,Normal,Warning,Warning,62.68545994065282,95.62314540059347,95.62,"OCH power is outside normal distribution. Check channel equalization, amplifier tilt and wavelength-specific power drift."
10|/D1/OA-W/IGR_OCM|4|191600,10,/D1/OA-W/IGR_OCM,4,191600,344,2000-01-01 00:00:00,2000-01-15 07:00:00,5.799796511627907,7.385,3.02,8.1,1.8883763567134093,5.08,3.7,Warning,Normal,Warning,95.54896142433235,68.21216617210682,95.55,"OCH power is outside normal distribution. Check channel equalization, amplifier tilt and wavelength-specific power drift."
22|/TO_WEST_OCM|11|192000,22,/TO_WEST_OCM,11,192000,163,2000-01-08 13:00:00,2000-01-15 07:00:00,3.3893964073128835,3.443161284,1.192515698,4.453037959,0.2594236794048417,3.260522261,3.639306099,Warning,Warning,Warning,91.02373887240356,95.54896142433235,95.55,"OCH power is outside normal distribution. Check channel equalization, amplifier tilt and wavelength-specific power drift."
38|/TO_WEST_OCM|11|193500,38,/TO_WEST_OCM,11,193500,163,2000-01-08 13:00:00,2000-01-15 07:00:00,2.003515553214724,1.847997858,1.200113355,3.161103621,0.5509813020777988,1.960990266,3.038595405,Normal,Warning,Warning,87.83382789317507,95.47477744807121,95.47,"OCH power is outside normal distribution. Check channel equalization, amplifier tilt and wavelength-specific power drift."
9|/TO_EAST_OCM|4|191400,9,/TO_EAST_OCM,4,191400,344,2000-01-01 00:00:00,2000-01-15 07:00:00,6.430700151729652,8.0804269945,3.693820397,8.756097868,1.9385666816285272,5.062277471,4.427371947,Warning,Normal,Warning,95.47477744807121,46.29080118694362,95.47,"OCH power is outside normal distribution. Check channel equalization, amplifier tilt and wavelength-specific power drift."
29|/TO_WEST_OCM|11|192300,29,/TO_WEST_OCM,11,192300,163,2000-01-08 13:00:00,2000-01-15 07:00:00,2.1808588957055215,2.03,1.24,3.24,0.5407064409412153,2.0,3.22,Normal,Warning,Warning,88.64985163204749,95.4005934718101,95.4,"OCH power is outside normal distribution. Check channel equalization, amplifier tilt and wavelength-specific power drift."
3|/D1/OA-W/IGR_OCM|4|191900,3,/D1/OA-W/IGR_OCM,4,191900,344,2000-01-01 00:00:00,2000-01-15 07:00:00,5.74796511627907,7.13,3.03,8.09,1.9041118431741386,5.0600000000000005,3.42,Warning,Normal,Warning,95.4005934718101,67.87833827893175,95.4,"OCH power is outside normal distribution. Check channel equalization, amplifier tilt and wavelength-specific power drift."
22|/TO_WEST_OCM|11|193500,22,/TO_WEST_OCM,11,193500,163,2000-01-08 13:00:00,2000-01-15 07:00:00,2.0756857409141105,1.945469677,1.240605422,3.197446074,0.5020292432570146,1.9568406520000001,3.197446074,Normal,Warning,Warning,87.46290801186943,95.32640949554896,95.33,"OCH power is outside normal distribution. Check channel equalization, amplifier tilt and wavelength-specific power drift."
8|/TO_EAST_OCM|4|191600,8,/TO_EAST_OCM,4,191600,344,2000-01-01 00:00:00,2000-01-15 07:00:00,6.371838743857558,8.019957588,3.625104087,8.647264108,1.9114657320081954,5.0221600209999995,4.413820397,Warning,Normal,Warning,95.32640949554896,48.219584569732945,95.33,"OCH power is outside normal distribution. Check channel equalization, amplifier tilt and wavelength-specific power drift."
13|/D1/OA-W/IGR_OCM|4|191500,13,/D1/OA-W/IGR_OCM,4,191500,344,2000-01-01 00:00:00,2000-01-15 07:00:00,5.788604651162791,7.68,3.13,8.13,2.201323435909106,5.000000000000001,3.29,Warning,Normal,Warning,95.25222551928783,64.57715133531157,95.25,"OCH power is outside normal distribution. Check channel equalization, amplifier tilt and wavelength-specific power drift."
23|/TO_WEST_OCM|11|196100,23,/TO_WEST_OCM,11,196100,163,2000-01-08 13:00:00,2000-01-15 07:00:00,1.6361349693251535,1.6,1.25,2.07,0.22147743288148042,0.8199999999999998,1.93,Normal,Warning,Warning,69.3620178041543,95.25222551928783,95.25,"OCH power is outside normal distribution. Check channel equalization, amplifier tilt and wavelength-specific power drift."
10|/D2/OA-W/EGR_OCM|4|191600,10,/D2/OA-W/EGR_OCM,4,191600,344,2000-01-01 00:00:00,2000-01-15 07:00:00,6.53125,8.11,3.77,8.77,1.89178395645509,5.0,4.66,Warning,Normal,Warning,95.17804154302671,43.65727002967359,95.18,"OCH power is outside normal distribution. Check channel equalization, amplifier tilt and wavelength-specific power drift."
52|/TO_EAST_OCM|11|194400,52,/TO_EAST_OCM,11,194400,163,2000-01-08 13:00:00,2000-01-15 07:00:00,1.5218814836564418,1.531952264,1.250988238,1.764493096,0.10321391446599949,0.5135048580000001,1.351567617,Normal,Warning,Warning,55.41543026706231,95.17804154302671,95.18,"OCH power is outside normal distribution. Check channel equalization, amplifier tilt and wavelength-specific power drift."
11|/TO_EAST_OCM|4|191600,11,/TO_EAST_OCM,4,191600,344,2000-01-01 00:00:00,2000-01-15 07:00:00,7.043149214665697,8.6717462125,4.284764938,9.275536193,1.9013865511277184,4.990771255,5.159375409,Warning,Normal,Warning,95.10385756676558,27.299703264094955,95.1,"OCH power is outside normal distribution. Check channel equalization, amplifier tilt and wavelength-specific power drift."
51|/TO_WEST_OCM|11|196100,51,/TO_WEST_OCM,11,196100,163,2000-01-08 13:00:00,2000-01-15 07:00:00,1.4153374233128833,1.41,1.26,1.56,0.0620859838717218,0.30000000000000004,1.27,Normal,Warning,Warning,34.86646884272997,95.10385756676558,95.1,"OCH power is outside normal distribution. Check channel equalization, amplifier tilt and wavelength-specific power drift."
17|/TO_EAST_OCM|4|191700,17,/TO_EAST_OCM,4,191700,344,2000-01-01 00:00:00,2000-01-15 07:00:00,6.260800595491279,8.09503353,3.603236014,8.58417926,2.116076812550252,4.980943246000001,3.953526719,Warning,Normal,Warning,95.02967359050444,49.25816023738873,95.03,"OCH power is outside normal distribution. Check channel equalization, amplifier tilt and wavelength-specific power drift."
31|/TO_WEST_OCM|11|193800,31,/TO_WEST_OCM,11,193800,163,2000-01-08 13:00:00,2000-01-15 07:00:00,2.2284995068834355,2.16992067,1.26992067,3.062242244,0.6270049212994409,1.792321574,2.86703648,Normal,Warning,Warning,84.71810089020771,95.02967359050444,95.03,"OCH power is outside normal distribution. Check channel equalization, amplifier tilt and wavelength-specific power drift."
38|/TO_WEST_OCM|11|196100,38,/TO_WEST_OCM,11,196100,163,2000-01-08 13:00:00,2000-01-15 07:00:00,1.3659509202453988,1.37,1.27,1.47,0.039167857142030825,0.19999999999999996,1.43,Normal,Warning,Warning,17.247774480712167,94.95548961424333,94.96,"OCH power is outside normal distribution. Check channel equalization, amplifier tilt and wavelength-specific power drift."
3|/D1/OA-W/IGR_OCM|4|191500,3,/D1/OA-W/IGR_OCM,4,191500,344,2000-01-01 00:00:00,2000-01-15 07:00:00,5.783517441860465,7.154999999999999,3.08,8.04,1.834821623582371,4.959999999999999,3.49,Warning,Normal,Warning,94.8813056379822,66.61721068249258,94.88,"OCH power is outside normal distribution. Check channel equalization, amplifier tilt and wavelength-specific power drift."
41|/TO_EAST_OCM|11|196100,41,/TO_EAST_OCM,11,196100,163,2000-01-08 13:00:00,2000-01-15 07:00:00,1.4522699386503068,1.45,1.33,1.53,0.036738996227760175,0.19999999999999996,1.45,Normal,Warning,Warning,17.247774480712167,94.8813056379822,94.88,"OCH power is outside normal distribution. Check channel equalization, amplifier tilt and wavelength-specific power drift."
53|/TO_EAST_OCM|11|192000,53,/TO_EAST_OCM,11,192000,163,2000-01-08 13:00:00,2000-01-15 07:00:00,1.7916785552453989,1.752498871,1.34768165,2.237689791,0.18320239158213936,0.8900081410000003,1.601036083,Normal,Warning,Warning,71.95845697329378,94.80712166172107,94.81,"OCH power is outside normal distribution. Check channel equalization, amplifier tilt and wavelength-specific power drift."
9|/TO_EAST_OCM|4|191600,9,/TO_EAST_OCM,4,191600,344,2000-01-01 00:00:00,2000-01-15 07:00:00,6.624388941622093,8.222619642,3.964764938,8.897158881,1.8755258063233555,4.932393942999999,4.704020698,Warning,Normal,Warning,94.80712166172107,37.98219584569733,94.81,"OCH power is outside normal distribution. Check channel equalization, amplifier tilt and wavelength-specific power drift."
15|/TO_EAST_OCM|4|191700,15,/TO_EAST_OCM,4,191700,344,2000-01-01 00:00:00,2000-01-15 07:00:00,6.459763811860466,8.3708938985,3.8594074,8.767250533,2.1679905613844888,4.907843133,4.033227937,Warning,Normal,Warning,94.73293768545994,41.246290801186944,94.73,"OCH power is outside normal distribution. Check channel equalization, amplifier tilt and wavelength-specific power drift."
52|/TO_EAST_OCM|11|193300,52,/TO_EAST_OCM,11,193300,163,2000-01-08 13:00:00,2000-01-15 07:00:00,1.6409577118957055,1.611035127,1.354348625,1.964409025,0.14705026267152013,0.6100603999999998,1.524603946,Normal,Warning,Warning,60.90504451038575,94.73293768545994,94.73,"OCH power is outside normal distribution. Check channel equalization, amplifier tilt and wavelength-specific power drift."
11|/TO_EAST_OCM|4|191800,11,/TO_EAST_OCM,4,191800,344,2000-01-01 00:00:00,2000-01-15 07:00:00,7.163838095171513,8.6995217495,4.547546772,9.434125656,1.8475086272014531,4.886578884000001,5.225383934,Warning,Normal,Warning,94.65875370919882,16.09792284866469,94.66,"OCH power is outside normal distribution. Check channel equalization, amplifier tilt and wavelength-specific power drift."
27|/TO_WEST_OCM|11|193800,27,/TO_WEST_OCM,11,193800,163,2000-01-08 13:00:00,2000-01-15 07:00:00,2.3317861098466257,2.277997857,1.354858381,3.227446074,0.6180229143782647,1.872587693,2.945469677,Normal,Warning,Warning,85.90504451038575,94.65875370919882,94.66,"OCH power is outside normal distribution. Check channel equalization, amplifier tilt and wavelength-specific power drift."
16|/TO_EAST_OCM|4|191700,16,/TO_EAST_OCM,4,191700,344,2000-01-01 00:00:00,2000-01-15 07:00:00,6.935444989296513,8.7774532295,4.369628443,9.219560169,2.1083885243297753,4.849931725999999,4.607071724,Warning,Normal,Warning,94.58456973293768,24.109792284866472,94.58,"OCH power is outside normal distribution. Check channel equalization, amplifier tilt and wavelength-specific power drift."
33|/TO_WEST_OCM|11|192400,33,/TO_WEST_OCM,11,192400,163,2000-01-08 13:00:00,2000-01-15 07:00:00,2.352760736196319,2.31,1.36,3.41,0.5552280015970734,2.05,3.26,Normal,Warning,Warning,89.2433234421365,94.58456973293768,94.58,"OCH power is outside normal distribution. Check channel equalization, amplifier tilt and wavelength-specific power drift."
26|/TO_WEST_OCM|11|193800,26,/TO_WEST_OCM,11,193800,163,2000-01-08 13:00:00,2000-01-15 07:00:00,2.260350089969325,2.249264091,1.362473413,3.388358706,0.613881313590534,2.025885293,2.830113355,Normal,Warning,Warning,89.16913946587538,94.51038575667656,94.51,"OCH power is outside normal distribution. Check channel equalization, amplifier tilt and wavelength-specific power drift."
5|/TO_EAST_OCM|4|191900,5,/TO_EAST_OCM,4,191900,344,2000-01-01 00:00:00,2000-01-15 07:00:00,6.9137223121308145,8.7665109735,4.061689273,8.893948108,2.016764222417719,4.832258835,4.71754657,Warning,Normal,Warning,94.51038575667656,35.01483679525222,94.51,"OCH power is outside normal distribution. Check channel equalization, amplifier tilt and wavelength-specific power drift."
13|/D2/OA-W/EGR_OCM|4|191900,13,/D2/OA-W/EGR_OCM,4,191900,344,2000-01-01 00:00:00,2000-01-15 07:00:00,6.29343023255814,8.114999999999998,3.72,8.54,2.071764330512146,4.8199999999999985,4.0,Warning,Normal,Warning,94.43620178041543,45.73442136498517,94.44,"OCH power is outside normal distribution. Check channel equalization, amplifier tilt and wavelength-specific power drift."
43|/TO_WEST_OCM|11|191400,43,/TO_WEST_OCM,11,191400,163,2000-01-08 13:00:00,2000-01-15 07:00:00,1.5258060309263803,1.524426028,1.363071525,1.705550099,0.08009096879859992,0.34247857400000004,1.44994428,Normal,Warning,Warning,41.76557863501484,94.43620178041543,94.44,"OCH power is outside normal distribution. Check channel equalization, amplifier tilt and wavelength-specific power drift."
44|/TO_WEST_OCM|11|193300,44,/TO_WEST_OCM,11,193300,163,2000-01-08 13:00:00,2000-01-15 07:00:00,1.4937537084417178,1.493020608,1.380650377,1.60992067,0.049835077126854345,0.2292702929999999,1.520113355,Normal,Warning,Warning,22.032640949554896,94.3620178041543,94.36,"OCH power is outside normal distribution. Check channel equalization, amplifier tilt and wavelength-specific power drift."
9|/TO_EAST_OCM|4|191900,9,/TO_EAST_OCM,4,191900,344,2000-01-01 00:00:00,2000-01-15 07:00:00,5.862464997630814,7.808855722,3.411839469,8.121293539,2.1591074917716035,4.70945407,3.521781129,Warning,Normal,Warning,94.3620178041543,56.23145400593472,94.36,"OCH power is outside normal distribution. Check channel equalization, amplifier tilt and wavelength-specific power drift."
2|/D1/OA-W/EGR_OCM|11|191400,2,/D1/OA-W/EGR_OCM,11,191400,344,2000-01-01 00:00:00,2000-01-15 07:00:00,5.005813953488372,6.2,2.4,7.1,1.6802474238989369,4.699999999999999,2.8,Warning,Normal,Warning,94.28783382789318,81.30563798219585,94.29,"OCH power is outside normal distribution. Check channel equalization, amplifier tilt and wavelength-specific power drift."
6|/TO_WEST_OCM|4|191900,6,/TO_WEST_OCM,4,191900,344,2000-01-01 00:00:00,2000-01-15 07:00:00,2.5208558635552323,2.0926342515,1.382689366,3.888477627,0.8213196418206277,2.505788261,3.300669248,Warning,Warning,Warning,90.57863501483679,94.28783382789318,94.29,"OCH power is outside normal distribution. Check channel equalization, amplifier tilt and wavelength-specific power drift."
43|/TO_WEST_OCM|11|193500,43,/TO_WEST_OCM,11,193500,163,2000-01-08 13:00:00,2000-01-15 07:00:00,1.7728751381717793,1.772894538,1.388782051,2.28356971,0.07307148746740845,0.8947876590000001,1.705276881,Normal,Warning,Warning,72.18100890207715,94.21364985163206,94.21,"OCH power is outside normal distribution. Check channel equalization, amplifier tilt and wavelength-specific power drift."
13|/D1/OA-W/IGR_OCM|4|191900,13,/D1/OA-W/IGR_OCM,4,191900,344,2000-01-01 00:00:00,2000-01-15 07:00:00,6.272906976744187,8.1,3.77,8.44,2.0637195700057345,4.67,4.04,Warning,Normal,Warning,94.13946587537092,43.65727002967359,94.14,"OCH power is outside normal distribution. Check channel equalization, amplifier tilt and wavelength-specific power drift."
53|/TO_EAST_OCM|11|193300,53,/TO_EAST_OCM,11,193300,163,2000-01-08 13:00:00,2000-01-15 07:00:00,1.6729073490429447,1.65183491,1.394652924,1.985079459,0.1559113966309053,0.590426535,1.727803311,Normal,Warning,Warning,59.495548961424326,94.13946587537092,94.14,"OCH power is outside normal distribution. Check channel equalization, amplifier tilt and wavelength-specific power drift."
8|/TO_EAST_OCM|4|191900,8,/TO_EAST_OCM,4,191900,344,2000-01-01 00:00:00,2000-01-15 07:00:00,5.4098592434593025,7.3832114485,2.931975539,7.592547569,2.1722172870093854,4.660572029999999,3.101961942,Warning,Normal,Warning,94.06528189910979,70.4005934718101,94.07,"OCH power is outside normal distribution. Check channel equalization, amplifier tilt and wavelength-specific power drift."
39|/D2/OA-W/EGR_OCM|11|192300,39,/D2/OA-W/EGR_OCM,11,192300,163,2000-01-08 13:00:00,2000-01-15 07:00:00,2.3205521472392636,2.22,1.4,3.4,0.5535065007187843,2.0,3.33,Normal,Warning,Warning,88.64985163204749,94.02818991097924,94.03,"OCH power is outside normal distribution. Check channel equalization, amplifier tilt and wavelength-specific power drift."
53|/TO_WEST_OCM|11|196100,53,/TO_WEST_OCM,11,196100,163,2000-01-08 13:00:00,2000-01-15 07:00:00,1.5542331288343558,1.55,1.4,1.69,0.04846910312182301,0.29000000000000004,1.4,Normal,Warning,Warning,33.01186943620178,94.02818991097924,94.03,"OCH power is outside normal distribution. Check channel equalization, amplifier tilt and wavelength-specific power drift."
12|/TO_EAST_OCM|4|191500,12,/TO_EAST_OCM,4,191500,344,2000-01-01 00:00:00,2000-01-15 07:00:00,6.898126601325582,8.727319662500001,4.448553864,9.095211099,2.0689347331111114,4.646657235,4.696135684,Warning,Normal,Warning,93.91691394658753,20.62314540059347,93.92,"OCH power is outside normal distribution. Check channel equalization, amplifier tilt and wavelength-specific power drift."
35|/TO_WEST_OCM|11|193800,35,/TO_WEST_OCM,11,193800,163,2000-01-08 13:00:00,2000-01-15 07:00:00,2.366253115779141,2.186145317,1.420988238,3.19529803,0.6242611753760651,1.774309792,3.018949957,Normal,Warning,Warning,84.19881305637982,93.91691394658753,93.92,"OCH power is outside normal distribution. Check channel equalization, amplifier tilt and wavelength-specific power drift."
1|/D1/OA-W/IGR_OCM|11|191600,1,/D1/OA-W/IGR_OCM,11,191600,344,2000-01-01 00:00:00,2000-01-15 07:00:00,6.173255813953488,7.6,3.6,8.2,1.8366958810432725,4.6,3.9,Warning,Normal,Warning,93.84272997032642,49.36943620178042,93.84,"OCH power is outside normal distribution. Check channel equalization, amplifier tilt and wavelength-specific power drift."
52|/TO_EAST_OCM|11|191400,52,/TO_EAST_OCM,11,191400,163,2000-01-08 13:00:00,2000-01-15 07:00:00,1.7808990090306749,1.788068953,1.42400993,2.17992067,0.152652228160647,0.75591074,1.656825655,Normal,Warning,Warning,67.65578635014838,93.84272997032642,93.84,"OCH power is outside normal distribution. Check channel equalization, amplifier tilt and wavelength-specific power drift."
13|/D2/OA-W/EGR_OCM|4|191700,13,/D2/OA-W/EGR_OCM,4,191700,344,2000-01-01 00:00:00,2000-01-15 07:00:00,6.073895348837209,7.785,3.68,8.25,1.9650097962148427,4.57,3.89,Warning,Normal,Warning,93.76854599406528,46.624629080118694,93.77,"OCH power is outside normal distribution. Check channel equalization, amplifier tilt and wavelength-specific power drift."
44|/TO_WEST_OCM|11|193500,44,/TO_WEST_OCM,11,193500,163,2000-01-08 13:00:00,2000-01-15 07:00:00,1.5467299192699386,1.550113355,1.441583708,1.692131515,0.04786069302681326,0.250547807,1.522473413,Normal,Warning,Warning,26.3353115727003,93.76854599406528,93.77,"OCH power is outside normal distribution. Check channel equalization, amplifier tilt and wavelength-specific power drift."
11|/TO_EAST_OCM|4|191900,11,/TO_EAST_OCM,4,191900,344,2000-01-01 00:00:00,2000-01-15 07:00:00,6.17888650593314,7.973057213500001,3.741382659,8.283852405,2.024718642135901,4.542469745999999,3.97137948,Warning,Normal,Warning,93.69436201780415,44.881305637982194,93.69,"OCH power is outside normal distribution. Check channel equalization, amplifier tilt and wavelength-specific power drift."
37|/TO_WEST_OCM|11|193800,37,/TO_WEST_OCM,11,193800,163,2000-01-08 13:00:00,2000-01-15 07:00:00,2.3964756861288343,2.241424274,1.446825655,3.240988238,0.6545788266897362,1.7941625829999999,3.01992067,Normal,Warning,Warning,84.79228486646885,93.69436201780415,93.69,"OCH power is outside normal distribution. Check channel equalization, amplifier tilt and wavelength-specific power drift."
37|/TO_EAST_OCM|11|194400,37,/TO_EAST_OCM,11,194400,163,2000-01-08 13:00:00,2000-01-15 07:00:00,2.068904734404908,2.148068953,1.44703648,2.336242737,0.21569429601064016,0.8892062570000001,1.973104169,Normal,Warning,Warning,71.81008902077151,93.62017804154303,93.62,"OCH power is outside normal distribution. Check channel equalization, amplifier tilt and wavelength-specific power drift."
4|/TO_EAST_OCM|4|191900,4,/TO_EAST_OCM,4,191900,344,2000-01-01 00:00:00,2000-01-15 07:00:00,6.26117482884593,8.2578351575,3.861509068,8.397198109,2.162957422575098,4.5356890409999995,3.891491797,Warning,Normal,Warning,93.62017804154303,41.17210682492581,93.62,"OCH power is outside normal distribution. Check channel equalization, amplifier tilt and wavelength-specific power drift."
39|/D2/OA-W/EGR_OCM|11|192400,39,/D2/OA-W/EGR_OCM,11,192400,163,2000-01-08 13:00:00,2000-01-15 07:00:00,2.3013496932515336,2.17,1.45,3.43,0.5677207139593792,1.9800000000000002,3.3,Normal,Warning,Warning,88.35311572700296,93.5459940652819,93.55,"OCH power is outside normal distribution. Check channel equalization, amplifier tilt and wavelength-specific power drift."
3|/D1/OA-W/IGR_OCM|4|191600,3,/D1/OA-W/IGR_OCM,4,191600,344,2000-01-01 00:00:00,2000-01-15 07:00:00,5.482267441860466,6.66,3.1,7.58,1.6494506828300393,4.48,3.31,Warning,Normal,Warning,93.50890207715133,65.76409495548961,93.51,"OCH power is outside normal distribution. Check channel equalization, amplifier tilt and wavelength-specific power drift."
3|/D1/OA-W/IGR_OCM|4|191800,3,/D1/OA-W/IGR_OCM,4,191800,344,2000-01-01 00:00:00,2000-01-15 07:00:00,5.793720930232558,6.98,3.44,7.92,1.6563932481288803,4.48,3.62,Warning,Normal,Warning,93.50890207715133,54.59940652818991,93.51,"OCH power is outside normal distribution. Check channel equalization, amplifier tilt and wavelength-specific power drift."
51|/TO_EAST_OCM|11|194400,51,/TO_EAST_OCM,11,194400,163,2000-01-08 13:00:00,2000-01-15 07:00:00,1.7735833114846624,1.790358363,1.4586469,2.051108962,0.10864099844905506,0.5924620619999998,1.631567617,Normal,Warning,Warning,59.56973293768546,93.47181008902076,93.47,"OCH power is outside normal distribution. Check channel equalization, amplifier tilt and wavelength-specific power drift."
13|/D1/OA-W/IGR_OCM|4|191700,13,/D1/OA-W/IGR_OCM,4,191700,344,2000-01-01 00:00:00,2000-01-15 07:00:00,6.059069767441861,7.765,3.68,8.15,1.9651267975363018,4.470000000000001,3.91,Warning,Normal,Warning,93.39762611275965,46.624629080118694,93.4,"OCH power is outside normal distribution. Check channel equalization, amplifier tilt and wavelength-specific power drift."
37|/TO_EAST_OCM|11|193300,37,/TO_EAST_OCM,11,193300,163,2000-01-08 13:00:00,2000-01-15 07:00:00,2.0659167762883435,2.126476925,1.459666207,2.333735559,0.208228713315453,0.874069352,2.235298031,Normal,Warning,Warning,71.2166172106825,93.39762611275965,93.4,"OCH power is outside normal distribution. Check channel equalization, amplifier tilt and wavelength-specific power drift."
3|/D1/OA-W/IGR_OCM|4|191700,3,/D1/OA-W/IGR_OCM,4,191700,344,2000-01-01 00:00:00,2000-01-15 07:00:00,5.790029069767442,6.835,3.44,7.82,1.5211821202223845,4.380000000000001,3.96,Warning,Normal,Warning,93.32344213649851,54.59940652818991,93.32,"OCH power is outside normal distribution. Check channel equalization, amplifier tilt and wavelength-specific power drift."
29|/TO_WEST_OCM|11|193500,29,/TO_WEST_OCM,11,193500,163,2000-01-08 13:00:00,2000-01-15 07:00:00,2.246687116564417,2.1,1.46,3.33,0.5075115460764356,1.87,3.31,Normal,Warning,Warning,85.7566765578635,93.28635014836794,93.29,"OCH power is outside normal distribution. Check channel equalization, amplifier tilt and wavelength-specific power drift."
33|/TO_WEST_OCM|11|192300,33,/TO_WEST_OCM,11,192300,163,2000-01-08 13:00:00,2000-01-15 07:00:00,2.3650306748466257,2.31,1.46,3.4,0.5455842651793306,1.94,3.34,Normal,Warning,Warning,87.12908011869436,93.28635014836794,93.29,"OCH power is outside normal distribution. Check channel equalization, amplifier tilt and wavelength-specific power drift."
5|/TO_EAST_OCM|4|191700,5,/TO_EAST_OCM,4,191700,344,2000-01-01 00:00:00,2000-01-15 07:00:00,7.253767826412791,9.085148068,4.949239514,9.315656194,2.020059697708477,4.36641668,5.050306562,Warning,Normal,Warning,93.24925816023739,7.121661721068251,93.25,"OCH power is outside normal distribution. Check channel equalization, amplifier tilt and wavelength-specific power drift."
12|/TO_EAST_OCM|4|191900,12,/TO_EAST_OCM,4,191900,344,2000-01-01 00:00:00,2000-01-15 07:00:00,6.753893064122093,8.4895439375,4.442585734,8.791293539,1.956841547846081,4.348707805,4.683804127,Warning,Normal,Warning,93.17507418397626,20.845697329376854,93.18,"OCH power is outside normal distribution. Check channel equalization, amplifier tilt and wavelength-specific power drift."
53|/TO_EAST_OCM|11|193500,53,/TO_EAST_OCM,11,193500,163,2000-01-08 13:00:00,2000-01-15 07:00:00,1.8008861781165644,1.797744057,1.477744057,2.144355834,0.14909271384019981,0.6666117770000002,1.641221672,Normal,Warning,Warning,64.02077151335311,93.17507418397626,93.18,"OCH power is outside normal distribution. Check channel equalization, amplifier tilt and wavelength-specific power drift."
30|/TO_EAST_OCM|11|196100,30,/TO_EAST_OCM,11,196100,163,2000-01-08 13:00:00,2000-01-15 07:00:00,1.8490184049079754,1.88,1.49,2.22,0.17603736529542802,0.7300000000000002,1.68,Normal,Warning,Warning,66.98813056379822,93.10089020771514,93.1,"OCH power is outside normal distribution. Check channel equalization, amplifier tilt and wavelength-specific power drift."
5|/TO_EAST_OCM|4|191500,5,/TO_EAST_OCM,4,191500,344,2000-01-01 00:00:00,2000-01-15 07:00:00,7.245538079276162,9.0874412825,4.959264964,9.269401283,2.0178696620514702,4.310136319000001,5.085481282,Warning,Normal,Warning,93.10089020771514,6.824925816023741,93.1,"OCH power is outside normal distribution. Check channel equalization, amplifier tilt and wavelength-specific power drift."
1|/D1/OA-W/IGR_OCM|11|191400,1,/D1/OA-W/IGR_OCM,11,191400,344,2000-01-01 00:00:00,2000-01-15 07:00:00,6.564534883720929,7.7,4.1,8.4,1.5379621191138424,4.300000000000001,4.5,Warning,Normal,Warning,93.026706231454,33.56824925816023,93.03,"OCH power is outside normal distribution. Check channel equalization, amplifier tilt and wavelength-specific power drift."
4|/TO_WEST_OCM|4|191700,4,/TO_WEST_OCM,4,191700,344,2000-01-01 00:00:00,2000-01-15 07:00:00,3.3016065152994187,3.064071275,1.493024358,4.47675698,0.6511312344078504,2.9837326220000002,3.797684719,Warning,Warning,Warning,90.80118694362018,93.026706231454,93.03,"OCH power is outside normal distribution. Check channel equalization, amplifier tilt and wavelength-specific power drift."
11|/TO_EAST_OCM|4|191500,11,/TO_EAST_OCM,4,191500,344,2000-01-01 00:00:00,2000-01-15 07:00:00,6.813242255523256,8.4808010595,4.585211099,8.835211099,1.9050179498280086,4.25,4.743942898,Warning,Normal,Warning,92.95252225519289,15.133531157270031,92.95,"OCH power is outside normal distribution. Check channel equalization, amplifier tilt and wavelength-specific power drift."
52|/TO_EAST_OCM|11|193500,52,/TO_EAST_OCM,11,193500,163,2000-01-08 13:00:00,2000-01-15 07:00:00,1.7916580145460124,1.774387504,1.504348625,2.117803311,0.1416634617179665,0.6134546859999999,1.647689792,Normal,Warning,Warning,61.05341246290801,92.95252225519289,92.95,"OCH power is outside normal distribution. Check channel equalization, amplifier tilt and wavelength-specific power drift."
12|/TO_EAST_OCM|4|191700,12,/TO_EAST_OCM,4,191700,344,2000-01-01 00:00:00,2000-01-15 07:00:00,7.026296971744186,8.654357642,4.82728493,9.063308922,1.8651520271217872,4.236023991999999,5.110071026,Warning,Normal,Warning,92.87833827893175,9.050445103857562,92.88,"OCH power is outside normal distribution. Check channel equalization, amplifier tilt and wavelength-specific power drift."
20|/TO_WEST_OCM|11|196100,20,/TO_WEST_OCM,11,196100,163,2000-01-08 13:00:00,2000-01-15 07:00:00,1.9167484662576688,1.92,1.51,2.37,0.1905867594651726,0.8600000000000001,2.0,Normal,Warning,Warning,70.47477744807121,92.87833827893175,92.88,"OCH power is outside normal distribution. Check channel equalization, amplifier tilt and wavelength-specific power drift."
39|/D2/OA-W/EGR_OCM|11|193500,39,/D2/OA-W/EGR_OCM,11,193500,163,2000-01-08 13:00:00,2000-01-15 07:00:00,2.3890184049079757,2.19,1.53,3.55,0.5699926518087394,2.0199999999999996,3.44,Normal,Warning,Warning,89.09495548961425,92.80415430267063,92.8,"OCH power is outside normal distribution. Check channel equalization, amplifier tilt and wavelength-specific power drift."
7|/TO_EAST_OCM|4|191700,7,/TO_EAST_OCM,4,191700,344,2000-01-01 00:00:00,2000-01-15 07:00:00,6.3923837209302325,8.1,4.2,8.42,1.916133927579766,4.22,4.36,Warning,Normal,Warning,92.80415430267063,30.08160237388724,92.8,"OCH power is outside normal distribution. Check channel equalization, amplifier tilt and wavelength-specific power drift."
34|/TO_WEST_OCM|11|193800,34,/TO_WEST_OCM,11,193800,163,2000-01-08 13:00:00,2000-01-15 07:00:00,2.497676080736196,2.305469677,1.566125474,3.321424274,0.6014407153564068,1.7552988,3.258358706,Normal,Warning,Warning,83.9020771513353,92.7299703264095,92.73,"OCH power is outside normal distribution. Check channel equalization, amplifier tilt and wavelength-specific power drift."
7|/TO_EAST_OCM|4|191500,7,/TO_EAST_OCM,4,191500,344,2000-01-01 00:00:00,2000-01-15 07:00:00,6.440668604651163,8.19,4.24,8.44,1.9387054577619758,4.199999999999999,4.45,Warning,Normal,Warning,92.7299703264095,28.449554896142438,92.73,"OCH power is outside normal distribution. Check channel equalization, amplifier tilt and wavelength-specific power drift."
36|/TO_WEST_OCM|11|193800,36,/TO_WEST_OCM,11,193800,163,2000-01-08 13:00:00,2000-01-15 07:00:00,2.494887063417178,2.356059786,1.566476925,3.346476925,0.6333790136818548,1.7800000000000002,3.162860493,Normal,Warning,Warning,84.49554896142433,92.65578635014838,92.66,"OCH power is outside normal distribution. Check channel equalization, amplifier tilt and wavelength-specific power drift."
3|/D1/OA-W/IGR_OCM|4|191400,3,/D1/OA-W/IGR_OCM,4,191400,344,2000-01-01 00:00:00,2000-01-15 07:00:00,5.8123837209302325,6.875,3.54,7.73,1.4977022686652803,4.19,3.77,Warning,Normal,Warning,92.65578635014838,51.37240356083086,92.66,"OCH power is outside normal distribution. Check channel equalization, amplifier tilt and wavelength-specific power drift."
51|/TO_EAST_OCM|11|193300,51,/TO_EAST_OCM,11,193300,163,2000-01-08 13:00:00,2000-01-15 07:00:00,1.8219362499754599,1.801217955,1.568108186,2.118595405,0.1455340929893581,0.5504872190000003,1.759666207,Normal,Warning,Warning,57.64094955489614,92.58160237388724,92.58,"OCH power is outside normal distribution. Check channel equalization, amplifier tilt and wavelength-specific power drift."
7|/TO_EAST_OCM|4|191900,7,/TO_EAST_OCM,4,191900,344,2000-01-01 00:00:00,2000-01-15 07:00:00,6.2195348837209306,7.96,3.99,8.18,1.9401711066238037,4.1899999999999995,4.05,Warning,Normal,Warning,92.58160237388724,37.12908011869436,92.58,"OCH power is outside normal distribution. Check channel equalization, amplifier tilt and wavelength-specific power drift."
44|/TO_WEST_OCM|11|194400,44,/TO_WEST_OCM,11,194400,163,2000-01-08 13:00:00,2000-01-15 07:00:00,1.7280919785153375,1.732143781,1.57436512,1.875671123,0.05849944316118771,0.3013060030000001,1.687163609,Normal,Warning,Warning,35.53412462908012,92.50741839762611,92.51,"OCH power is outside normal distribution. Check channel equalization, amplifier tilt and wavelength-specific power drift."
6|/TO_EAST_OCM|4|191900,6,/TO_EAST_OCM,4,191900,344,2000-01-01 00:00:00,2000-01-15 07:00:00,6.463690096026163,8.254267262,4.233844027,8.394267262,1.952907589469095,4.160423235,4.363306345,Warning,Normal,Warning,92.50741839762611,28.635014836795246,92.51,"OCH power is outside normal distribution. Check channel equalization, amplifier tilt and wavelength-specific power drift."
51|/TO_EAST_OCM|11|193500,51,/TO_EAST_OCM,11,193500,163,2000-01-08 13:00:00,2000-01-15 07:00:00,1.9095336599386503,1.882131515,1.574843416,2.265687754,0.155696307460875,0.690844338,1.79890712,Normal,Warning,Warning,65.20771513353115,92.43323442136499,92.43,"OCH power is outside normal distribution. Check channel equalization, amplifier tilt and wavelength-specific power drift."
6|/TO_EAST_OCM|4|191700,6,/TO_EAST_OCM,4,191700,344,2000-01-01 00:00:00,2000-01-15 07:00:00,6.668844890709303,8.4356150015,4.50644689,8.643869609,1.9310157988041434,4.137422718999999,4.571036259,Warning,Normal,Warning,92.43323442136499,17.952522255192882,92.43,"OCH power is outside normal distribution. Check channel equalization, amplifier tilt and wavelength-specific power drift."
10|/D1/OA-W/IGR_OCM|4|191900,10,/D1/OA-W/IGR_OCM,4,191900,344,2000-01-01 00:00:00,2000-01-15 07:00:00,5.5361627906976745,7.2,3.36,7.49,1.873187002881972,4.130000000000001,3.55,Warning,Normal,Warning,92.35905044510386,57.90059347181009,92.36,"OCH power is outside normal distribution. Check channel equalization, amplifier tilt and wavelength-specific power drift."
47|/TO_EAST_OCM|11|194400,47,/TO_EAST_OCM,11,194400,163,2000-01-08 13:00:00,2000-01-15 07:00:00,1.8222093217668711,1.833217496,1.580442151,1.984905298,0.08437196086352014,0.40446314699999997,1.683886815,Normal,Warning,Warning,47.032640949554896,92.35905044510386,92.36,"OCH power is outside normal distribution. Check channel equalization, amplifier tilt and wavelength-specific power drift."
28|/TO_WEST_OCM|11|193800,28,/TO_WEST_OCM,11,193800,163,2000-01-08 13:00:00,2000-01-15 07:00:00,2.508124380595092,2.461424274,1.583769749,3.709972033,0.6310629281647345,2.126202284,3.221424274,Normal,Warning,Warning,89.54005934718101,92.28486646884274,92.28,"OCH power is outside normal distribution. Check channel equalization, amplifier tilt and wavelength-specific power drift."
6|/TO_EAST_OCM|4|191500,6,/TO_EAST_OCM,4,191500,344,2000-01-01 00:00:00,2000-01-15 07:00:00,6.5355481358750005,8.326864299,4.358298279,8.479390617,1.9475916605003887,4.1210923379999995,4.414585778,Warning,Normal,Warning,92.28486646884274,24.925816023738868,92.28,"OCH power is outside normal distribution. Check channel equalization, amplifier tilt and wavelength-specific power drift."
10|/D1/OA-W/IGR_OCM|4|191500,10,/D1/OA-W/IGR_OCM,4,191500,344,2000-01-01 00:00:00,2000-01-15 07:00:00,5.675581395348837,7.305,3.51,7.63,1.8539838782364668,4.12,3.63,Warning,Normal,Warning,92.2106824925816,52.74480712166172,92.21,"OCH power is outside normal distribution. Check channel equalization, amplifier tilt and wavelength-specific power drift."
32|/TO_WEST_OCM|11|193800,32,/TO_WEST_OCM,11,193800,163,2000-01-08 13:00:00,2000-01-15 07:00:00,2.573180821417178,2.516476925,1.596476925,3.454858381,0.6373617825348592,1.8583814560000003,3.211723861,Normal,Warning,Warning,85.53412462908013,92.2106824925816,92.21,"OCH power is outside normal distribution. Check channel equalization, amplifier tilt and wavelength-specific power drift."
10|/D1/OA-W/IGR_OCM|4|191700,10,/D1/OA-W/IGR_OCM,4,191700,344,2000-01-01 00:00:00,2000-01-15 07:00:00,5.665494186046512,7.27,3.51,7.62,1.8188144634470653,4.11,3.79,Warning,Normal,Warning,92.13649851632047,52.74480712166172,92.14,"OCH power is outside normal distribution. Check channel equalization, amplifier tilt and wavelength-specific power drift."
38|/TO_EAST_OCM|11|193300,38,/TO_EAST_OCM,11,193300,163,2000-01-08 13:00:00,2000-01-15 07:00:00,2.206619331042945,2.2679714,1.603735559,2.553735559,0.21137541274341168,0.9500000000000002,2.29992067,Normal,Warning,Warning,74.33234421364985,92.13649851632047,92.14,"OCH power is outside normal distribution. Check channel equalization, amplifier tilt and wavelength-specific power drift."
52|/TO_EAST_OCM|11|192600,52,/TO_EAST_OCM,11,192600,163,2000-01-08 13:00:00,2000-01-15 07:00:00,1.8854975813742332,1.854387504,1.618595405,2.255079459,0.153259539077828,0.6364840540000001,1.751583708,Normal,Warning,Warning,62.31454005934718,92.06231454005935,92.06,"OCH power is outside normal distribution. Check channel equalization, amplifier tilt and wavelength-specific power drift."
9|/TO_EAST_OCM|4|191700,9,/TO_EAST_OCM,4,191700,344,2000-01-01 00:00:00,2000-01-15 07:00:00,6.467281271686047,8.089711749500001,4.382863539,8.483869609,1.832954371894427,4.1010060699999995,4.467360394,Warning,Normal,Warning,92.06231454005935,23.590504451038573,92.06,"OCH power is outside normal distribution. Check channel equalization, amplifier tilt and wavelength-specific power drift."
10|/D2/OA-W/EGR_OCM|4|191500,10,/D2/OA-W/EGR_OCM,4,191500,344,2000-01-01 00:00:00,2000-01-15 07:00:00,6.457005813953488,8.015,4.33,8.43,1.851480233586007,4.1,4.5,Warning,Normal,Warning,91.98813056379822,25.630563798219587,91.99,"OCH power is outside normal distribution. Check channel equalization, amplifier tilt and wavelength-specific power drift."
53|/TO_EAST_OCM|11|192600,53,/TO_EAST_OCM,11,192600,163,2000-01-08 13:00:00,2000-01-15 07:00:00,2.013422160208589,1.985079459,1.624843416,2.345687754,0.16096915679943571,0.720844338,1.865079459,Normal,Warning,Warning,66.76557863501483,91.98813056379822,91.99,"OCH power is outside normal distribution. Check channel equalization, amplifier tilt and wavelength-specific power drift."
26|/TO_WEST_OCM|11|192300,26,/TO_WEST_OCM,11,192300,163,2000-01-08 13:00:00,2000-01-15 07:00:00,2.5231323749202454,2.378433597,1.658433597,3.590619634,0.4912651516441025,1.932186037,3.384029077,Normal,Warning,Warning,87.01780415430267,91.91394658753708,91.91,"OCH power is outside normal distribution. Check channel equalization, amplifier tilt and wavelength-specific power drift."
4|/TO_EAST_OCM|4|191700,4,/TO_EAST_OCM,4,191700,344,2000-01-01 00:00:00,2000-01-15 07:00:00,6.954911441049418,8.7110379565,4.790306562,8.880306562,1.9224541976055494,4.09,4.853869609,Warning,Normal,Warning,91.91394658753708,10.014836795252224,91.91,"OCH power is outside normal distribution. Check channel equalization, amplifier tilt and wavelength-specific power drift."
48|/TO_EAST_OCM|11|194400,48,/TO_EAST_OCM,11,194400,163,2000-01-08 13:00:00,2000-01-15 07:00:00,1.92442032798773,1.9379714,1.666989041,2.090358363,0.08919945618412031,0.4233693220000001,1.768068953,Normal,Warning,Warning,49.03560830860534,91.83976261127597,91.84,"OCH power is outside normal distribution. Check channel equalization, amplifier tilt and wavelength-specific power drift."
4|/TO_EAST_OCM|4|191500,4,/TO_EAST_OCM,4,191500,344,2000-01-01 00:00:00,2000-01-15 07:00:00,6.933482198968023,8.696882323499999,4.790848614,8.839220119,1.9215559906176392,4.048371505,4.832742355,Warning,Normal,Warning,91.83976261127597,9.940652818991103,91.84,"OCH power is outside normal distribution. Check channel equalization, amplifier tilt and wavelength-specific power drift."
20|/TO_EAST_OCM|11|196100,20,/TO_EAST_OCM,11,196100,163,2000-01-08 13:00:00,2000-01-15 07:00:00,1.8391411042944787,1.85,1.67,1.92,0.06073011306873116,0.25,1.69,Normal,Warning,Warning,26.03857566765579,91.76557863501483,91.77,"OCH power is outside normal distribution. Check channel equalization, amplifier tilt and wavelength-specific power drift."
9|/TO_EAST_OCM|4|191500,9,/TO_EAST_OCM,4,191500,344,2000-01-01 00:00:00,2000-01-15 07:00:00,6.4145083249011625,8.0729204615,4.327388158,8.357264108,1.8547819518229738,4.029875950000001,4.49956914,Warning,Normal,Warning,91.76557863501483,25.816023738872406,91.77,"OCH power is outside normal distribution. Check channel equalization, amplifier tilt and wavelength-specific power drift."
44|/TO_WEST_OCM|11|192600,44,/TO_WEST_OCM,11,192600,163,2000-01-08 13:00:00,2000-01-15 07:00:00,1.8215149408220859,1.819666207,1.672131515,1.979264091,0.06257520763959448,0.3071325759999999,1.699666207,Normal,Warning,Warning,36.12759643916914,91.69139465875371,91.69,"OCH power is outside normal distribution. Check channel equalization, amplifier tilt and wavelength-specific power drift."
8|/TO_EAST_OCM|4|191500,8,/TO_EAST_OCM,4,191500,344,2000-01-01 00:00:00,2000-01-15 07:00:00,6.169038102840116,7.878925233,4.06248613,8.084384488,1.8844263039225573,4.021898358,4.141595913,Warning,Normal,Warning,91.69139465875371,34.940652818991104,91.69,"OCH power is outside normal distribution. Check channel equalization, amplifier tilt and wavelength-specific power drift."
37|/TO_WEST_OCM|11|192300,37,/TO_WEST_OCM,11,192300,163,2000-01-08 13:00:00,2000-01-15 07:00:00,2.5074096651472395,2.478433597,1.67739785,3.562245351,0.5185758376330499,1.884847501,3.502245351,Normal,Warning,Warning,86.35014836795251,91.61721068249258,91.62,"OCH power is outside normal distribution. Check channel equalization, amplifier tilt and wavelength-specific power drift."
8|/TO_EAST_OCM|4|191700,8,/TO_EAST_OCM,4,191700,344,2000-01-01 00:00:00,2000-01-15 07:00:00,6.1162992230145345,7.79871571,4.012863539,8.015532903,1.8654692616337574,4.002669364000001,4.06825725,Warning,Normal,Warning,91.61721068249258,36.275964391691396,91.62,"OCH power is outside normal distribution. Check channel equalization, amplifier tilt and wavelength-specific power drift."
10|/D2/OA-W/EGR_OCM|4|191900,10,/D2/OA-W/EGR_OCM,4,191900,344,2000-01-01 00:00:00,2000-01-15 07:00:00,6.254854651162791,7.75,4.23,8.12,1.7196787556238242,3.889999999999999,4.34,Warning,Normal,Warning,91.54302670623146,28.8946587537092,91.54,"OCH power is outside normal distribution. Check channel equalization, amplifier tilt and wavelength-specific power drift."
30|/TO_WEST_OCM|11|193100,30,/TO_WEST_OCM,11,193100,163,2000-01-08 13:00:00,2000-01-15 07:00:00,2.2063812383067485,2.158058645,1.684507159,2.77165487,0.28229935156476804,1.0871477109999999,2.721957607,Normal,Warning,Warning,78.04154302670622,91.54302670623146,91.54,"OCH power is outside normal distribution. Check channel equalization, amplifier tilt and wavelength-specific power drift."
11|/TO_EAST_OCM|4|191700,11,/TO_EAST_OCM,4,191700,344,2000-01-01 00:00:00,2000-01-15 07:00:00,6.86286753630814,8.3419498985,4.848958406,8.663708847,1.696762512413767,3.814750441,4.960249479,Warning,Normal,Warning,91.46884272997032,8.67952522255193,91.47,"OCH power is outside normal distribution. Check channel equalization, amplifier tilt and wavelength-specific power drift."
19|/D2/OA-W/IGR_OCM|11|193100,19,/D2/OA-W/IGR_OCM,11,193100,163,2000-01-08 13:00:00,2000-01-15 07:00:00,2.601472392638037,2.51,1.69,3.65,0.45378821558464827,1.96,3.5,Normal,Warning,Warning,87.68545994065282,91.46884272997032,91.47,"OCH power is outside normal distribution. Check channel equalization, amplifier tilt and wavelength-specific power drift."
10|/D2/OA-W/EGR_OCM|4|191700,10,/D2/OA-W/EGR_OCM,4,191700,344,2000-01-01 00:00:00,2000-01-15 07:00:00,6.41625,7.8149999999999995,4.47,8.27,1.6395105777037027,3.8,4.7,Warning,Normal,Warning,91.3946587537092,19.69584569732937,91.39,"OCH power is outside normal distribution. Check channel equalization, amplifier tilt and wavelength-specific power drift."
38|/TO_EAST_OCM|11|194400,38,/TO_EAST_OCM,11,194400,163,2000-01-08 13:00:00,2000-01-15 07:00:00,2.344757446588957,2.42703648,1.69992067,2.560067891,0.21721536830709723,0.8601472210000001,2.318358706,Normal,Warning,Warning,70.6973293768546,91.3946587537092,91.39,"OCH power is outside normal distribution. Check channel equalization, amplifier tilt and wavelength-specific power drift."
33|/TO_WEST_OCM|11|193500,33,/TO_WEST_OCM,11,193500,163,2000-01-08 13:00:00,2000-01-15 07:00:00,2.5152147239263805,2.38,1.7,3.64,0.52443424828049,1.9400000000000002,3.57,Normal,Warning,Warning,87.24035608308606,91.28338278931751,91.28,"OCH power is outside normal distribution. Check channel equalization, amplifier tilt and wavelength-specific power drift."
44|/TO_WEST_OCM|11|193800,44,/TO_WEST_OCM,11,193800,163,2000-01-08 13:00:00,2000-01-15 07:00:00,1.857021365018405,1.856125474,1.708358706,2.03703648,0.06440554075899559,0.32867777399999976,1.890650377,Normal,Warning,Warning,39.16913946587537,91.17210682492582,91.17,"OCH power is outside normal distribution. Check channel equalization, amplifier tilt and wavelength-specific power drift."
7|/TO_WEST_OCM|4|191400,7,/TO_WEST_OCM,4,191400,344,2000-01-01 00:00:00,2000-01-15 07:00:00,2.8300290697674417,2.26,1.71,4.21,0.8828398051750179,2.5,3.67,Warning,Warning,Warning,90.50445103857567,91.0979228486647,91.1,"OCH power is outside normal distribution. Check channel equalization, amplifier tilt and wavelength-specific power drift."
4|/TO_WEST_OCM|4|191900,4,/TO_WEST_OCM,4,191900,344,2000-01-01 00:00:00,2000-01-15 07:00:00,2.372701204020349,2.362033375,1.712082957,3.952547643,0.3092158709115958,2.240464686,2.441917293,Normal,Warning,Warning,89.98516320474778,91.02373887240356,91.02,"OCH power is outside normal distribution. Check channel equalization, amplifier tilt and wavelength-specific power drift."
44|/TO_WEST_OCM|11|191400,44,/TO_WEST_OCM,11,191400,163,2000-01-08 13:00:00,2000-01-15 07:00:00,1.8808777550184048,1.878424441,1.725594476,2.105594476,0.07498677251412271,0.3799999999999999,1.825594476,Normal,Warning,Warning,44.65875370919881,90.94955489614243,90.95,"OCH power is outside normal distribution. Check channel equalization, amplifier tilt and wavelength-specific power drift."
5|/TO_WEST_OCM|4|191700,5,/TO_WEST_OCM,4,191700,344,2000-01-01 00:00:00,2000-01-15 07:00:00,3.6213588914244186,3.2198943565,1.782861813,4.821888223,0.7353250498438324,3.03902641,4.527941674,Warning,Warning,Warning,90.8753709198813,90.43026706231454,90.88,"OCH power is outside normal distribution. Check channel equalization, amplifier tilt and wavelength-specific power drift."
22|/TO_WEST_OCM|11|196100,22,/TO_WEST_OCM,11,196100,163,2000-01-08 13:00:00,2000-01-15 07:00:00,2.1364417177914112,2.11,1.73,2.65,0.19856485391892997,0.9199999999999999,2.16,Normal,Warning,Warning,73.07121661721068,90.83827893175074,90.84,"OCH power is outside normal distribution. Check channel equalization, amplifier tilt and wavelength-specific power drift."
7|/TO_WEST_OCM|4|191600,7,/TO_WEST_OCM,4,191600,344,2000-01-01 00:00:00,2000-01-15 07:00:00,2.8233720930232558,2.385,1.73,4.04,0.7599150028657453,2.31,3.7,Warning,Warning,Warning,90.13353115727003,90.83827893175074,90.84,"OCH power is outside normal distribution. Check channel equalization, amplifier tilt and wavelength-specific power drift."
48|/TO_EAST_OCM|11|193300,48,/TO_EAST_OCM,11,193300,163,2000-01-08 13:00:00,2000-01-15 07:00:00,2.0194528237423315,1.9842917,1.774858381,2.278594295,0.13556184570226512,0.503735914,1.958594295,Normal,Warning,Warning,54.89614243323442,90.72700296735906,90.73,"OCH power is outside normal distribution. Check channel equalization, amplifier tilt and wavelength-specific power drift."
7|/TO_WEST_OCM|4|191700,7,/TO_WEST_OCM,4,191700,344,2000-01-01 00:00:00,2000-01-15 07:00:00,3.0523546511627906,2.4850000000000003,1.81,4.44,0.9091254130828139,2.6300000000000003,3.66,Warning,Warning,Warning,90.72700296735906,90.31899109792285,90.73,"OCH power is outside normal distribution. Check channel equalization, amplifier tilt and wavelength-specific power drift."
37|/TO_EAST_OCM|11|193500,37,/TO_EAST_OCM,11,193500,163,2000-01-08 13:00:00,2000-01-15 07:00:00,2.391446242576687,2.455687754,1.776939059,2.705687754,0.20775829887714467,0.9287486949999999,2.485360942,Normal,Warning,Warning,73.29376854599407,90.65281899109793,90.65,"OCH power is outside normal distribution. Check channel equalization, amplifier tilt and wavelength-specific power drift."
5|/TO_WEST_OCM|4|191500,5,/TO_WEST_OCM,4,191500,344,2000-01-01 00:00:00,2000-01-15 07:00:00,3.494226413436047,3.378428069,1.842829065,4.425532903,0.520354893951352,2.5827038379999996,3.93853009,Warning,Normal,Warning,90.65281899109793,89.83679525222553,90.65,"OCH power is outside normal distribution. Check channel equalization, amplifier tilt and wavelength-specific power drift."
52|/TO_WEST_OCM|11|196100,52,/TO_WEST_OCM,11,196100,163,2000-01-08 13:00:00,2000-01-15 07:00:00,1.936564417177914,1.93,1.78,2.06,0.05301269785112347,0.28,1.78,Normal,Warning,Warning,31.824925816023743,90.57863501483679,90.58,"OCH power is outside normal distribution. Check channel equalization, amplifier tilt and wavelength-specific power drift."
48|/TO_EAST_OCM|11|193500,48,/TO_EAST_OCM,11,193500,163,2000-01-08 13:00:00,2000-01-15 07:00:00,2.0622509974294476,2.039666207,1.78183491,2.338595405,0.1389760383476374,0.556760495,2.019264091,Normal,Warning,Warning,57.93768545994066,90.50445103857567,90.5,"OCH power is outside normal distribution. Check channel equalization, amplifier tilt and wavelength-specific power drift."
6|/TO_WEST_OCM|4|191700,6,/TO_WEST_OCM,4,191700,344,2000-01-01 00:00:00,2000-01-15 07:00:00,3.1560970122470935,2.6568766860000004,2.06248613,4.555656194,0.8220503787504968,2.493170064,4.147684719,Warning,Normal,Warning,90.43026706231454,86.64688427299703,90.43,"OCH power is outside normal distribution. Check channel equalization, amplifier tilt and wavelength-specific power drift."
19|/D2/OA-W/IGR_OCM|11|192400,19,/D2/OA-W/IGR_OCM,11,192400,163,2000-01-08 13:00:00,2000-01-15 07:00:00,2.6925766871165644,2.62,1.81,3.81,0.4942828561889337,2.0,3.81,Normal,Warning,Warning,88.64985163204749,90.31899109792285,90.32,"OCH power is outside normal distribution. Check channel equalization, amplifier tilt and wavelength-specific power drift."
9|/TO_WEST_OCM|4|191900,9,/TO_WEST_OCM,4,191900,344,2000-01-01 00:00:00,2000-01-15 07:00:00,4.76437840759593,4.9341812635,3.201980092,5.533948108,0.4606384728385296,2.331968016,4.4047312,Warning,Normal,Warning,90.28189910979229,62.53709198813057,90.28,"OCH power is outside normal distribution. Check channel equalization, amplifier tilt and wavelength-specific power drift."
25|/TO_WEST_OCM|11|193800,25,/TO_WEST_OCM,11,193800,163,2000-01-08 13:00:00,2000-01-15 07:00:00,3.8927864191411046,3.835360941,2.935079459,5.252242243,0.6033053480497609,2.3171627840000006,4.549666207,Warning,Normal,Warning,90.20771513353115,70.32640949554896,90.21,"OCH power is outside normal distribution. Check channel equalization, amplifier tilt and wavelength-specific power drift."
51|/TO_EAST_OCM|11|192000,51,/TO_EAST_OCM,11,192000,163,2000-01-08 13:00:00,2000-01-15 07:00:00,2.155300537969325,2.124843416,1.814508091,2.491583708,0.17054632979878553,0.6770756169999999,2.025360942,Normal,Warning,Warning,64.39169139465875,90.20771513353117,90.21,"OCH power is outside normal distribution. Check channel equalization, amplifier tilt and wavelength-specific power drift."
25|/TO_EAST_OCM|11|196100,25,/TO_EAST_OCM,11,196100,163,2000-01-08 13:00:00,2000-01-15 07:00:00,2.0571779141104294,2.06,1.82,2.26,0.08192520830682104,0.4399999999999997,1.84,Normal,Warning,Warning,50.22255192878339,90.13353115727003,90.13,"OCH power is outside normal distribution. Check channel equalization, amplifier tilt and wavelength-specific power drift."
23|/TO_WEST_OCM|11|193500,23,/TO_WEST_OCM,11,193500,163,2000-01-08 13:00:00,2000-01-15 07:00:00,2.6274589735337424,2.48992067,1.827446074,3.747570105,0.49164673145265053,1.9201240309999998,3.738358706,Normal,Warning,Warning,86.72106824925817,90.0593471810089,90.06,"OCH power is outside normal distribution. Check channel equalization, amplifier tilt and wavelength-specific power drift."
7|/TO_WEST_OCM|4|191800,7,/TO_WEST_OCM,4,191800,344,2000-01-01 00:00:00,2000-01-15 07:00:00,2.9868023255813956,2.62,1.88,4.18,0.7446506656628513,2.3,3.97,Warning,Normal,Warning,90.0593471810089,89.2433234421365,90.06,"OCH power is outside normal distribution. Check channel equalization, amplifier tilt and wavelength-specific power drift."
37|/TO_EAST_OCM|11|193800,37,/TO_EAST_OCM,11,193800,163,2000-01-08 13:00:00,2000-01-15 07:00:00,2.4888091169202453,2.567744056,1.831848068,2.781012579,0.2334911043358059,0.949164511,2.561414638,Normal,Warning,Warning,74.10979228486647,89.98516320474778,89.99,"OCH power is outside normal distribution. Check channel equalization, amplifier tilt and wavelength-specific power drift."
